Country,ISO2,ISO3,Indicator,Unit,Source,CTS Code,CTS Name,CTS Full Descriptor,Industry,Gas Type,Scale,1970,1971,1972,1973,1974,1975,1976,1977,1978,1979,1980,1981,1982,1983,1984,1985,1986,1987,1988,1989,1990,1991,1992,1993,1994,1995,1996,1997,1998,1999,2000,2001,2002,2003,2004,2005,2006,2007,2008,2009,2010,2011,2012,2013,2014,2015,2016,2017,2018,2019,2020,2021,2022,2023,2024,2025,2026,2027,2028,2029,2030
Kuwait,KW,KWT,Annual Net Emissions/Removals,Million metric tons of CO2 equivalent,"United Nations Framework Convention on Climate Change (UNFCCC). 2022. Greenhouse Gas Inventory Data - Detailed data by Party - Annex I. https://di.unfccc.int/detailed_data_by_party. Copyright 2022 United Nations Framework Convention on Climate Change; EDGARv7.0, Crippa, M., Guizzardi, D., Banja, M., Solazzo, E., Muntean, M., Schaaf, E., Pagani, F., Monforti-Ferrario, F., Olivier, J., Quadrelli, R., Risquez Martin, A., Taghavi-Moharamli, P., Grassi, G., Rossi, S., Jacome Felix Oom, D., Branco, A., San-Miguel-Ayanz, J. and Vignati, E., CO2 emissions of all world countries - 2022 Report, EUR 31182 EN, Publications Office of the European Union, Luxembourg, 2022, doi:10.2760/730164, JRC130363;  Food and Agriculture Organization of the United Nations (FAO). FAOSTAT Climate Change, Emissions, Emission Totals. License: CC BY-NC-SA 3.0 IGO. Extracted from: https://www.fao.org/faostat/en/#data/GT. IMF staff calculations.",ECNGDR,Annual Net Emissions/Removals,"Environment, Climate Change, Greenhouse Gas Emissions, National GHG Emissions Inventories and Implied National Mitigation (Nationally Determined Contributions) Targets, Annual Net Emissions/Removals",1. Energy,Carbon dioxide,Units,38.44823303,40.60813913,41.03003187,36.5423833,29.65543704,25.29112307,25.46037404,25.12449087,28.95630346,33.21894501,30.78868375,29.08446893,31.69162734,34.18497451,34.9190005,38.93452348,41.74767037,44.70518816,54.36314053,63.36327698,30.50232322,10.62372328,25.48296156,32.26378456,38.34858777,37.31409849,36.75973209,38.755153,43.53844544,47.12764579,51.56216966,54.74403603,56.81418245,59.59936116,63.20445499,71.28782373,73.7050044,71.75373151,76.82099659,78.66711461,81.75977634,84.51651947,85.26225446,87.09075006,85.34161059,88.6241284,90.63374698,89.88172177,92.20134634,93.29120391,92.91631353,99.97580602,102.7918842,104.854965,,,,,,,
Kuwait,KW,KWT,Annual Net Emissions/Removals,Million metric tons of CO2 equivalent,"United Nations Framework Convention on Climate Change (UNFCCC). 2022. Greenhouse Gas Inventory Data - Detailed data by Party - Annex I. https://di.unfccc.int/detailed_data_by_party. Copyright 2022 United Nations Framework Convention on Climate Change; EDGARv7.0, Crippa, M., Guizzardi, D., Banja, M., Solazzo, E., Muntean, M., Schaaf, E., Pagani, F., Monforti-Ferrario, F., Olivier, J., Quadrelli, R., Risquez Martin, A., Taghavi-Moharamli, P., Grassi, G., Rossi, S., Jacome Felix Oom, D., Branco, A., San-Miguel-Ayanz, J. and Vignati, E., CO2 emissions of all world countries - 2022 Report, EUR 31182 EN, Publications Office of the European Union, Luxembourg, 2022, doi:10.2760/730164, JRC130363;  Food and Agriculture Organization of the United Nations (FAO). FAOSTAT Climate Change, Emissions, Emission Totals. License: CC BY-NC-SA 3.0 IGO. Extracted from: https://www.fao.org/faostat/en/#data/GT. IMF staff calculations.",ECNGDR,Annual Net Emissions/Removals,"Environment, Climate Change, Greenhouse Gas Emissions, National GHG Emissions Inventories and Implied National Mitigation (Nationally Determined Contributions) Targets, Annual Net Emissions/Removals",1. Energy,Greenhouse gas,Units,78.05949907,80.22771894,83.69867658,75.7783477,62.84165906,52.58521208,53.37906797,50.77901863,57.05810213,66.62940014,53.30008714,44.47416843,43.07878026,48.77371949,50.91930606,53.38513651,59.47534656,64.17020266,74.70105403,87.64041212,44.67344684,13.20183601,39.95100872,57.65330444,65.89444423,63.04444928,63.48627612,67.79325092,68.84797263,70.50405065,78.12139062,79.42327337,81.38868857,90.52545067,94.11778285,104.6243825,107.26392,102.7737657,106.5407706,104.6406917,107.6637449,113.6422221,116.9710441,118.2393952,115.8772192,119.2788626,122.3673067,119.2809912,122.051778,122.5305909,119.8345504,126.7167978,132.5325515,133.5689448,,,,,,,
Kuwait,KW,KWT,Annual Net Emissions/Removals,Million metric tons of CO2 equivalent,"United Nations Framework Convention on Climate Change (UNFCCC). 2022. Greenhouse Gas Inventory Data - Detailed data by Party - Annex I. https://di.unfccc.int/detailed_data_by_party. Copyright 2022 United Nations Framework Convention on Climate Change; EDGARv7.0, Crippa, M., Guizzardi, D., Banja, M., Solazzo, E., Muntean, M., Schaaf, E., Pagani, F., Monforti-Ferrario, F., Olivier, J., Quadrelli, R., Risquez Martin, A., Taghavi-Moharamli, P., Grassi, G., Rossi, S., Jacome Felix Oom, D., Branco, A., San-Miguel-Ayanz, J. and Vignati, E., CO2 emissions of all world countries - 2022 Report, EUR 31182 EN, Publications Office of the European Union, Luxembourg, 2022, doi:10.2760/730164, JRC130363;  Food and Agriculture Organization of the United Nations (FAO). FAOSTAT Climate Change, Emissions, Emission Totals. License: CC BY-NC-SA 3.0 IGO. Extracted from: https://www.fao.org/faostat/en/#data/GT. IMF staff calculations.",ECNGDR,Annual Net Emissions/Removals,"Environment, Climate Change, Greenhouse Gas Emissions, National GHG Emissions Inventories and Implied National Mitigation (Nationally Determined Contributions) Targets, Annual Net Emissions/Removals",1. Energy,Methane,Units,39.49155266,39.49187622,42.54128478,39.12731388,33.10262154,27.22466077,27.85131034,25.59025863,28.02324054,33.33075319,22.41986658,15.28599535,11.2614291,14.45674163,15.89053199,14.31216657,17.58923994,19.32565094,20.17588523,24.08258823,14.10287171,2.541972883,14.39511981,25.31068788,27.43983463,25.60825081,26.58128412,28.85241692,25.1098607,23.15784197,26.40715238,24.51968414,24.40593623,30.75087169,30.72989031,33.14239114,33.35699716,30.81882565,29.51348984,25.76096544,25.67649127,28.90590849,31.49550473,30.91925081,30.31297903,30.43968613,31.50963252,29.17066417,29.61283696,29.00164492,26.69808086,26.49305128,29.50061975,28.47465067,,,,,,,
Kuwait,KW,KWT,Annual Net Emissions/Removals,Million metric tons of CO2 equivalent,"United Nations Framework Convention on Climate Change (UNFCCC). 2022. Greenhouse Gas Inventory Data - Detailed data by Party - Annex I. https://di.unfccc.int/detailed_data_by_party. Copyright 2022 United Nations Framework Convention on Climate Change; EDGARv7.0, Crippa, M., Guizzardi, D., Banja, M., Solazzo, E., Muntean, M., Schaaf, E., Pagani, F., Monforti-Ferrario, F., Olivier, J., Quadrelli, R., Risquez Martin, A., Taghavi-Moharamli, P., Grassi, G., Rossi, S., Jacome Felix Oom, D., Branco, A., San-Miguel-Ayanz, J. and Vignati, E., CO2 emissions of all world countries - 2022 Report, EUR 31182 EN, Publications Office of the European Union, Luxembourg, 2022, doi:10.2760/730164, JRC130363;  Food and Agriculture Organization of the United Nations (FAO). FAOSTAT Climate Change, Emissions, Emission Totals. License: CC BY-NC-SA 3.0 IGO. Extracted from: https://www.fao.org/faostat/en/#data/GT. IMF staff calculations.",ECNGDR,Annual Net Emissions/Removals,"Environment, Climate Change, Greenhouse Gas Emissions, National GHG Emissions Inventories and Implied National Mitigation (Nationally Determined Contributions) Targets, Annual Net Emissions/Removals",1. Energy,Nitrous oxide,Units,0.119713383,0.127703593,0.127359928,0.10865052,0.083600483,0.069428238,0.067383581,0.064269135,0.078558131,0.079701944,0.091536809,0.10370414,0.125723827,0.132003349,0.109773561,0.138446469,0.138436251,0.139363564,0.162028266,0.194546911,0.068251913,0.036139846,0.072927352,0.078832008,0.106021838,0.122099975,0.145259908,0.185681006,0.199666495,0.218562889,0.152068583,0.159553203,0.168569884,0.175217824,0.183437549,0.194167669,0.201918411,0.201208489,0.20628419,0.212611616,0.22747726,0.219794103,0.213284894,0.229394344,0.2226296,0.215048051,0.223927224,0.228605217,0.237594688,0.237742124,0.220155985,0.247940512,0.240047482,0.239329115,,,,,,,
Kuwait,KW,KWT,Annual Net Emissions/Removals,Million metric tons of CO2 equivalent,"United Nations Framework Convention on Climate Change (UNFCCC). 2022. Greenhouse Gas Inventory Data - Detailed data by Party - Annex I. https://di.unfccc.int/detailed_data_by_party. Copyright 2022 United Nations Framework Convention on Climate Change; EDGARv7.0, Crippa, M., Guizzardi, D., Banja, M., Solazzo, E., Muntean, M., Schaaf, E., Pagani, F., Monforti-Ferrario, F., Olivier, J., Quadrelli, R., Risquez Martin, A., Taghavi-Moharamli, P., Grassi, G., Rossi, S., Jacome Felix Oom, D., Branco, A., San-Miguel-Ayanz, J. and Vignati, E., CO2 emissions of all world countries - 2022 Report, EUR 31182 EN, Publications Office of the European Union, Luxembourg, 2022, doi:10.2760/730164, JRC130363;  Food and Agriculture Organization of the United Nations (FAO). FAOSTAT Climate Change, Emissions, Emission Totals. License: CC BY-NC-SA 3.0 IGO. Extracted from: https://www.fao.org/faostat/en/#data/GT. IMF staff calculations.",ECNGDR,Annual Net Emissions/Removals,"Environment, Climate Change, Greenhouse Gas Emissions, National GHG Emissions Inventories and Implied National Mitigation (Nationally Determined Contributions) Targets, Annual Net Emissions/Removals",1.A. Fuel Combustion Activities,Carbon dioxide,Units,14.02798501,14.02798501,15.44508635,16.24610396,15.69975731,15.07940274,16.43876518,18.06762559,19.94920071,25.55470046,26.3413164,26.6677299,30.13631645,32.22690036,32.86060499,36.49743283,39.9460707,42.87984247,52.04653183,60.54123164,27.565518,7.536999377,21.86609858,28.13016236,32.410674,32.09024634,31.21678964,32.33339816,38.42946535,42.24254371,45.77883017,49.65274548,51.54610157,52.93266593,56.75184873,64.75002259,67.3090135,65.9691169,71.59463845,73.93649011,77.13987573,79.97414073,82.30881982,83.8290653,81.87522609,86.17502392,87.73291935,87.66056507,89.81500296,91.19614223,90.86475555,98.05279075,100.987256,102.9280798,,,,,,,
Kuwait,KW,KWT,Annual Net Emissions/Removals,Million metric tons of CO2 equivalent,"United Nations Framework Convention on Climate Change (UNFCCC). 2022. Greenhouse Gas Inventory Data - Detailed data by Party - Annex I. https://di.unfccc.int/detailed_data_by_party. Copyright 2022 United Nations Framework Convention on Climate Change; EDGARv7.0, Crippa, M., Guizzardi, D., Banja, M., Solazzo, E., Muntean, M., Schaaf, E., Pagani, F., Monforti-Ferrario, F., Olivier, J., Quadrelli, R., Risquez Martin, A., Taghavi-Moharamli, P., Grassi, G., Rossi, S., Jacome Felix Oom, D., Branco, A., San-Miguel-Ayanz, J. and Vignati, E., CO2 emissions of all world countries - 2022 Report, EUR 31182 EN, Publications Office of the European Union, Luxembourg, 2022, doi:10.2760/730164, JRC130363;  Food and Agriculture Organization of the United Nations (FAO). FAOSTAT Climate Change, Emissions, Emission Totals. License: CC BY-NC-SA 3.0 IGO. Extracted from: https://www.fao.org/faostat/en/#data/GT. IMF staff calculations.",ECNGDR,Annual Net Emissions/Removals,"Environment, Climate Change, Greenhouse Gas Emissions, National GHG Emissions Inventories and Implied National Mitigation (Nationally Determined Contributions) Targets, Annual Net Emissions/Removals",1.A. Fuel Combustion Activities,Greenhouse gas,Units,14.09144062,14.09146186,15.5132656,16.32156592,15.76860413,15.14740213,16.51151845,18.14777009,20.04288007,25.66410958,26.48333683,26.83462138,30.33700933,32.43433056,33.04671963,36.71798216,40.17460305,43.11730085,52.32302125,60.8635688,27.67911825,7.591544458,21.98855938,28.26370466,32.57067784,32.27103711,31.41848897,32.57347817,38.69421284,42.53169944,45.99723207,49.88455077,51.78895422,53.17469038,57.00719237,65.02278926,67.59031631,66.25183195,71.88951698,74.24483384,77.47093854,80.2999602,82.63542289,84.17422436,82.21480967,86.51520856,88.08346587,88.02040468,90.18854072,91.57358807,91.21654072,98.44778055,101.3770367,103.3191361,,,,,,,
Kuwait,KW,KWT,Annual Net Emissions/Removals,Million metric tons of CO2 equivalent,"United Nations Framework Convention on Climate Change (UNFCCC). 2022. Greenhouse Gas Inventory Data - Detailed data by Party - Annex I. https://di.unfccc.int/detailed_data_by_party. Copyright 2022 United Nations Framework Convention on Climate Change; EDGARv7.0, Crippa, M., Guizzardi, D., Banja, M., Solazzo, E., Muntean, M., Schaaf, E., Pagani, F., Monforti-Ferrario, F., Olivier, J., Quadrelli, R., Risquez Martin, A., Taghavi-Moharamli, P., Grassi, G., Rossi, S., Jacome Felix Oom, D., Branco, A., San-Miguel-Ayanz, J. and Vignati, E., CO2 emissions of all world countries - 2022 Report, EUR 31182 EN, Publications Office of the European Union, Luxembourg, 2022, doi:10.2760/730164, JRC130363;  Food and Agriculture Organization of the United Nations (FAO). FAOSTAT Climate Change, Emissions, Emission Totals. License: CC BY-NC-SA 3.0 IGO. Extracted from: https://www.fao.org/faostat/en/#data/GT. IMF staff calculations.",ECNGDR,Annual Net Emissions/Removals,"Environment, Climate Change, Greenhouse Gas Emissions, National GHG Emissions Inventories and Implied National Mitigation (Nationally Determined Contributions) Targets, Annual Net Emissions/Removals",1.A. Fuel Combustion Activities,Methane,Units,0.038391667,0.03827883,0.040154944,0.046396038,0.040870788,0.039703468,0.042261351,0.045279222,0.051982067,0.062414753,0.069890492,0.074166369,0.082222473,0.084597354,0.086111058,0.093046968,0.098844029,0.107112608,0.125708099,0.141424474,0.05774426,0.029982723,0.064758358,0.073419878,0.079502665,0.081625851,0.080544551,0.081694546,0.087685699,0.092038278,0.091272662,0.094591502,0.096874302,0.095189365,0.099875641,0.107416256,0.107826564,0.107582188,0.112857626,0.117380598,0.124944595,0.127779036,0.129932979,0.133382967,0.135205942,0.139689173,0.143008989,0.144684834,0.150065033,0.152651476,0.143960485,0.158867486,0.16166793,0.163884738,,,,,,,
Kuwait,KW,KWT,Annual Net Emissions/Removals,Million metric tons of CO2 equivalent,"United Nations Framework Convention on Climate Change (UNFCCC). 2022. Greenhouse Gas Inventory Data - Detailed data by Party - Annex I. https://di.unfccc.int/detailed_data_by_party. Copyright 2022 United Nations Framework Convention on Climate Change; EDGARv7.0, Crippa, M., Guizzardi, D., Banja, M., Solazzo, E., Muntean, M., Schaaf, E., Pagani, F., Monforti-Ferrario, F., Olivier, J., Quadrelli, R., Risquez Martin, A., Taghavi-Moharamli, P., Grassi, G., Rossi, S., Jacome Felix Oom, D., Branco, A., San-Miguel-Ayanz, J. and Vignati, E., CO2 emissions of all world countries - 2022 Report, EUR 31182 EN, Publications Office of the European Union, Luxembourg, 2022, doi:10.2760/730164, JRC130363;  Food and Agriculture Organization of the United Nations (FAO). FAOSTAT Climate Change, Emissions, Emission Totals. License: CC BY-NC-SA 3.0 IGO. Extracted from: https://www.fao.org/faostat/en/#data/GT. IMF staff calculations.",ECNGDR,Annual Net Emissions/Removals,"Environment, Climate Change, Greenhouse Gas Emissions, National GHG Emissions Inventories and Implied National Mitigation (Nationally Determined Contributions) Targets, Annual Net Emissions/Removals",1.A. Fuel Combustion Activities,Nitrous oxide,Units,0.025063939,0.02519802,0.028024309,0.029065918,0.02797603,0.028295923,0.03049191,0.03486528,0.041697289,0.046994374,0.072129941,0.092725107,0.118470411,0.122832845,0.100003582,0.127502361,0.129688319,0.130345773,0.150781319,0.18091269,0.055855989,0.024562357,0.057702438,0.060122428,0.080501174,0.099164918,0.121154785,0.158385462,0.177061791,0.19711745,0.127129245,0.137213787,0.145978349,0.146835081,0.155468001,0.165350415,0.17347624,0.175132863,0.1820209,0.190963128,0.206118213,0.198040435,0.196670083,0.211776091,0.204377637,0.200495466,0.207537534,0.21515478,0.223472733,0.22479437,0.207824687,0.236122314,0.22811279,0.227171558,,,,,,,
Kuwait,KW,KWT,Annual Net Emissions/Removals,Million metric tons of CO2 equivalent,"United Nations Framework Convention on Climate Change (UNFCCC). 2022. Greenhouse Gas Inventory Data - Detailed data by Party - Annex I. https://di.unfccc.int/detailed_data_by_party. Copyright 2022 United Nations Framework Convention on Climate Change; EDGARv7.0, Crippa, M., Guizzardi, D., Banja, M., Solazzo, E., Muntean, M., Schaaf, E., Pagani, F., Monforti-Ferrario, F., Olivier, J., Quadrelli, R., Risquez Martin, A., Taghavi-Moharamli, P., Grassi, G., Rossi, S., Jacome Felix Oom, D., Branco, A., San-Miguel-Ayanz, J. and Vignati, E., CO2 emissions of all world countries - 2022 Report, EUR 31182 EN, Publications Office of the European Union, Luxembourg, 2022, doi:10.2760/730164, JRC130363;  Food and Agriculture Organization of the United Nations (FAO). FAOSTAT Climate Change, Emissions, Emission Totals. License: CC BY-NC-SA 3.0 IGO. Extracted from: https://www.fao.org/faostat/en/#data/GT. IMF staff calculations.",ECNGDR,Annual Net Emissions/Removals,"Environment, Climate Change, Greenhouse Gas Emissions, National GHG Emissions Inventories and Implied National Mitigation (Nationally Determined Contributions) Targets, Annual Net Emissions/Removals",1.A.1. Energy Industries,Carbon dioxide,Units,6.028677075,6.028677075,6.703220952,7.012383372,6.9568425,7.015841526,7.816975439,8.639221974,9.40853174,12.30072585,11.5912851,10.97810109,12.72281257,13.92150068,15.31065327,16.68553514,18.30827054,19.12779706,21.39606025,23.17515053,20.50231044,4.59051214,11.81285982,15.91794694,20.89988542,20.43281858,20.79068386,22.04581745,25.80128169,30.44699837,31.80964194,36.06016951,38.00791771,37.06339057,40.84568486,44.63783444,47.01822878,48.48655929,51.34799963,51.90185497,53.49074719,55.32897579,57.40656278,57.8765336,58.15879767,60.41033748,61.25259725,59.49265654,60.49918697,61.01550185,62.75034034,66.06672841,68.69445929,70.29937675,,,,,,,
Kuwait,KW,KWT,Annual Net Emissions/Removals,Million metric tons of CO2 equivalent,"United Nations Framework Convention on Climate Change (UNFCCC). 2022. Greenhouse Gas Inventory Data - Detailed data by Party - Annex I. https://di.unfccc.int/detailed_data_by_party. Copyright 2022 United Nations Framework Convention on Climate Change; EDGARv7.0, Crippa, M., Guizzardi, D., Banja, M., Solazzo, E., Muntean, M., Schaaf, E., Pagani, F., Monforti-Ferrario, F., Olivier, J., Quadrelli, R., Risquez Martin, A., Taghavi-Moharamli, P., Grassi, G., Rossi, S., Jacome Felix Oom, D., Branco, A., San-Miguel-Ayanz, J. and Vignati, E., CO2 emissions of all world countries - 2022 Report, EUR 31182 EN, Publications Office of the European Union, Luxembourg, 2022, doi:10.2760/730164, JRC130363;  Food and Agriculture Organization of the United Nations (FAO). FAOSTAT Climate Change, Emissions, Emission Totals. License: CC BY-NC-SA 3.0 IGO. Extracted from: https://www.fao.org/faostat/en/#data/GT. IMF staff calculations.",ECNGDR,Annual Net Emissions/Removals,"Environment, Climate Change, Greenhouse Gas Emissions, National GHG Emissions Inventories and Implied National Mitigation (Nationally Determined Contributions) Targets, Annual Net Emissions/Removals",1.A.1. Energy Industries,Greenhouse gas,Units,6.039507225,6.039320735,6.715442039,7.02503858,6.969835349,7.029980021,7.832848163,8.657134822,9.428274641,12.32624741,11.61705859,11.00466069,12.75632692,13.95780864,15.35092758,16.73067467,18.35646652,19.17845284,21.45314377,23.23601045,20.55433661,4.603718376,11.84200165,15.95045249,20.94509142,20.47612316,20.83261627,22.09250684,25.86285405,30.5243154,31.89240442,36.15654673,38.11206334,37.16248893,40.95502702,44.76099195,47.14649347,48.6192016,51.48863001,52.04666334,53.63684192,55.478862,57.55983268,58.03066411,58.31233894,60.56743837,61.41142297,59.64709147,60.65424819,61.16949715,62.91109738,66.23628737,68.86812883,70.4758941,,,,,,,
Kuwait,KW,KWT,Annual Net Emissions/Removals,Million metric tons of CO2 equivalent,"United Nations Framework Convention on Climate Change (UNFCCC). 2022. Greenhouse Gas Inventory Data - Detailed data by Party - Annex I. https://di.unfccc.int/detailed_data_by_party. Copyright 2022 United Nations Framework Convention on Climate Change; EDGARv7.0, Crippa, M., Guizzardi, D., Banja, M., Solazzo, E., Muntean, M., Schaaf, E., Pagani, F., Monforti-Ferrario, F., Olivier, J., Quadrelli, R., Risquez Martin, A., Taghavi-Moharamli, P., Grassi, G., Rossi, S., Jacome Felix Oom, D., Branco, A., San-Miguel-Ayanz, J. and Vignati, E., CO2 emissions of all world countries - 2022 Report, EUR 31182 EN, Publications Office of the European Union, Luxembourg, 2022, doi:10.2760/730164, JRC130363;  Food and Agriculture Organization of the United Nations (FAO). FAOSTAT Climate Change, Emissions, Emission Totals. License: CC BY-NC-SA 3.0 IGO. Extracted from: https://www.fao.org/faostat/en/#data/GT. IMF staff calculations.",ECNGDR,Annual Net Emissions/Removals,"Environment, Climate Change, Greenhouse Gas Emissions, National GHG Emissions Inventories and Implied National Mitigation (Nationally Determined Contributions) Targets, Annual Net Emissions/Removals",1.A.1. Energy Industries,Methane,Units,0.006289574,0.006103084,0.006808224,0.007140669,0.007057343,0.007193205,0.007986581,0.008796215,0.009363471,0.012540483,0.011706084,0.011455447,0.01348014,0.014835788,0.016375047,0.018022709,0.019566333,0.020308614,0.023301133,0.025300217,0.022556399,0.004850357,0.012574998,0.016736558,0.022900396,0.022336996,0.022176715,0.024990583,0.029260389,0.03472299,0.036148666,0.041065355,0.04340931,0.042434751,0.048330358,0.053069261,0.056234959,0.05891622,0.063665262,0.065001529,0.068655525,0.073301251,0.076925253,0.077125726,0.079418433,0.084315395,0.086983149,0.085108652,0.087556361,0.089891135,0.091796886,0.095497171,0.100490369,0.103002604,,,,,,,
Kuwait,KW,KWT,Annual Net Emissions/Removals,Million metric tons of CO2 equivalent,"United Nations Framework Convention on Climate Change (UNFCCC). 2022. Greenhouse Gas Inventory Data - Detailed data by Party - Annex I. https://di.unfccc.int/detailed_data_by_party. Copyright 2022 United Nations Framework Convention on Climate Change; EDGARv7.0, Crippa, M., Guizzardi, D., Banja, M., Solazzo, E., Muntean, M., Schaaf, E., Pagani, F., Monforti-Ferrario, F., Olivier, J., Quadrelli, R., Risquez Martin, A., Taghavi-Moharamli, P., Grassi, G., Rossi, S., Jacome Felix Oom, D., Branco, A., San-Miguel-Ayanz, J. and Vignati, E., CO2 emissions of all world countries - 2022 Report, EUR 31182 EN, Publications Office of the European Union, Luxembourg, 2022, doi:10.2760/730164, JRC130363;  Food and Agriculture Organization of the United Nations (FAO). FAOSTAT Climate Change, Emissions, Emission Totals. License: CC BY-NC-SA 3.0 IGO. Extracted from: https://www.fao.org/faostat/en/#data/GT. IMF staff calculations.",ECNGDR,Annual Net Emissions/Removals,"Environment, Climate Change, Greenhouse Gas Emissions, National GHG Emissions Inventories and Implied National Mitigation (Nationally Determined Contributions) Targets, Annual Net Emissions/Removals",1.A.1. Energy Industries,Nitrous oxide,Units,0.004540576,0.004540576,0.005412863,0.005514539,0.005935507,0.006945291,0.007886144,0.009116632,0.01037943,0.012981081,0.014067403,0.015104156,0.020034209,0.021472174,0.023899262,0.027116816,0.028629649,0.030347166,0.033782389,0.035559709,0.029469768,0.008355879,0.016566837,0.015768994,0.022305605,0.020967578,0.019755701,0.021698809,0.032311971,0.042594047,0.04661381,0.055311864,0.060736316,0.056663601,0.061011798,0.070088254,0.072029731,0.073726086,0.076965114,0.079806839,0.077439205,0.076584964,0.076344652,0.077004777,0.074122836,0.072785495,0.071842568,0.069326278,0.06750486,0.064104172,0.068960159,0.074061789,0.073179168,0.073514749,,,,,,,
Kuwait,KW,KWT,Annual Net Emissions/Removals,Million metric tons of CO2 equivalent,"United Nations Framework Convention on Climate Change (UNFCCC). 2022. Greenhouse Gas Inventory Data - Detailed data by Party - Annex I. https://di.unfccc.int/detailed_data_by_party. Copyright 2022 United Nations Framework Convention on Climate Change; EDGARv7.0, Crippa, M., Guizzardi, D., Banja, M., Solazzo, E., Muntean, M., Schaaf, E., Pagani, F., Monforti-Ferrario, F., Olivier, J., Quadrelli, R., Risquez Martin, A., Taghavi-Moharamli, P., Grassi, G., Rossi, S., Jacome Felix Oom, D., Branco, A., San-Miguel-Ayanz, J. and Vignati, E., CO2 emissions of all world countries - 2022 Report, EUR 31182 EN, Publications Office of the European Union, Luxembourg, 2022, doi:10.2760/730164, JRC130363;  Food and Agriculture Organization of the United Nations (FAO). FAOSTAT Climate Change, Emissions, Emission Totals. License: CC BY-NC-SA 3.0 IGO. Extracted from: https://www.fao.org/faostat/en/#data/GT. IMF staff calculations.",ECNGDR,Annual Net Emissions/Removals,"Environment, Climate Change, Greenhouse Gas Emissions, National GHG Emissions Inventories and Implied National Mitigation (Nationally Determined Contributions) Targets, Annual Net Emissions/Removals",1.A.2. Manufacturing Industries and Construction,Carbon dioxide,Units,2.689708854,2.689708854,2.934508754,3.132283043,2.964187378,2.691990512,2.895172178,3.022147364,2.975473813,4.291567478,4.380657241,4.526737622,5.428342808,5.958477332,4.956560618,6.180344656,6.613971305,5.966911121,7.97986314,10.24156938,4.05835937,0.99353386,5.255936497,7.169531503,6.182961724,6.005671725,4.668210383,4.269034377,6.465992611,5.458860176,7.614869723,7.119453472,6.667676477,8.422983784,7.994490778,11.52157861,10.5987182,7.444563643,9.187854961,9.802329171,10.492454,11.94050768,11.85109971,12.28121216,9.733792622,11.09500248,11.47307691,12.25951165,12.44068691,13.21873625,14.24554098,15.1074968,16.24945699,16.75024072,,,,,,,
Kuwait,KW,KWT,Annual Net Emissions/Removals,Million metric tons of CO2 equivalent,"United Nations Framework Convention on Climate Change (UNFCCC). 2022. Greenhouse Gas Inventory Data - Detailed data by Party - Annex I. https://di.unfccc.int/detailed_data_by_party. Copyright 2022 United Nations Framework Convention on Climate Change; EDGARv7.0, Crippa, M., Guizzardi, D., Banja, M., Solazzo, E., Muntean, M., Schaaf, E., Pagani, F., Monforti-Ferrario, F., Olivier, J., Quadrelli, R., Risquez Martin, A., Taghavi-Moharamli, P., Grassi, G., Rossi, S., Jacome Felix Oom, D., Branco, A., San-Miguel-Ayanz, J. and Vignati, E., CO2 emissions of all world countries - 2022 Report, EUR 31182 EN, Publications Office of the European Union, Luxembourg, 2022, doi:10.2760/730164, JRC130363;  Food and Agriculture Organization of the United Nations (FAO). FAOSTAT Climate Change, Emissions, Emission Totals. License: CC BY-NC-SA 3.0 IGO. Extracted from: https://www.fao.org/faostat/en/#data/GT. IMF staff calculations.",ECNGDR,Annual Net Emissions/Removals,"Environment, Climate Change, Greenhouse Gas Emissions, National GHG Emissions Inventories and Implied National Mitigation (Nationally Determined Contributions) Targets, Annual Net Emissions/Removals",1.A.2. Manufacturing Industries and Construction,Greenhouse gas,Units,2.69295867,2.69295867,2.938070437,3.13605167,2.967748274,2.695272164,2.898680837,3.025912664,2.979593635,4.296876999,4.388763497,4.537192445,5.442243016,5.973092486,4.96751446,6.195219779,6.629556478,5.981386371,7.998744947,10.2664619,4.062916587,0.994550892,5.262523507,7.177740576,6.190227174,6.012705702,4.673693278,4.274277578,6.473407136,5.465348127,7.623407764,7.12756206,6.675523891,8.433069594,8.004286199,11.53528925,10.61268006,7.455557562,9.201697613,9.818271963,10.50907464,11.95799452,11.86938087,12.29948909,9.74975769,11.11197893,11.48989491,12.27711189,12.45841053,13.23706186,14.26416256,15.12768694,16.27048368,16.77170005,,,,,,,
Kuwait,KW,KWT,Annual Net Emissions/Removals,Million metric tons of CO2 equivalent,"United Nations Framework Convention on Climate Change (UNFCCC). 2022. Greenhouse Gas Inventory Data - Detailed data by Party - Annex I. https://di.unfccc.int/detailed_data_by_party. Copyright 2022 United Nations Framework Convention on Climate Change; EDGARv7.0, Crippa, M., Guizzardi, D., Banja, M., Solazzo, E., Muntean, M., Schaaf, E., Pagani, F., Monforti-Ferrario, F., Olivier, J., Quadrelli, R., Risquez Martin, A., Taghavi-Moharamli, P., Grassi, G., Rossi, S., Jacome Felix Oom, D., Branco, A., San-Miguel-Ayanz, J. and Vignati, E., CO2 emissions of all world countries - 2022 Report, EUR 31182 EN, Publications Office of the European Union, Luxembourg, 2022, doi:10.2760/730164, JRC130363;  Food and Agriculture Organization of the United Nations (FAO). FAOSTAT Climate Change, Emissions, Emission Totals. License: CC BY-NC-SA 3.0 IGO. Extracted from: https://www.fao.org/faostat/en/#data/GT. IMF staff calculations.",ECNGDR,Annual Net Emissions/Removals,"Environment, Climate Change, Greenhouse Gas Emissions, National GHG Emissions Inventories and Implied National Mitigation (Nationally Determined Contributions) Targets, Annual Net Emissions/Removals",1.A.2. Manufacturing Industries and Construction,Methane,Units,0.001517535,0.001517535,0.001660075,0.001762858,0.001666745,0.001526817,0.001636371,0.001736389,0.001823027,0.002455471,0.003245037,0.003924614,0.005081034,0.005400595,0.004161537,0.005523546,0.005819369,0.005364089,0.007042619,0.00921989,0.002194534,0.000510132,0.003030443,0.003920389,0.003432055,0.003327282,0.002590526,0.00243201,0.00353871,0.003050292,0.00411416,0.003881144,0.003704518,0.004727184,0.004547928,0.006442691,0.006297631,0.00474983,0.005937506,0.006657462,0.007003945,0.007578068,0.007775704,0.007874336,0.006647684,0.007241573,0.007285732,0.008110733,0.008182739,0.008517206,0.008784119,0.009470277,0.009944735,0.010175827,,,,,,,
Kuwait,KW,KWT,Annual Net Emissions/Removals,Million metric tons of CO2 equivalent,"United Nations Framework Convention on Climate Change (UNFCCC). 2022. Greenhouse Gas Inventory Data - Detailed data by Party - Annex I. https://di.unfccc.int/detailed_data_by_party. Copyright 2022 United Nations Framework Convention on Climate Change; EDGARv7.0, Crippa, M., Guizzardi, D., Banja, M., Solazzo, E., Muntean, M., Schaaf, E., Pagani, F., Monforti-Ferrario, F., Olivier, J., Quadrelli, R., Risquez Martin, A., Taghavi-Moharamli, P., Grassi, G., Rossi, S., Jacome Felix Oom, D., Branco, A., San-Miguel-Ayanz, J. and Vignati, E., CO2 emissions of all world countries - 2022 Report, EUR 31182 EN, Publications Office of the European Union, Luxembourg, 2022, doi:10.2760/730164, JRC130363;  Food and Agriculture Organization of the United Nations (FAO). FAOSTAT Climate Change, Emissions, Emission Totals. License: CC BY-NC-SA 3.0 IGO. Extracted from: https://www.fao.org/faostat/en/#data/GT. IMF staff calculations.",ECNGDR,Annual Net Emissions/Removals,"Environment, Climate Change, Greenhouse Gas Emissions, National GHG Emissions Inventories and Implied National Mitigation (Nationally Determined Contributions) Targets, Annual Net Emissions/Removals",1.A.2. Manufacturing Industries and Construction,Nitrous oxide,Units,0.001732281,0.001732281,0.001901608,0.002005769,0.001894151,0.001754835,0.001872289,0.002028911,0.002296795,0.00285405,0.004861218,0.006530209,0.008819174,0.009214559,0.006792305,0.009351577,0.009765804,0.009111161,0.011839188,0.01567263,0.002362684,0.0005069,0.003556567,0.004288683,0.003833395,0.003706695,0.002892369,0.002811191,0.003875816,0.003437659,0.004423881,0.004227444,0.004142896,0.005358626,0.005247493,0.007267945,0.007664222,0.006244089,0.007905146,0.00928533,0.009616694,0.009908769,0.010505456,0.010402591,0.009317384,0.009734878,0.009532265,0.009489507,0.009540887,0.0098084,0.009837464,0.01071986,0.01108196,0.01128351,,,,,,,
Kuwait,KW,KWT,Annual Net Emissions/Removals,Million metric tons of CO2 equivalent,"United Nations Framework Convention on Climate Change (UNFCCC). 2022. Greenhouse Gas Inventory Data - Detailed data by Party - Annex I. https://di.unfccc.int/detailed_data_by_party. Copyright 2022 United Nations Framework Convention on Climate Change; EDGARv7.0, Crippa, M., Guizzardi, D., Banja, M., Solazzo, E., Muntean, M., Schaaf, E., Pagani, F., Monforti-Ferrario, F., Olivier, J., Quadrelli, R., Risquez Martin, A., Taghavi-Moharamli, P., Grassi, G., Rossi, S., Jacome Felix Oom, D., Branco, A., San-Miguel-Ayanz, J. and Vignati, E., CO2 emissions of all world countries - 2022 Report, EUR 31182 EN, Publications Office of the European Union, Luxembourg, 2022, doi:10.2760/730164, JRC130363;  Food and Agriculture Organization of the United Nations (FAO). FAOSTAT Climate Change, Emissions, Emission Totals. License: CC BY-NC-SA 3.0 IGO. Extracted from: https://www.fao.org/faostat/en/#data/GT. IMF staff calculations.",ECNGDR,Annual Net Emissions/Removals,"Environment, Climate Change, Greenhouse Gas Emissions, National GHG Emissions Inventories and Implied National Mitigation (Nationally Determined Contributions) Targets, Annual Net Emissions/Removals",1.A.3. Transport,Carbon dioxide,Units,1.938382606,1.938382606,2.160266422,2.19783384,2.082130988,2.028832862,2.122595316,2.432863663,3.015740823,3.227986904,5.349711983,6.945262625,8.877592503,9.046398008,7.384678965,9.230610434,9.460066543,9.266815273,11.0538387,13.57749728,2.841209254,1.898077824,4.5390002,4.782384804,5.043486211,5.34038904,5.446857574,5.695240734,5.838885449,6.007575125,6.02205907,6.128759891,6.51437072,7.078216567,7.537299614,8.159198886,9.257506772,9.569944837,10.54117016,11.72778294,12.67005916,12.15437737,12.48513113,13.14508117,13.34119284,14.02309485,14.20599306,15.01819754,15.86536624,16.04915788,13.13668907,16.03829801,15.24465232,15.08798306,,,,,,,
Kuwait,KW,KWT,Annual Net Emissions/Removals,Million metric tons of CO2 equivalent,"United Nations Framework Convention on Climate Change (UNFCCC). 2022. Greenhouse Gas Inventory Data - Detailed data by Party - Annex I. https://di.unfccc.int/detailed_data_by_party. Copyright 2022 United Nations Framework Convention on Climate Change; EDGARv7.0, Crippa, M., Guizzardi, D., Banja, M., Solazzo, E., Muntean, M., Schaaf, E., Pagani, F., Monforti-Ferrario, F., Olivier, J., Quadrelli, R., Risquez Martin, A., Taghavi-Moharamli, P., Grassi, G., Rossi, S., Jacome Felix Oom, D., Branco, A., San-Miguel-Ayanz, J. and Vignati, E., CO2 emissions of all world countries - 2022 Report, EUR 31182 EN, Publications Office of the European Union, Luxembourg, 2022, doi:10.2760/730164, JRC130363;  Food and Agriculture Organization of the United Nations (FAO). FAOSTAT Climate Change, Emissions, Emission Totals. License: CC BY-NC-SA 3.0 IGO. Extracted from: https://www.fao.org/faostat/en/#data/GT. IMF staff calculations.",ECNGDR,Annual Net Emissions/Removals,"Environment, Climate Change, Greenhouse Gas Emissions, National GHG Emissions Inventories and Implied National Mitigation (Nationally Determined Contributions) Targets, Annual Net Emissions/Removals",1.A.3. Transport,Greenhouse gas,Units,1.974775124,1.974982859,2.200623004,2.239184501,2.121162271,2.067209437,2.162971257,2.479037318,3.071571816,3.288545109,5.44177846,7.061506972,9.020521828,9.192561961,7.503029413,9.376775425,9.606941539,9.412546689,11.2186456,13.77278171,2.896185407,1.936733264,4.622757798,4.873382232,5.149475278,5.468131844,5.599177464,5.882273009,6.033530914,6.211806329,6.148021694,6.254897752,6.644028562,7.20982358,7.672233952,8.293653339,9.395119738,9.707428326,10.67972944,11.87364026,12.8367186,12.31090229,12.63816548,13.31598565,13.50880231,14.1867754,14.3777007,15.20252029,16.06195435,16.25042457,13.30621374,16.23997171,15.43634632,15.27770701,,,,,,,
Kuwait,KW,KWT,Annual Net Emissions/Removals,Million metric tons of CO2 equivalent,"United Nations Framework Convention on Climate Change (UNFCCC). 2022. Greenhouse Gas Inventory Data - Detailed data by Party - Annex I. https://di.unfccc.int/detailed_data_by_party. Copyright 2022 United Nations Framework Convention on Climate Change; EDGARv7.0, Crippa, M., Guizzardi, D., Banja, M., Solazzo, E., Muntean, M., Schaaf, E., Pagani, F., Monforti-Ferrario, F., Olivier, J., Quadrelli, R., Risquez Martin, A., Taghavi-Moharamli, P., Grassi, G., Rossi, S., Jacome Felix Oom, D., Branco, A., San-Miguel-Ayanz, J. and Vignati, E., CO2 emissions of all world countries - 2022 Report, EUR 31182 EN, Publications Office of the European Union, Luxembourg, 2022, doi:10.2760/730164, JRC130363;  Food and Agriculture Organization of the United Nations (FAO). FAOSTAT Climate Change, Emissions, Emission Totals. License: CC BY-NC-SA 3.0 IGO. Extracted from: https://www.fao.org/faostat/en/#data/GT. IMF staff calculations.",ECNGDR,Annual Net Emissions/Removals,"Environment, Climate Change, Greenhouse Gas Emissions, National GHG Emissions Inventories and Implied National Mitigation (Nationally Determined Contributions) Targets, Annual Net Emissions/Removals",1.A.3. Transport,Methane,Units,0.019480005,0.019553658,0.021596696,0.022101867,0.0209019,0.020625293,0.021621044,0.024530366,0.029151919,0.032317358,0.041453303,0.047337548,0.054977511,0.055724368,0.05160318,0.057358783,0.058391406,0.059041072,0.065295992,0.072122002,0.03117126,0.023083695,0.046534791,0.05120692,0.051900549,0.053591781,0.054108726,0.053427991,0.054042638,0.053413433,0.050146008,0.048749044,0.04884367,0.047084138,0.046029535,0.046799382,0.044176788,0.042703542,0.041874247,0.04440698,0.048010228,0.045451907,0.043722891,0.046993713,0.047342,0.046349347,0.046439964,0.048942909,0.051360447,0.051517341,0.041295912,0.051383378,0.048840702,0.048338766,,,,,,,
Kuwait,KW,KWT,Annual Net Emissions/Removals,Million metric tons of CO2 equivalent,"United Nations Framework Convention on Climate Change (UNFCCC). 2022. Greenhouse Gas Inventory Data - Detailed data by Party - Annex I. https://di.unfccc.int/detailed_data_by_party. Copyright 2022 United Nations Framework Convention on Climate Change; EDGARv7.0, Crippa, M., Guizzardi, D., Banja, M., Solazzo, E., Muntean, M., Schaaf, E., Pagani, F., Monforti-Ferrario, F., Olivier, J., Quadrelli, R., Risquez Martin, A., Taghavi-Moharamli, P., Grassi, G., Rossi, S., Jacome Felix Oom, D., Branco, A., San-Miguel-Ayanz, J. and Vignati, E., CO2 emissions of all world countries - 2022 Report, EUR 31182 EN, Publications Office of the European Union, Luxembourg, 2022, doi:10.2760/730164, JRC130363;  Food and Agriculture Organization of the United Nations (FAO). FAOSTAT Climate Change, Emissions, Emission Totals. License: CC BY-NC-SA 3.0 IGO. Extracted from: https://www.fao.org/faostat/en/#data/GT. IMF staff calculations.",ECNGDR,Annual Net Emissions/Removals,"Environment, Climate Change, Greenhouse Gas Emissions, National GHG Emissions Inventories and Implied National Mitigation (Nationally Determined Contributions) Targets, Annual Net Emissions/Removals",1.A.3. Transport,Nitrous oxide,Units,0.016912513,0.017046594,0.018759886,0.019248794,0.018129382,0.017751281,0.018754897,0.021643289,0.026679074,0.028240846,0.050613175,0.068906799,0.087951814,0.090439586,0.066747268,0.088806209,0.08848359,0.086690343,0.099510909,0.123162437,0.023804893,0.015571745,0.037222807,0.039790508,0.054088517,0.074151023,0.098211164,0.133604285,0.140602827,0.150817771,0.075816616,0.077388817,0.080814172,0.084522875,0.088904803,0.087655071,0.093436179,0.094779948,0.096685028,0.101450335,0.11864921,0.111073012,0.109311464,0.123910771,0.120267476,0.117331198,0.125267679,0.135379838,0.145227663,0.14974935,0.128228765,0.150290322,0.142853294,0.141385191,,,,,,,
Kuwait,KW,KWT,Annual Net Emissions/Removals,Million metric tons of CO2 equivalent,"United Nations Framework Convention on Climate Change (UNFCCC). 2022. Greenhouse Gas Inventory Data - Detailed data by Party - Annex I. https://di.unfccc.int/detailed_data_by_party. Copyright 2022 United Nations Framework Convention on Climate Change; EDGARv7.0, Crippa, M., Guizzardi, D., Banja, M., Solazzo, E., Muntean, M., Schaaf, E., Pagani, F., Monforti-Ferrario, F., Olivier, J., Quadrelli, R., Risquez Martin, A., Taghavi-Moharamli, P., Grassi, G., Rossi, S., Jacome Felix Oom, D., Branco, A., San-Miguel-Ayanz, J. and Vignati, E., CO2 emissions of all world countries - 2022 Report, EUR 31182 EN, Publications Office of the European Union, Luxembourg, 2022, doi:10.2760/730164, JRC130363;  Food and Agriculture Organization of the United Nations (FAO). FAOSTAT Climate Change, Emissions, Emission Totals. License: CC BY-NC-SA 3.0 IGO. Extracted from: https://www.fao.org/faostat/en/#data/GT. IMF staff calculations.",ECNGDR,Annual Net Emissions/Removals,"Environment, Climate Change, Greenhouse Gas Emissions, National GHG Emissions Inventories and Implied National Mitigation (Nationally Determined Contributions) Targets, Annual Net Emissions/Removals",1.A.3.B. Road Transportation,Carbon dioxide,Units,1.938382606,1.938382606,2.160266422,2.19783384,2.082130988,2.028832862,2.122595316,2.432863663,3.015740823,3.227986904,5.349711983,6.945262625,8.877592503,9.046398008,7.384678965,9.230610434,9.460066543,9.266815273,11.0538387,13.57749728,2.841209254,1.898077824,4.5390002,4.782384804,5.043486211,5.34038904,5.446857574,5.695240734,5.838885449,6.007575125,6.02205907,6.128759891,6.51437072,7.078216567,7.537299614,8.159198886,9.257506772,9.569944837,10.54117016,11.72778294,12.67005916,12.15437737,12.48513113,13.14508117,13.34119284,14.02309485,14.20599306,15.01819754,15.86536624,16.04915788,13.13668907,16.03829801,15.24465232,15.08798306,,,,,,,
Kuwait,KW,KWT,Annual Net Emissions/Removals,Million metric tons of CO2 equivalent,"United Nations Framework Convention on Climate Change (UNFCCC). 2022. Greenhouse Gas Inventory Data - Detailed data by Party - Annex I. https://di.unfccc.int/detailed_data_by_party. Copyright 2022 United Nations Framework Convention on Climate Change; EDGARv7.0, Crippa, M., Guizzardi, D., Banja, M., Solazzo, E., Muntean, M., Schaaf, E., Pagani, F., Monforti-Ferrario, F., Olivier, J., Quadrelli, R., Risquez Martin, A., Taghavi-Moharamli, P., Grassi, G., Rossi, S., Jacome Felix Oom, D., Branco, A., San-Miguel-Ayanz, J. and Vignati, E., CO2 emissions of all world countries - 2022 Report, EUR 31182 EN, Publications Office of the European Union, Luxembourg, 2022, doi:10.2760/730164, JRC130363;  Food and Agriculture Organization of the United Nations (FAO). FAOSTAT Climate Change, Emissions, Emission Totals. License: CC BY-NC-SA 3.0 IGO. Extracted from: https://www.fao.org/faostat/en/#data/GT. IMF staff calculations.",ECNGDR,Annual Net Emissions/Removals,"Environment, Climate Change, Greenhouse Gas Emissions, National GHG Emissions Inventories and Implied National Mitigation (Nationally Determined Contributions) Targets, Annual Net Emissions/Removals",1.A.3.B. Road Transportation,Greenhouse gas,Units,1.974775124,1.974982859,2.200623004,2.239184501,2.121162271,2.067209437,2.162971257,2.479037318,3.071571816,3.288545109,5.44177846,7.061506972,9.020521828,9.192561961,7.503029413,9.376775425,9.606941539,9.412546689,11.2186456,13.77278171,2.896185407,1.936733264,4.622757798,4.873382232,5.149475278,5.468131844,5.599177464,5.882273009,6.033530914,6.211806329,6.148021694,6.254897752,6.644028562,7.20982358,7.672233952,8.293653339,9.395119738,9.707428326,10.67972944,11.87364026,12.8367186,12.31090229,12.63816548,13.31598565,13.50880231,14.1867754,14.3777007,15.20252029,16.06195435,16.25042457,13.30621374,16.23997171,15.43634632,15.27770701,,,,,,,
Kuwait,KW,KWT,Annual Net Emissions/Removals,Million metric tons of CO2 equivalent,"United Nations Framework Convention on Climate Change (UNFCCC). 2022. Greenhouse Gas Inventory Data - Detailed data by Party - Annex I. https://di.unfccc.int/detailed_data_by_party. Copyright 2022 United Nations Framework Convention on Climate Change; EDGARv7.0, Crippa, M., Guizzardi, D., Banja, M., Solazzo, E., Muntean, M., Schaaf, E., Pagani, F., Monforti-Ferrario, F., Olivier, J., Quadrelli, R., Risquez Martin, A., Taghavi-Moharamli, P., Grassi, G., Rossi, S., Jacome Felix Oom, D., Branco, A., San-Miguel-Ayanz, J. and Vignati, E., CO2 emissions of all world countries - 2022 Report, EUR 31182 EN, Publications Office of the European Union, Luxembourg, 2022, doi:10.2760/730164, JRC130363;  Food and Agriculture Organization of the United Nations (FAO). FAOSTAT Climate Change, Emissions, Emission Totals. License: CC BY-NC-SA 3.0 IGO. Extracted from: https://www.fao.org/faostat/en/#data/GT. IMF staff calculations.",ECNGDR,Annual Net Emissions/Removals,"Environment, Climate Change, Greenhouse Gas Emissions, National GHG Emissions Inventories and Implied National Mitigation (Nationally Determined Contributions) Targets, Annual Net Emissions/Removals",1.A.3.B. Road Transportation,Methane,Units,0.019480005,0.019553658,0.021596696,0.022101867,0.0209019,0.020625293,0.021621044,0.024530366,0.029151919,0.032317358,0.041453303,0.047337548,0.054977511,0.055724368,0.05160318,0.057358783,0.058391406,0.059041072,0.065295992,0.072122002,0.03117126,0.023083695,0.046534791,0.05120692,0.051900549,0.053591781,0.054108726,0.053427991,0.054042638,0.053413433,0.050146008,0.048749044,0.04884367,0.047084138,0.046029535,0.046799382,0.044176788,0.042703542,0.041874247,0.04440698,0.048010228,0.045451907,0.043722891,0.046993713,0.047342,0.046349347,0.046439964,0.048942909,0.051360447,0.051517341,0.041295912,0.051383378,0.048840702,0.048338766,,,,,,,
Kuwait,KW,KWT,Annual Net Emissions/Removals,Million metric tons of CO2 equivalent,"United Nations Framework Convention on Climate Change (UNFCCC). 2022. Greenhouse Gas Inventory Data - Detailed data by Party - Annex I. https://di.unfccc.int/detailed_data_by_party. Copyright 2022 United Nations Framework Convention on Climate Change; EDGARv7.0, Crippa, M., Guizzardi, D., Banja, M., Solazzo, E., Muntean, M., Schaaf, E., Pagani, F., Monforti-Ferrario, F., Olivier, J., Quadrelli, R., Risquez Martin, A., Taghavi-Moharamli, P., Grassi, G., Rossi, S., Jacome Felix Oom, D., Branco, A., San-Miguel-Ayanz, J. and Vignati, E., CO2 emissions of all world countries - 2022 Report, EUR 31182 EN, Publications Office of the European Union, Luxembourg, 2022, doi:10.2760/730164, JRC130363;  Food and Agriculture Organization of the United Nations (FAO). FAOSTAT Climate Change, Emissions, Emission Totals. License: CC BY-NC-SA 3.0 IGO. Extracted from: https://www.fao.org/faostat/en/#data/GT. IMF staff calculations.",ECNGDR,Annual Net Emissions/Removals,"Environment, Climate Change, Greenhouse Gas Emissions, National GHG Emissions Inventories and Implied National Mitigation (Nationally Determined Contributions) Targets, Annual Net Emissions/Removals",1.A.3.B. Road Transportation,Nitrous oxide,Units,0.016912513,0.017046594,0.018759886,0.019248794,0.018129382,0.017751281,0.018754897,0.021643289,0.026679074,0.028240846,0.050613175,0.068906799,0.087951814,0.090439586,0.066747268,0.088806209,0.08848359,0.086690343,0.099510909,0.123162437,0.023804893,0.015571745,0.037222807,0.039790508,0.054088517,0.074151023,0.098211164,0.133604285,0.140602827,0.150817771,0.075816616,0.077388817,0.080814172,0.084522875,0.088904803,0.087655071,0.093436179,0.094779948,0.096685028,0.101450335,0.11864921,0.111073012,0.109311464,0.123910771,0.120267476,0.117331198,0.125267679,0.135379838,0.145227663,0.14974935,0.128228765,0.150290322,0.142853294,0.141385191,,,,,,,
Kuwait,KW,KWT,Annual Net Emissions/Removals,Million metric tons of CO2 equivalent,"United Nations Framework Convention on Climate Change (UNFCCC). 2022. Greenhouse Gas Inventory Data - Detailed data by Party - Annex I. https://di.unfccc.int/detailed_data_by_party. Copyright 2022 United Nations Framework Convention on Climate Change; EDGARv7.0, Crippa, M., Guizzardi, D., Banja, M., Solazzo, E., Muntean, M., Schaaf, E., Pagani, F., Monforti-Ferrario, F., Olivier, J., Quadrelli, R., Risquez Martin, A., Taghavi-Moharamli, P., Grassi, G., Rossi, S., Jacome Felix Oom, D., Branco, A., San-Miguel-Ayanz, J. and Vignati, E., CO2 emissions of all world countries - 2022 Report, EUR 31182 EN, Publications Office of the European Union, Luxembourg, 2022, doi:10.2760/730164, JRC130363;  Food and Agriculture Organization of the United Nations (FAO). FAOSTAT Climate Change, Emissions, Emission Totals. License: CC BY-NC-SA 3.0 IGO. Extracted from: https://www.fao.org/faostat/en/#data/GT. IMF staff calculations.",ECNGDR,Annual Net Emissions/Removals,"Environment, Climate Change, Greenhouse Gas Emissions, National GHG Emissions Inventories and Implied National Mitigation (Nationally Determined Contributions) Targets, Annual Net Emissions/Removals",1.A.4. Buildings and other Sectors,Carbon dioxide,Units,3.371216476,3.371216476,3.647090221,3.903603709,3.696596444,3.342737837,3.604022251,3.973392586,4.549454337,5.734420222,5.019662071,4.217628569,3.107568565,3.300524337,5.208712136,4.400942602,5.563762313,8.518319014,11.61676974,13.54701446,0.163638936,0.054875553,0.258302071,0.260299113,0.284340638,0.311366988,0.311037823,0.323305602,0.323305602,0.329110044,0.332259429,0.344362604,0.356136658,0.368075008,0.374373477,0.431410656,0.434559746,0.468049132,0.517613697,0.504523027,0.486615373,0.550279891,0.566026213,0.526238366,0.641442953,0.646589109,0.801252128,0.890199332,1.009762839,0.912746252,0.732185169,0.840267519,0.798687378,0.790479269,,,,,,,
Kuwait,KW,KWT,Annual Net Emissions/Removals,Million metric tons of CO2 equivalent,"United Nations Framework Convention on Climate Change (UNFCCC). 2022. Greenhouse Gas Inventory Data - Detailed data by Party - Annex I. https://di.unfccc.int/detailed_data_by_party. Copyright 2022 United Nations Framework Convention on Climate Change; EDGARv7.0, Crippa, M., Guizzardi, D., Banja, M., Solazzo, E., Muntean, M., Schaaf, E., Pagani, F., Monforti-Ferrario, F., Olivier, J., Quadrelli, R., Risquez Martin, A., Taghavi-Moharamli, P., Grassi, G., Rossi, S., Jacome Felix Oom, D., Branco, A., San-Miguel-Ayanz, J. and Vignati, E., CO2 emissions of all world countries - 2022 Report, EUR 31182 EN, Publications Office of the European Union, Luxembourg, 2022, doi:10.2760/730164, JRC130363;  Food and Agriculture Organization of the United Nations (FAO). FAOSTAT Climate Change, Emissions, Emission Totals. License: CC BY-NC-SA 3.0 IGO. Extracted from: https://www.fao.org/faostat/en/#data/GT. IMF staff calculations.",ECNGDR,Annual Net Emissions/Removals,"Environment, Climate Change, Greenhouse Gas Emissions, National GHG Emissions Inventories and Implied National Mitigation (Nationally Determined Contributions) Targets, Annual Net Emissions/Removals",1.A.4. Buildings and other Sectors,Greenhouse gas,Units,3.384199597,3.384199597,3.659130121,3.92129117,3.709858233,3.354940506,3.617018187,3.985685284,4.563439977,5.752440059,5.035736284,4.231261272,3.117917568,3.310867466,5.225248177,4.415312291,5.58163851,8.544914949,11.65248693,13.58831474,0.165679647,0.056541926,0.261276424,0.262129366,0.28588396,0.314076401,0.313001958,0.324420742,0.324420742,0.33022958,0.333398195,0.345544224,0.357338428,0.369308279,0.375645205,0.432854722,0.43602304,0.469644467,0.51945992,0.506258279,0.488303373,0.55220139,0.568043855,0.528085509,0.643910719,0.649015862,0.804447295,0.89368103,1.013927649,0.916604494,0.735067036,0.843834522,0.80207787,0.793834917,,,,,,,
Kuwait,KW,KWT,Annual Net Emissions/Removals,Million metric tons of CO2 equivalent,"United Nations Framework Convention on Climate Change (UNFCCC). 2022. Greenhouse Gas Inventory Data - Detailed data by Party - Annex I. https://di.unfccc.int/detailed_data_by_party. Copyright 2022 United Nations Framework Convention on Climate Change; EDGARv7.0, Crippa, M., Guizzardi, D., Banja, M., Solazzo, E., Muntean, M., Schaaf, E., Pagani, F., Monforti-Ferrario, F., Olivier, J., Quadrelli, R., Risquez Martin, A., Taghavi-Moharamli, P., Grassi, G., Rossi, S., Jacome Felix Oom, D., Branco, A., San-Miguel-Ayanz, J. and Vignati, E., CO2 emissions of all world countries - 2022 Report, EUR 31182 EN, Publications Office of the European Union, Luxembourg, 2022, doi:10.2760/730164, JRC130363;  Food and Agriculture Organization of the United Nations (FAO). FAOSTAT Climate Change, Emissions, Emission Totals. License: CC BY-NC-SA 3.0 IGO. Extracted from: https://www.fao.org/faostat/en/#data/GT. IMF staff calculations.",ECNGDR,Annual Net Emissions/Removals,"Environment, Climate Change, Greenhouse Gas Emissions, National GHG Emissions Inventories and Implied National Mitigation (Nationally Determined Contributions) Targets, Annual Net Emissions/Removals",1.A.4. Buildings and other Sectors,Methane,Units,0.011104552,0.011104552,0.010089948,0.015390644,0.0112448,0.010358152,0.011017356,0.010216251,0.01164365,0.01510144,0.013486068,0.01144876,0.008683788,0.008636603,0.013971294,0.012141929,0.015066921,0.022398833,0.030068355,0.034782365,0.001822067,0.001538539,0.002618126,0.00155601,0.001269665,0.002369792,0.001668584,0.000843962,0.000843962,0.000851563,0.000863828,0.000895958,0.000916804,0.000943292,0.00096782,0.001104922,0.001117186,0.001212596,0.00138061,0.001314628,0.001274896,0.00144781,0.00150913,0.001389192,0.001797824,0.001782858,0.002300144,0.00252254,0.002965487,0.002725794,0.002083568,0.00251666,0.002392125,0.002367541,,,,,,,
Kuwait,KW,KWT,Annual Net Emissions/Removals,Million metric tons of CO2 equivalent,"United Nations Framework Convention on Climate Change (UNFCCC). 2022. Greenhouse Gas Inventory Data - Detailed data by Party - Annex I. https://di.unfccc.int/detailed_data_by_party. Copyright 2022 United Nations Framework Convention on Climate Change; EDGARv7.0, Crippa, M., Guizzardi, D., Banja, M., Solazzo, E., Muntean, M., Schaaf, E., Pagani, F., Monforti-Ferrario, F., Olivier, J., Quadrelli, R., Risquez Martin, A., Taghavi-Moharamli, P., Grassi, G., Rossi, S., Jacome Felix Oom, D., Branco, A., San-Miguel-Ayanz, J. and Vignati, E., CO2 emissions of all world countries - 2022 Report, EUR 31182 EN, Publications Office of the European Union, Luxembourg, 2022, doi:10.2760/730164, JRC130363;  Food and Agriculture Organization of the United Nations (FAO). FAOSTAT Climate Change, Emissions, Emission Totals. License: CC BY-NC-SA 3.0 IGO. Extracted from: https://www.fao.org/faostat/en/#data/GT. IMF staff calculations.",ECNGDR,Annual Net Emissions/Removals,"Environment, Climate Change, Greenhouse Gas Emissions, National GHG Emissions Inventories and Implied National Mitigation (Nationally Determined Contributions) Targets, Annual Net Emissions/Removals",1.A.4. Buildings and other Sectors,Nitrous oxide,Units,0.001878569,0.001878569,0.001949952,0.002296816,0.002016989,0.001844517,0.00197858,0.002076447,0.00234199,0.002918397,0.002588146,0.002183942,0.001665215,0.001706526,0.002564747,0.00222776,0.002809276,0.004197102,0.005648833,0.006517914,0.000218644,0.000127834,0.000356226,0.000274243,0.000273657,0.000339621,0.000295552,0.000271177,0.000271177,0.000267973,0.000274938,0.000285662,0.000284965,0.000289979,0.000303907,0.000339145,0.000346108,0.00038274,0.000465613,0.000420624,0.000413103,0.00047369,0.000508511,0.000457952,0.000669941,0.000643894,0.000895022,0.000959157,0.001199324,0.001132448,0.000798299,0.001050343,0.000998368,0.000988108,,,,,,,
Kuwait,KW,KWT,Annual Net Emissions/Removals,Million metric tons of CO2 equivalent,"United Nations Framework Convention on Climate Change (UNFCCC). 2022. Greenhouse Gas Inventory Data - Detailed data by Party - Annex I. https://di.unfccc.int/detailed_data_by_party. Copyright 2022 United Nations Framework Convention on Climate Change; EDGARv7.0, Crippa, M., Guizzardi, D., Banja, M., Solazzo, E., Muntean, M., Schaaf, E., Pagani, F., Monforti-Ferrario, F., Olivier, J., Quadrelli, R., Risquez Martin, A., Taghavi-Moharamli, P., Grassi, G., Rossi, S., Jacome Felix Oom, D., Branco, A., San-Miguel-Ayanz, J. and Vignati, E., CO2 emissions of all world countries - 2022 Report, EUR 31182 EN, Publications Office of the European Union, Luxembourg, 2022, doi:10.2760/730164, JRC130363;  Food and Agriculture Organization of the United Nations (FAO). FAOSTAT Climate Change, Emissions, Emission Totals. License: CC BY-NC-SA 3.0 IGO. Extracted from: https://www.fao.org/faostat/en/#data/GT. IMF staff calculations.",ECNGDR,Annual Net Emissions/Removals,"Environment, Climate Change, Greenhouse Gas Emissions, National GHG Emissions Inventories and Implied National Mitigation (Nationally Determined Contributions) Targets, Annual Net Emissions/Removals",1.B. Fugitive Emissions from Fuels,Carbon dioxide,Units,24.42024802,26.58015412,25.58494552,20.29627933,13.95567973,10.21172033,9.021608859,7.05686528,9.007102744,7.664244554,4.447367353,2.416739028,1.555310889,1.958074154,2.058395516,2.437090641,1.801599673,1.825345685,2.316608698,2.822045341,2.936805213,3.086723899,3.616862979,4.1336222,5.937913769,5.223852154,5.54294245,6.421754835,5.108980087,4.885102083,5.783339492,5.091290546,5.268080882,6.666695222,6.452606265,6.537801139,6.395990895,5.784614608,5.226358139,4.730624495,4.619900612,4.542378743,2.953434636,3.261684757,3.466384503,2.44910448,2.900827638,2.221156699,2.38634338,2.095061681,2.051557983,1.92301527,1.804628267,1.926885196,,,,,,,
Kuwait,KW,KWT,Annual Net Emissions/Removals,Million metric tons of CO2 equivalent,"United Nations Framework Convention on Climate Change (UNFCCC). 2022. Greenhouse Gas Inventory Data - Detailed data by Party - Annex I. https://di.unfccc.int/detailed_data_by_party. Copyright 2022 United Nations Framework Convention on Climate Change; EDGARv7.0, Crippa, M., Guizzardi, D., Banja, M., Solazzo, E., Muntean, M., Schaaf, E., Pagani, F., Monforti-Ferrario, F., Olivier, J., Quadrelli, R., Risquez Martin, A., Taghavi-Moharamli, P., Grassi, G., Rossi, S., Jacome Felix Oom, D., Branco, A., San-Miguel-Ayanz, J. and Vignati, E., CO2 emissions of all world countries - 2022 Report, EUR 31182 EN, Publications Office of the European Union, Luxembourg, 2022, doi:10.2760/730164, JRC130363;  Food and Agriculture Organization of the United Nations (FAO). FAOSTAT Climate Change, Emissions, Emission Totals. License: CC BY-NC-SA 3.0 IGO. Extracted from: https://www.fao.org/faostat/en/#data/GT. IMF staff calculations.",ECNGDR,Annual Net Emissions/Removals,"Environment, Climate Change, Greenhouse Gas Emissions, National GHG Emissions Inventories and Implied National Mitigation (Nationally Determined Contributions) Targets, Annual Net Emissions/Removals",1.B. Fugitive Emissions from Fuels,Greenhouse gas,Units,63.96805846,66.13625708,68.18541098,59.45678178,47.07305493,37.43780995,36.86754952,32.63124854,37.01522206,40.96529056,26.81675031,17.63954705,12.74177093,16.33938893,17.87258643,16.66715435,19.30074352,21.0529018,22.37803278,26.77684332,16.99432859,5.610291548,17.96244934,29.38959978,33.32376639,30.77341217,32.06778714,35.21977276,30.15375979,27.97235121,32.12415855,29.5387226,29.59973434,37.35076029,37.11059048,39.60159328,39.67360366,36.5219337,34.65125364,30.39585782,30.19280634,33.34226186,34.3356212,34.06517086,33.66240955,32.76365402,34.28384086,31.26058647,31.86323726,30.95700287,28.61800965,28.26901726,31.15551478,30.24980869,,,,,,,
Kuwait,KW,KWT,Annual Net Emissions/Removals,Million metric tons of CO2 equivalent,"United Nations Framework Convention on Climate Change (UNFCCC). 2022. Greenhouse Gas Inventory Data - Detailed data by Party - Annex I. https://di.unfccc.int/detailed_data_by_party. Copyright 2022 United Nations Framework Convention on Climate Change; EDGARv7.0, Crippa, M., Guizzardi, D., Banja, M., Solazzo, E., Muntean, M., Schaaf, E., Pagani, F., Monforti-Ferrario, F., Olivier, J., Quadrelli, R., Risquez Martin, A., Taghavi-Moharamli, P., Grassi, G., Rossi, S., Jacome Felix Oom, D., Branco, A., San-Miguel-Ayanz, J. and Vignati, E., CO2 emissions of all world countries - 2022 Report, EUR 31182 EN, Publications Office of the European Union, Luxembourg, 2022, doi:10.2760/730164, JRC130363;  Food and Agriculture Organization of the United Nations (FAO). FAOSTAT Climate Change, Emissions, Emission Totals. License: CC BY-NC-SA 3.0 IGO. Extracted from: https://www.fao.org/faostat/en/#data/GT. IMF staff calculations.",ECNGDR,Annual Net Emissions/Removals,"Environment, Climate Change, Greenhouse Gas Emissions, National GHG Emissions Inventories and Implied National Mitigation (Nationally Determined Contributions) Targets, Annual Net Emissions/Removals",1.B. Fugitive Emissions from Fuels,Methane,Units,39.45316099,39.45359739,42.50112984,39.08091784,33.06175075,27.18495731,27.80904899,25.5449794,27.97125847,33.26833844,22.34997609,15.21182899,11.17920662,14.37214428,15.80442093,14.2191196,17.49039591,19.21853833,20.05017713,23.94116376,14.04512745,2.51199016,14.33036145,25.237268,27.36033196,25.52662496,26.50073957,28.77072238,25.022175,23.06580369,26.31587972,24.42509264,24.30906193,30.65568233,30.63001467,33.03497489,33.2491706,30.71124347,29.40063221,25.64358484,25.55154668,28.77812945,31.36557175,30.78586785,30.17777309,30.29999696,31.36662353,29.02597933,29.46277192,28.84899344,26.55412037,26.33418379,29.33895182,28.31076594,,,,,,,
Kuwait,KW,KWT,Annual Net Emissions/Removals,Million metric tons of CO2 equivalent,"United Nations Framework Convention on Climate Change (UNFCCC). 2022. Greenhouse Gas Inventory Data - Detailed data by Party - Annex I. https://di.unfccc.int/detailed_data_by_party. Copyright 2022 United Nations Framework Convention on Climate Change; EDGARv7.0, Crippa, M., Guizzardi, D., Banja, M., Solazzo, E., Muntean, M., Schaaf, E., Pagani, F., Monforti-Ferrario, F., Olivier, J., Quadrelli, R., Risquez Martin, A., Taghavi-Moharamli, P., Grassi, G., Rossi, S., Jacome Felix Oom, D., Branco, A., San-Miguel-Ayanz, J. and Vignati, E., CO2 emissions of all world countries - 2022 Report, EUR 31182 EN, Publications Office of the European Union, Luxembourg, 2022, doi:10.2760/730164, JRC130363;  Food and Agriculture Organization of the United Nations (FAO). FAOSTAT Climate Change, Emissions, Emission Totals. License: CC BY-NC-SA 3.0 IGO. Extracted from: https://www.fao.org/faostat/en/#data/GT. IMF staff calculations.",ECNGDR,Annual Net Emissions/Removals,"Environment, Climate Change, Greenhouse Gas Emissions, National GHG Emissions Inventories and Implied National Mitigation (Nationally Determined Contributions) Targets, Annual Net Emissions/Removals",1.B. Fugitive Emissions from Fuels,Nitrous oxide,Units,0.094649444,0.102505573,0.099335619,0.079584602,0.055624453,0.041132314,0.036891671,0.029403855,0.036860842,0.03270757,0.019406868,0.010979033,0.007253416,0.009170504,0.009769978,0.010944108,0.008747933,0.009017791,0.011246947,0.013634221,0.012395923,0.011577489,0.015224913,0.018709579,0.025520664,0.022935057,0.024105123,0.027295545,0.022604704,0.021445439,0.024939338,0.022339416,0.022591535,0.028382743,0.027969548,0.028817254,0.028442171,0.026075626,0.02426329,0.021648488,0.021359047,0.021753668,0.016614811,0.017618254,0.018251963,0.014552585,0.01638969,0.013450438,0.014121955,0.012947754,0.012331298,0.011818198,0.011934692,0.012157557,,,,,,,
Kuwait,KW,KWT,Annual Net Emissions/Removals,Million metric tons of CO2 equivalent,"United Nations Framework Convention on Climate Change (UNFCCC). 2022. Greenhouse Gas Inventory Data - Detailed data by Party - Annex I. https://di.unfccc.int/detailed_data_by_party. Copyright 2022 United Nations Framework Convention on Climate Change; EDGARv7.0, Crippa, M., Guizzardi, D., Banja, M., Solazzo, E., Muntean, M., Schaaf, E., Pagani, F., Monforti-Ferrario, F., Olivier, J., Quadrelli, R., Risquez Martin, A., Taghavi-Moharamli, P., Grassi, G., Rossi, S., Jacome Felix Oom, D., Branco, A., San-Miguel-Ayanz, J. and Vignati, E., CO2 emissions of all world countries - 2022 Report, EUR 31182 EN, Publications Office of the European Union, Luxembourg, 2022, doi:10.2760/730164, JRC130363;  Food and Agriculture Organization of the United Nations (FAO). FAOSTAT Climate Change, Emissions, Emission Totals. License: CC BY-NC-SA 3.0 IGO. Extracted from: https://www.fao.org/faostat/en/#data/GT. IMF staff calculations.",ECNGDR,Annual Net Emissions/Removals,"Environment, Climate Change, Greenhouse Gas Emissions, National GHG Emissions Inventories and Implied National Mitigation (Nationally Determined Contributions) Targets, Annual Net Emissions/Removals",2. Industrial Processes and Product Use,Carbon dioxide,Units,0.184984524,0.387188701,0.612849598,0.731693937,0.694341745,0.673546606,1.131085034,1.077228377,1.25512008,1.47646213,1.682414656,1.654944754,1.1428645,1.259026177,1.198999779,1.901554464,2.193803293,2.50223962,2.366030719,2.90601911,1.905136765,1.0335361,1.478427875,2.011331853,2.382804556,2.996079589,2.882928631,2.990989142,2.786407211,2.759525995,2.913811807,2.757349993,3.265966218,3.573551228,4.023031421,4.139230746,4.363250864,4.555879902,4.904938674,4.850358104,4.736677839,5.355820785,5.507126142,6.079468651,5.927995827,6.058226373,6.597999592,6.315064722,5.793717022,5.527217937,5.689617366,6.16467876,6.60185759,6.774997048,,,,,,,
Kuwait,KW,KWT,Annual Net Emissions/Removals,Million metric tons of CO2 equivalent,"United Nations Framework Convention on Climate Change (UNFCCC). 2022. Greenhouse Gas Inventory Data - Detailed data by Party - Annex I. https://di.unfccc.int/detailed_data_by_party. Copyright 2022 United Nations Framework Convention on Climate Change; EDGARv7.0, Crippa, M., Guizzardi, D., Banja, M., Solazzo, E., Muntean, M., Schaaf, E., Pagani, F., Monforti-Ferrario, F., Olivier, J., Quadrelli, R., Risquez Martin, A., Taghavi-Moharamli, P., Grassi, G., Rossi, S., Jacome Felix Oom, D., Branco, A., San-Miguel-Ayanz, J. and Vignati, E., CO2 emissions of all world countries - 2022 Report, EUR 31182 EN, Publications Office of the European Union, Luxembourg, 2022, doi:10.2760/730164, JRC130363;  Food and Agriculture Organization of the United Nations (FAO). FAOSTAT Climate Change, Emissions, Emission Totals. License: CC BY-NC-SA 3.0 IGO. Extracted from: https://www.fao.org/faostat/en/#data/GT. IMF staff calculations.",ECNGDR,Annual Net Emissions/Removals,"Environment, Climate Change, Greenhouse Gas Emissions, National GHG Emissions Inventories and Implied National Mitigation (Nationally Determined Contributions) Targets, Annual Net Emissions/Removals",2. Industrial Processes and Product Use,Fluorinated gases,Units,0.17108,0.17108,0.17108,0.17108,0.17108,0.17108,0.19458,0.22795,0.264845,0.330175,0.395690992,0.37398623,0.373302682,0.370994987,0.447382784,0.510128691,0.479807194,0.436873659,0.369387598,0.343169475,0.292966634,0.404734517,0.499196713,0.551127309,0.641573198,0.729713367,0.834556638,0.917867477,1.036736316,1.314097643,2.030661075,2.637809459,3.218709069,3.885983659,4.560939867,5.366477873,5.634844714,5.730237951,5.924251598,6.12925986,6.119481265,6.180534195,6.313540314,6.494557195,7.04402762,7.736936893,8.752926925,9.755124162,10.97656552,12.05644173,13.15766556,14.29256497,15.39912763,16.51335626,,,,,,,
Kuwait,KW,KWT,Annual Net Emissions/Removals,Million metric tons of CO2 equivalent,"United Nations Framework Convention on Climate Change (UNFCCC). 2022. Greenhouse Gas Inventory Data - Detailed data by Party - Annex I. https://di.unfccc.int/detailed_data_by_party. Copyright 2022 United Nations Framework Convention on Climate Change; EDGARv7.0, Crippa, M., Guizzardi, D., Banja, M., Solazzo, E., Muntean, M., Schaaf, E., Pagani, F., Monforti-Ferrario, F., Olivier, J., Quadrelli, R., Risquez Martin, A., Taghavi-Moharamli, P., Grassi, G., Rossi, S., Jacome Felix Oom, D., Branco, A., San-Miguel-Ayanz, J. and Vignati, E., CO2 emissions of all world countries - 2022 Report, EUR 31182 EN, Publications Office of the European Union, Luxembourg, 2022, doi:10.2760/730164, JRC130363;  Food and Agriculture Organization of the United Nations (FAO). FAOSTAT Climate Change, Emissions, Emission Totals. License: CC BY-NC-SA 3.0 IGO. Extracted from: https://www.fao.org/faostat/en/#data/GT. IMF staff calculations.",ECNGDR,Annual Net Emissions/Removals,"Environment, Climate Change, Greenhouse Gas Emissions, National GHG Emissions Inventories and Implied National Mitigation (Nationally Determined Contributions) Targets, Annual Net Emissions/Removals",2. Industrial Processes and Product Use,Greenhouse gas,Units,0.385806759,0.590176584,0.817966765,0.938958471,0.903849153,0.885447915,1.369046088,1.351260566,1.568857931,1.858400783,2.132762407,2.086402389,1.576359635,1.692974892,1.712330959,2.483530847,2.749511074,3.019540714,2.819856827,3.335939111,2.285053064,1.52285808,2.057666083,2.636750292,3.094529557,3.794007522,3.786909408,3.981886384,3.901178872,4.156748839,5.031601353,5.485177039,6.576712545,7.553226196,8.679947919,9.605252238,10.10243289,10.39628796,10.94608892,11.1039489,10.98842178,11.67710022,11.97035387,12.73258852,13.13791686,13.96716391,15.52757867,16.2501846,16.95269176,17.7681338,19.0354829,20.64951827,22.1974772,23.48802221,,,,,,,
Kuwait,KW,KWT,Annual Net Emissions/Removals,Million metric tons of CO2 equivalent,"United Nations Framework Convention on Climate Change (UNFCCC). 2022. Greenhouse Gas Inventory Data - Detailed data by Party - Annex I. https://di.unfccc.int/detailed_data_by_party. Copyright 2022 United Nations Framework Convention on Climate Change; EDGARv7.0, Crippa, M., Guizzardi, D., Banja, M., Solazzo, E., Muntean, M., Schaaf, E., Pagani, F., Monforti-Ferrario, F., Olivier, J., Quadrelli, R., Risquez Martin, A., Taghavi-Moharamli, P., Grassi, G., Rossi, S., Jacome Felix Oom, D., Branco, A., San-Miguel-Ayanz, J. and Vignati, E., CO2 emissions of all world countries - 2022 Report, EUR 31182 EN, Publications Office of the European Union, Luxembourg, 2022, doi:10.2760/730164, JRC130363;  Food and Agriculture Organization of the United Nations (FAO). FAOSTAT Climate Change, Emissions, Emission Totals. License: CC BY-NC-SA 3.0 IGO. Extracted from: https://www.fao.org/faostat/en/#data/GT. IMF staff calculations.",ECNGDR,Annual Net Emissions/Removals,"Environment, Climate Change, Greenhouse Gas Emissions, National GHG Emissions Inventories and Implied National Mitigation (Nationally Determined Contributions) Targets, Annual Net Emissions/Removals",2. Industrial Processes and Product Use,Methane,Units,,,,,,,,,,,,,,,,0.0025872,0.002772,0.0030492,0.003234,0.003234,0.0033264,0.0035112,0.003696,0.0035112,0.0038808,0.0040656,0.0044352,0.0047124,0.0048972,0.00517902,0.0054516,0.006006,0.0066528,0.0072996,0.0080388,0.0088704,0.0096558,0.0104643,0.01126125,0.0120582,0.01285515,0.0136521,0.01444905,0.015246,0.015246,0.015246,0.015246,0.015246,0.015246,0.015246,0.016825077,0.018584638,0.020372571,0.021080161,,,,,,,
Kuwait,KW,KWT,Annual Net Emissions/Removals,Million metric tons of CO2 equivalent,"United Nations Framework Convention on Climate Change (UNFCCC). 2022. Greenhouse Gas Inventory Data - Detailed data by Party - Annex I. https://di.unfccc.int/detailed_data_by_party. Copyright 2022 United Nations Framework Convention on Climate Change; EDGARv7.0, Crippa, M., Guizzardi, D., Banja, M., Solazzo, E., Muntean, M., Schaaf, E., Pagani, F., Monforti-Ferrario, F., Olivier, J., Quadrelli, R., Risquez Martin, A., Taghavi-Moharamli, P., Grassi, G., Rossi, S., Jacome Felix Oom, D., Branco, A., San-Miguel-Ayanz, J. and Vignati, E., CO2 emissions of all world countries - 2022 Report, EUR 31182 EN, Publications Office of the European Union, Luxembourg, 2022, doi:10.2760/730164, JRC130363;  Food and Agriculture Organization of the United Nations (FAO). FAOSTAT Climate Change, Emissions, Emission Totals. License: CC BY-NC-SA 3.0 IGO. Extracted from: https://www.fao.org/faostat/en/#data/GT. IMF staff calculations.",ECNGDR,Annual Net Emissions/Removals,"Environment, Climate Change, Greenhouse Gas Emissions, National GHG Emissions Inventories and Implied National Mitigation (Nationally Determined Contributions) Targets, Annual Net Emissions/Removals",2. Industrial Processes and Product Use,Nitrous oxide,Units,0.029742235,0.031907883,0.034037167,0.036184533,0.038427407,0.040821309,0.043381055,0.046082189,0.048892851,0.051763654,0.054656759,0.057471404,0.060192453,0.062953728,0.065948395,0.069260492,0.073128587,0.077378234,0.08120451,0.083516526,0.083623265,0.081076264,0.076345494,0.07077993,0.066271002,0.064148966,0.064988939,0.068317365,0.073138146,0.077946182,0.08167687,0.084011588,0.085384459,0.086391709,0.087937832,0.090673219,0.094681509,0.099705811,0.105637394,0.112272739,0.119407527,0.127093136,0.13523836,0.143316673,0.150647414,0.15675464,0.161406152,0.164749712,0.167163209,0.169228132,0.1713749,0.173689903,0.176119411,0.178588747,,,,,,,
Kuwait,KW,KWT,Annual Net Emissions/Removals,Million metric tons of CO2 equivalent,"United Nations Framework Convention on Climate Change (UNFCCC). 2022. Greenhouse Gas Inventory Data - Detailed data by Party - Annex I. https://di.unfccc.int/detailed_data_by_party. Copyright 2022 United Nations Framework Convention on Climate Change; EDGARv7.0, Crippa, M., Guizzardi, D., Banja, M., Solazzo, E., Muntean, M., Schaaf, E., Pagani, F., Monforti-Ferrario, F., Olivier, J., Quadrelli, R., Risquez Martin, A., Taghavi-Moharamli, P., Grassi, G., Rossi, S., Jacome Felix Oom, D., Branco, A., San-Miguel-Ayanz, J. and Vignati, E., CO2 emissions of all world countries - 2022 Report, EUR 31182 EN, Publications Office of the European Union, Luxembourg, 2022, doi:10.2760/730164, JRC130363;  Food and Agriculture Organization of the United Nations (FAO). FAOSTAT Climate Change, Emissions, Emission Totals. License: CC BY-NC-SA 3.0 IGO. Extracted from: https://www.fao.org/faostat/en/#data/GT. IMF staff calculations.",ECNGDR,Annual Net Emissions/Removals,"Environment, Climate Change, Greenhouse Gas Emissions, National GHG Emissions Inventories and Implied National Mitigation (Nationally Determined Contributions) Targets, Annual Net Emissions/Removals",2.A. Mineral Industry,Carbon dioxide,Units,0.000787509,0.000790395,0.052205337,0.127790341,0.116925413,0.14261656,0.182299773,0.177585047,0.30953638,0.517875772,0.660784217,0.782122619,0.773275943,0.56355931,0.594552896,0.568116766,0.54193116,0.478703898,0.535171132,0.597417722,0.432802942,0.149650356,0.259097455,0.475659576,0.599574595,0.940081852,0.924081896,0.908084313,0.611938313,0.639212658,0.669292343,0.415107692,0.696962686,0.8220988,1.160584103,0.960245476,0.965637101,0.968297577,1.209788241,0.92131593,0.919875465,0.977490852,1.070894584,1.236237835,1.15992813,1.294209588,1.811641891,1.558598725,1.555422842,1.791348385,1.567457567,1.613010917,1.613010917,1.613010917,,,,,,,
Kuwait,KW,KWT,Annual Net Emissions/Removals,Million metric tons of CO2 equivalent,"United Nations Framework Convention on Climate Change (UNFCCC). 2022. Greenhouse Gas Inventory Data - Detailed data by Party - Annex I. https://di.unfccc.int/detailed_data_by_party. Copyright 2022 United Nations Framework Convention on Climate Change; EDGARv7.0, Crippa, M., Guizzardi, D., Banja, M., Solazzo, E., Muntean, M., Schaaf, E., Pagani, F., Monforti-Ferrario, F., Olivier, J., Quadrelli, R., Risquez Martin, A., Taghavi-Moharamli, P., Grassi, G., Rossi, S., Jacome Felix Oom, D., Branco, A., San-Miguel-Ayanz, J. and Vignati, E., CO2 emissions of all world countries - 2022 Report, EUR 31182 EN, Publications Office of the European Union, Luxembourg, 2022, doi:10.2760/730164, JRC130363;  Food and Agriculture Organization of the United Nations (FAO). FAOSTAT Climate Change, Emissions, Emission Totals. License: CC BY-NC-SA 3.0 IGO. Extracted from: https://www.fao.org/faostat/en/#data/GT. IMF staff calculations.",ECNGDR,Annual Net Emissions/Removals,"Environment, Climate Change, Greenhouse Gas Emissions, National GHG Emissions Inventories and Implied National Mitigation (Nationally Determined Contributions) Targets, Annual Net Emissions/Removals",2.A. Mineral Industry,Greenhouse gas,Units,0.000787509,0.000790395,0.052205337,0.127790341,0.116925413,0.14261656,0.182299773,0.177585047,0.30953638,0.517875772,0.660784217,0.782122619,0.773275943,0.56355931,0.594552896,0.568116766,0.54193116,0.478703898,0.535171132,0.597417722,0.432802942,0.149650356,0.259097455,0.475659576,0.599574595,0.940081852,0.924081896,0.908084313,0.611938313,0.639212658,0.669292343,0.415107692,0.696962686,0.8220988,1.160584103,0.960245476,0.965637101,0.968297577,1.209788241,0.92131593,0.919875465,0.977490852,1.070894584,1.236237835,1.15992813,1.294209588,1.811641891,1.558598725,1.555422842,1.791348385,1.567457567,1.613010917,1.613010917,1.613010917,,,,,,,
Kuwait,KW,KWT,Annual Net Emissions/Removals,Million metric tons of CO2 equivalent,"United Nations Framework Convention on Climate Change (UNFCCC). 2022. Greenhouse Gas Inventory Data - Detailed data by Party - Annex I. https://di.unfccc.int/detailed_data_by_party. Copyright 2022 United Nations Framework Convention on Climate Change; EDGARv7.0, Crippa, M., Guizzardi, D., Banja, M., Solazzo, E., Muntean, M., Schaaf, E., Pagani, F., Monforti-Ferrario, F., Olivier, J., Quadrelli, R., Risquez Martin, A., Taghavi-Moharamli, P., Grassi, G., Rossi, S., Jacome Felix Oom, D., Branco, A., San-Miguel-Ayanz, J. and Vignati, E., CO2 emissions of all world countries - 2022 Report, EUR 31182 EN, Publications Office of the European Union, Luxembourg, 2022, doi:10.2760/730164, JRC130363;  Food and Agriculture Organization of the United Nations (FAO). FAOSTAT Climate Change, Emissions, Emission Totals. License: CC BY-NC-SA 3.0 IGO. Extracted from: https://www.fao.org/faostat/en/#data/GT. IMF staff calculations.",ECNGDR,Annual Net Emissions/Removals,"Environment, Climate Change, Greenhouse Gas Emissions, National GHG Emissions Inventories and Implied National Mitigation (Nationally Determined Contributions) Targets, Annual Net Emissions/Removals",2.B. Chemical Industry,Carbon dioxide,Units,0.173791751,0.375278781,0.548815532,0.591385962,0.56420057,0.516895697,0.933805678,0.883610655,0.928466821,0.940326805,1.002324792,0.852534766,0.348399766,0.673414995,0.581281274,1.309225783,1.626222574,1.996263805,1.802073468,2.278823186,1.442569486,0.855,1.191882608,1.509966448,1.758702138,2.032218607,1.934642847,2.057432675,2.147157957,2.091087283,2.213551334,2.309861913,2.535290622,2.716602732,2.826492415,3.141913367,3.359410175,3.548219476,3.654584314,3.887250113,3.773785981,4.334042478,4.390642293,4.784365486,4.703000127,4.729538824,4.753601505,4.725461506,4.208918087,3.7125,4.097015469,4.525480033,4.960853257,5.133156059,,,,,,,
Kuwait,KW,KWT,Annual Net Emissions/Removals,Million metric tons of CO2 equivalent,"United Nations Framework Convention on Climate Change (UNFCCC). 2022. Greenhouse Gas Inventory Data - Detailed data by Party - Annex I. https://di.unfccc.int/detailed_data_by_party. Copyright 2022 United Nations Framework Convention on Climate Change; EDGARv7.0, Crippa, M., Guizzardi, D., Banja, M., Solazzo, E., Muntean, M., Schaaf, E., Pagani, F., Monforti-Ferrario, F., Olivier, J., Quadrelli, R., Risquez Martin, A., Taghavi-Moharamli, P., Grassi, G., Rossi, S., Jacome Felix Oom, D., Branco, A., San-Miguel-Ayanz, J. and Vignati, E., CO2 emissions of all world countries - 2022 Report, EUR 31182 EN, Publications Office of the European Union, Luxembourg, 2022, doi:10.2760/730164, JRC130363;  Food and Agriculture Organization of the United Nations (FAO). FAOSTAT Climate Change, Emissions, Emission Totals. License: CC BY-NC-SA 3.0 IGO. Extracted from: https://www.fao.org/faostat/en/#data/GT. IMF staff calculations.",ECNGDR,Annual Net Emissions/Removals,"Environment, Climate Change, Greenhouse Gas Emissions, National GHG Emissions Inventories and Implied National Mitigation (Nationally Determined Contributions) Targets, Annual Net Emissions/Removals",2.B. Chemical Industry,Greenhouse gas,Units,0.173791751,0.375278781,0.548815532,0.591385962,0.56420057,0.516895697,0.933805678,0.883610655,0.928466821,0.940326805,1.002324792,0.852534766,0.348399766,0.673414995,0.581281274,1.311812983,1.628994574,1.999313005,1.805307468,2.282057186,1.445895886,0.8585112,1.195578608,1.513477648,1.762582938,2.036284207,1.939078047,2.062145075,2.152055157,2.096266303,2.219002934,2.315867913,2.541943422,2.723902332,2.834531215,3.150783767,3.369065975,3.558683776,3.665845564,3.899308313,3.786641131,4.347694578,4.405091343,4.799611486,4.718246127,4.744784824,4.768847505,4.740707506,4.224164087,3.727746,4.113840546,4.544064671,4.981225828,5.15423622,,,,,,,
Kuwait,KW,KWT,Annual Net Emissions/Removals,Million metric tons of CO2 equivalent,"United Nations Framework Convention on Climate Change (UNFCCC). 2022. Greenhouse Gas Inventory Data - Detailed data by Party - Annex I. https://di.unfccc.int/detailed_data_by_party. Copyright 2022 United Nations Framework Convention on Climate Change; EDGARv7.0, Crippa, M., Guizzardi, D., Banja, M., Solazzo, E., Muntean, M., Schaaf, E., Pagani, F., Monforti-Ferrario, F., Olivier, J., Quadrelli, R., Risquez Martin, A., Taghavi-Moharamli, P., Grassi, G., Rossi, S., Jacome Felix Oom, D., Branco, A., San-Miguel-Ayanz, J. and Vignati, E., CO2 emissions of all world countries - 2022 Report, EUR 31182 EN, Publications Office of the European Union, Luxembourg, 2022, doi:10.2760/730164, JRC130363;  Food and Agriculture Organization of the United Nations (FAO). FAOSTAT Climate Change, Emissions, Emission Totals. License: CC BY-NC-SA 3.0 IGO. Extracted from: https://www.fao.org/faostat/en/#data/GT. IMF staff calculations.",ECNGDR,Annual Net Emissions/Removals,"Environment, Climate Change, Greenhouse Gas Emissions, National GHG Emissions Inventories and Implied National Mitigation (Nationally Determined Contributions) Targets, Annual Net Emissions/Removals",2.B. Chemical Industry,Methane,Units,,,,,,,,,,,,,,,,0.0025872,0.002772,0.0030492,0.003234,0.003234,0.0033264,0.0035112,0.003696,0.0035112,0.0038808,0.0040656,0.0044352,0.0047124,0.0048972,0.00517902,0.0054516,0.006006,0.0066528,0.0072996,0.0080388,0.0088704,0.0096558,0.0104643,0.01126125,0.0120582,0.01285515,0.0136521,0.01444905,0.015246,0.015246,0.015246,0.015246,0.015246,0.015246,0.015246,0.016825077,0.018584638,0.020372571,0.021080161,,,,,,,
Kuwait,KW,KWT,Annual Net Emissions/Removals,Million metric tons of CO2 equivalent,"United Nations Framework Convention on Climate Change (UNFCCC). 2022. Greenhouse Gas Inventory Data - Detailed data by Party - Annex I. https://di.unfccc.int/detailed_data_by_party. Copyright 2022 United Nations Framework Convention on Climate Change; EDGARv7.0, Crippa, M., Guizzardi, D., Banja, M., Solazzo, E., Muntean, M., Schaaf, E., Pagani, F., Monforti-Ferrario, F., Olivier, J., Quadrelli, R., Risquez Martin, A., Taghavi-Moharamli, P., Grassi, G., Rossi, S., Jacome Felix Oom, D., Branco, A., San-Miguel-Ayanz, J. and Vignati, E., CO2 emissions of all world countries - 2022 Report, EUR 31182 EN, Publications Office of the European Union, Luxembourg, 2022, doi:10.2760/730164, JRC130363;  Food and Agriculture Organization of the United Nations (FAO). FAOSTAT Climate Change, Emissions, Emission Totals. License: CC BY-NC-SA 3.0 IGO. Extracted from: https://www.fao.org/faostat/en/#data/GT. IMF staff calculations.",ECNGDR,Annual Net Emissions/Removals,"Environment, Climate Change, Greenhouse Gas Emissions, National GHG Emissions Inventories and Implied National Mitigation (Nationally Determined Contributions) Targets, Annual Net Emissions/Removals",2.D. Non-energy Products from Fuels and Solvent Use,Carbon dioxide,Units,0.010405264,0.011119525,0.011828728,0.012517635,0.013215762,0.014034349,0.014979583,0.016032674,0.017116879,0.018259553,0.019305647,0.02028737,0.021188791,0.022051872,0.023165609,0.024211915,0.02564956,0.027271918,0.028786119,0.029778202,0.029764338,0.028885744,0.027447813,0.02570583,0.024527824,0.023779131,0.024203889,0.025472154,0.027310941,0.029226054,0.030968131,0.032380388,0.03371291,0.034849696,0.035954903,0.037071904,0.038203589,0.039362848,0.040566119,0.041792062,0.043016392,0.044287454,0.045589264,0.05886533,0.065067571,0.03447796,0.032756197,0.031004492,0.029376093,0.023369551,0.02514433,0.02618781,0.027993416,0.028830072,,,,,,,
Kuwait,KW,KWT,Annual Net Emissions/Removals,Million metric tons of CO2 equivalent,"United Nations Framework Convention on Climate Change (UNFCCC). 2022. Greenhouse Gas Inventory Data - Detailed data by Party - Annex I. https://di.unfccc.int/detailed_data_by_party. Copyright 2022 United Nations Framework Convention on Climate Change; EDGARv7.0, Crippa, M., Guizzardi, D., Banja, M., Solazzo, E., Muntean, M., Schaaf, E., Pagani, F., Monforti-Ferrario, F., Olivier, J., Quadrelli, R., Risquez Martin, A., Taghavi-Moharamli, P., Grassi, G., Rossi, S., Jacome Felix Oom, D., Branco, A., San-Miguel-Ayanz, J. and Vignati, E., CO2 emissions of all world countries - 2022 Report, EUR 31182 EN, Publications Office of the European Union, Luxembourg, 2022, doi:10.2760/730164, JRC130363;  Food and Agriculture Organization of the United Nations (FAO). FAOSTAT Climate Change, Emissions, Emission Totals. License: CC BY-NC-SA 3.0 IGO. Extracted from: https://www.fao.org/faostat/en/#data/GT. IMF staff calculations.",ECNGDR,Annual Net Emissions/Removals,"Environment, Climate Change, Greenhouse Gas Emissions, National GHG Emissions Inventories and Implied National Mitigation (Nationally Determined Contributions) Targets, Annual Net Emissions/Removals",2.D. Non-energy Products from Fuels and Solvent Use,Greenhouse gas,Units,0.040147499,0.043027407,0.045865895,0.048702168,0.05164317,0.054855658,0.058360638,0.062114864,0.066009731,0.070023206,0.073962406,0.077758774,0.081381244,0.0850056,0.089114004,0.093472406,0.098778146,0.104650153,0.109990629,0.113294727,0.113387602,0.109962008,0.103793307,0.096485759,0.090798826,0.087928097,0.089192828,0.093789519,0.100449087,0.107172236,0.112645001,0.116391975,0.119097368,0.121241405,0.123892734,0.127745123,0.132885097,0.139068659,0.146203513,0.154064801,0.162423919,0.17138059,0.180827624,0.202182002,0.215714985,0.191232599,0.194162349,0.195754204,0.196539302,0.192597683,0.19651923,0.199877713,0.204112827,0.207418819,,,,,,,
Kuwait,KW,KWT,Annual Net Emissions/Removals,Million metric tons of CO2 equivalent,"United Nations Framework Convention on Climate Change (UNFCCC). 2022. Greenhouse Gas Inventory Data - Detailed data by Party - Annex I. https://di.unfccc.int/detailed_data_by_party. Copyright 2022 United Nations Framework Convention on Climate Change; EDGARv7.0, Crippa, M., Guizzardi, D., Banja, M., Solazzo, E., Muntean, M., Schaaf, E., Pagani, F., Monforti-Ferrario, F., Olivier, J., Quadrelli, R., Risquez Martin, A., Taghavi-Moharamli, P., Grassi, G., Rossi, S., Jacome Felix Oom, D., Branco, A., San-Miguel-Ayanz, J. and Vignati, E., CO2 emissions of all world countries - 2022 Report, EUR 31182 EN, Publications Office of the European Union, Luxembourg, 2022, doi:10.2760/730164, JRC130363;  Food and Agriculture Organization of the United Nations (FAO). FAOSTAT Climate Change, Emissions, Emission Totals. License: CC BY-NC-SA 3.0 IGO. Extracted from: https://www.fao.org/faostat/en/#data/GT. IMF staff calculations.",ECNGDR,Annual Net Emissions/Removals,"Environment, Climate Change, Greenhouse Gas Emissions, National GHG Emissions Inventories and Implied National Mitigation (Nationally Determined Contributions) Targets, Annual Net Emissions/Removals",2.D. Non-energy Products from Fuels and Solvent Use,Nitrous oxide,Units,0.029742235,0.031907883,0.034037167,0.036184533,0.038427407,0.040821309,0.043381055,0.046082189,0.048892851,0.051763654,0.054656759,0.057471404,0.060192453,0.062953728,0.065948395,0.069260492,0.073128587,0.077378234,0.08120451,0.083516526,0.083623265,0.081076264,0.076345494,0.07077993,0.066271002,0.064148966,0.064988939,0.068317365,0.073138146,0.077946182,0.08167687,0.084011588,0.085384459,0.086391709,0.087937832,0.090673219,0.094681509,0.099705811,0.105637394,0.112272739,0.119407527,0.127093136,0.13523836,0.143316673,0.150647414,0.15675464,0.161406152,0.164749712,0.167163209,0.169228132,0.1713749,0.173689903,0.176119411,0.178588747,,,,,,,
Kuwait,KW,KWT,Annual Net Emissions/Removals,Million metric tons of CO2 equivalent,"United Nations Framework Convention on Climate Change (UNFCCC). 2022. Greenhouse Gas Inventory Data - Detailed data by Party - Annex I. https://di.unfccc.int/detailed_data_by_party. Copyright 2022 United Nations Framework Convention on Climate Change; EDGARv7.0, Crippa, M., Guizzardi, D., Banja, M., Solazzo, E., Muntean, M., Schaaf, E., Pagani, F., Monforti-Ferrario, F., Olivier, J., Quadrelli, R., Risquez Martin, A., Taghavi-Moharamli, P., Grassi, G., Rossi, S., Jacome Felix Oom, D., Branco, A., San-Miguel-Ayanz, J. and Vignati, E., CO2 emissions of all world countries - 2022 Report, EUR 31182 EN, Publications Office of the European Union, Luxembourg, 2022, doi:10.2760/730164, JRC130363;  Food and Agriculture Organization of the United Nations (FAO). FAOSTAT Climate Change, Emissions, Emission Totals. License: CC BY-NC-SA 3.0 IGO. Extracted from: https://www.fao.org/faostat/en/#data/GT. IMF staff calculations.",ECNGDR,Annual Net Emissions/Removals,"Environment, Climate Change, Greenhouse Gas Emissions, National GHG Emissions Inventories and Implied National Mitigation (Nationally Determined Contributions) Targets, Annual Net Emissions/Removals",2.F. Product Uses as Substitutes for ODS,Fluorinated gases,Units,,,,,,,,,,,,,,,,,,,,,0.003028265,0.019715782,0.031186288,0.050337662,0.118439373,0.203393517,0.319071386,0.440334637,0.59926662,0.873904239,1.586267778,2.17308466,2.7362483,3.3800423,4.030802305,4.814364103,5.079724212,5.18847732,5.39561569,5.57755455,5.544745955,5.583003885,5.692980004,5.851201884,6.377877309,7.047991583,8.040951615,9.020353852,10.21900021,11.27600309,12.35435358,13.46568683,14.5479157,15.63855323,,,,,,,
Kuwait,KW,KWT,Annual Net Emissions/Removals,Million metric tons of CO2 equivalent,"United Nations Framework Convention on Climate Change (UNFCCC). 2022. Greenhouse Gas Inventory Data - Detailed data by Party - Annex I. https://di.unfccc.int/detailed_data_by_party. Copyright 2022 United Nations Framework Convention on Climate Change; EDGARv7.0, Crippa, M., Guizzardi, D., Banja, M., Solazzo, E., Muntean, M., Schaaf, E., Pagani, F., Monforti-Ferrario, F., Olivier, J., Quadrelli, R., Risquez Martin, A., Taghavi-Moharamli, P., Grassi, G., Rossi, S., Jacome Felix Oom, D., Branco, A., San-Miguel-Ayanz, J. and Vignati, E., CO2 emissions of all world countries - 2022 Report, EUR 31182 EN, Publications Office of the European Union, Luxembourg, 2022, doi:10.2760/730164, JRC130363;  Food and Agriculture Organization of the United Nations (FAO). FAOSTAT Climate Change, Emissions, Emission Totals. License: CC BY-NC-SA 3.0 IGO. Extracted from: https://www.fao.org/faostat/en/#data/GT. IMF staff calculations.",ECNGDR,Annual Net Emissions/Removals,"Environment, Climate Change, Greenhouse Gas Emissions, National GHG Emissions Inventories and Implied National Mitigation (Nationally Determined Contributions) Targets, Annual Net Emissions/Removals",2.F. Product Uses as Substitutes for ODS,Greenhouse gas,Units,,,,,,,,,,,,,,,,,,,,,0.003028265,0.019715782,0.031186288,0.050337662,0.118439373,0.203393517,0.319071386,0.440334637,0.59926662,0.873904239,1.586267778,2.17308466,2.7362483,3.3800423,4.030802305,4.814364103,5.079724212,5.18847732,5.39561569,5.57755455,5.544745955,5.583003885,5.692980004,5.851201884,6.377877309,7.047991583,8.040951615,9.020353852,10.21900021,11.27600309,12.35435358,13.46568683,14.5479157,15.63855323,,,,,,,
Kuwait,KW,KWT,Annual Net Emissions/Removals,Million metric tons of CO2 equivalent,"United Nations Framework Convention on Climate Change (UNFCCC). 2022. Greenhouse Gas Inventory Data - Detailed data by Party - Annex I. https://di.unfccc.int/detailed_data_by_party. Copyright 2022 United Nations Framework Convention on Climate Change; EDGARv7.0, Crippa, M., Guizzardi, D., Banja, M., Solazzo, E., Muntean, M., Schaaf, E., Pagani, F., Monforti-Ferrario, F., Olivier, J., Quadrelli, R., Risquez Martin, A., Taghavi-Moharamli, P., Grassi, G., Rossi, S., Jacome Felix Oom, D., Branco, A., San-Miguel-Ayanz, J. and Vignati, E., CO2 emissions of all world countries - 2022 Report, EUR 31182 EN, Publications Office of the European Union, Luxembourg, 2022, doi:10.2760/730164, JRC130363;  Food and Agriculture Organization of the United Nations (FAO). FAOSTAT Climate Change, Emissions, Emission Totals. License: CC BY-NC-SA 3.0 IGO. Extracted from: https://www.fao.org/faostat/en/#data/GT. IMF staff calculations.",ECNGDR,Annual Net Emissions/Removals,"Environment, Climate Change, Greenhouse Gas Emissions, National GHG Emissions Inventories and Implied National Mitigation (Nationally Determined Contributions) Targets, Annual Net Emissions/Removals",2.G. Other Product Manufacture and Use,Fluorinated gases,Units,0.17108,0.17108,0.17108,0.17108,0.17108,0.17108,0.19458,0.22795,0.264845,0.330175,0.395690992,0.37398623,0.373302682,0.370994987,0.447382784,0.510128691,0.479807194,0.436873659,0.369387598,0.343169475,0.289938369,0.385018735,0.468010425,0.500789647,0.523133825,0.526319849,0.515485252,0.47753284,0.437469696,0.440193403,0.444393297,0.464724799,0.482460769,0.505941359,0.530137562,0.55211377,0.555120502,0.541760631,0.528635908,0.55170531,0.57473531,0.59753031,0.62056031,0.64335531,0.66615031,0.68894531,0.71197531,0.73477031,0.75756531,0.780438644,0.803311977,0.826878142,0.851211929,0.874803024,,,,,,,
Kuwait,KW,KWT,Annual Net Emissions/Removals,Million metric tons of CO2 equivalent,"United Nations Framework Convention on Climate Change (UNFCCC). 2022. Greenhouse Gas Inventory Data - Detailed data by Party - Annex I. https://di.unfccc.int/detailed_data_by_party. Copyright 2022 United Nations Framework Convention on Climate Change; EDGARv7.0, Crippa, M., Guizzardi, D., Banja, M., Solazzo, E., Muntean, M., Schaaf, E., Pagani, F., Monforti-Ferrario, F., Olivier, J., Quadrelli, R., Risquez Martin, A., Taghavi-Moharamli, P., Grassi, G., Rossi, S., Jacome Felix Oom, D., Branco, A., San-Miguel-Ayanz, J. and Vignati, E., CO2 emissions of all world countries - 2022 Report, EUR 31182 EN, Publications Office of the European Union, Luxembourg, 2022, doi:10.2760/730164, JRC130363;  Food and Agriculture Organization of the United Nations (FAO). FAOSTAT Climate Change, Emissions, Emission Totals. License: CC BY-NC-SA 3.0 IGO. Extracted from: https://www.fao.org/faostat/en/#data/GT. IMF staff calculations.",ECNGDR,Annual Net Emissions/Removals,"Environment, Climate Change, Greenhouse Gas Emissions, National GHG Emissions Inventories and Implied National Mitigation (Nationally Determined Contributions) Targets, Annual Net Emissions/Removals",2.G. Other Product Manufacture and Use,Greenhouse gas,Units,0.17108,0.17108,0.17108,0.17108,0.17108,0.17108,0.19458,0.22795,0.264845,0.330175,0.395690992,0.37398623,0.373302682,0.370994987,0.447382784,0.510128691,0.479807194,0.436873659,0.369387598,0.343169475,0.289938369,0.385018735,0.468010425,0.500789647,0.523133825,0.526319849,0.515485252,0.47753284,0.437469696,0.440193403,0.444393297,0.464724799,0.482460769,0.505941359,0.530137562,0.55211377,0.555120502,0.541760631,0.528635908,0.55170531,0.57473531,0.59753031,0.62056031,0.64335531,0.66615031,0.68894531,0.71197531,0.73477031,0.75756531,0.780438644,0.803311977,0.826878142,0.851211929,0.874803024,,,,,,,
Kuwait,KW,KWT,Annual Net Emissions/Removals,Million metric tons of CO2 equivalent,"United Nations Framework Convention on Climate Change (UNFCCC). 2022. Greenhouse Gas Inventory Data - Detailed data by Party - Annex I. https://di.unfccc.int/detailed_data_by_party. Copyright 2022 United Nations Framework Convention on Climate Change; EDGARv7.0, Crippa, M., Guizzardi, D., Banja, M., Solazzo, E., Muntean, M., Schaaf, E., Pagani, F., Monforti-Ferrario, F., Olivier, J., Quadrelli, R., Risquez Martin, A., Taghavi-Moharamli, P., Grassi, G., Rossi, S., Jacome Felix Oom, D., Branco, A., San-Miguel-Ayanz, J. and Vignati, E., CO2 emissions of all world countries - 2022 Report, EUR 31182 EN, Publications Office of the European Union, Luxembourg, 2022, doi:10.2760/730164, JRC130363;  Food and Agriculture Organization of the United Nations (FAO). FAOSTAT Climate Change, Emissions, Emission Totals. License: CC BY-NC-SA 3.0 IGO. Extracted from: https://www.fao.org/faostat/en/#data/GT. IMF staff calculations.",ECNGDR,Annual Net Emissions/Removals,"Environment, Climate Change, Greenhouse Gas Emissions, National GHG Emissions Inventories and Implied National Mitigation (Nationally Determined Contributions) Targets, Annual Net Emissions/Removals",3. Agriculture,Carbon dioxide,Units,,,,,,,,,,,0.000157143,0.000314286,0.000785714,0.000785714,0.000785714,0.0011,0.000628571,0.000471428,0.001257143,0.000785714,,,0.001257143,0.001571428,0.001571428,0.001571428,0.003142857,0.001885714,0.001571428,0.001728571,0.0011,0.003771428,0.001571428,0.001571428,0.001571428,0.001571428,0.001571428,0.001571428,0.001571428,0.001571428,0.001571428,0.001571428,0.002357142,0.003142857,0.003142857,0.003142857,0.003142857,0.003142857,0.003142857,0.003142857,0.003980952,0.003142857,0.003142857,0.003142857,,,,,,,
Kuwait,KW,KWT,Annual Net Emissions/Removals,Million metric tons of CO2 equivalent,"United Nations Framework Convention on Climate Change (UNFCCC). 2022. Greenhouse Gas Inventory Data - Detailed data by Party - Annex I. https://di.unfccc.int/detailed_data_by_party. Copyright 2022 United Nations Framework Convention on Climate Change; EDGARv7.0, Crippa, M., Guizzardi, D., Banja, M., Solazzo, E., Muntean, M., Schaaf, E., Pagani, F., Monforti-Ferrario, F., Olivier, J., Quadrelli, R., Risquez Martin, A., Taghavi-Moharamli, P., Grassi, G., Rossi, S., Jacome Felix Oom, D., Branco, A., San-Miguel-Ayanz, J. and Vignati, E., CO2 emissions of all world countries - 2022 Report, EUR 31182 EN, Publications Office of the European Union, Luxembourg, 2022, doi:10.2760/730164, JRC130363;  Food and Agriculture Organization of the United Nations (FAO). FAOSTAT Climate Change, Emissions, Emission Totals. License: CC BY-NC-SA 3.0 IGO. Extracted from: https://www.fao.org/faostat/en/#data/GT. IMF staff calculations.",ECNGDR,Annual Net Emissions/Removals,"Environment, Climate Change, Greenhouse Gas Emissions, National GHG Emissions Inventories and Implied National Mitigation (Nationally Determined Contributions) Targets, Annual Net Emissions/Removals",3. Agriculture,Greenhouse gas,Units,0.065832718,0.064647765,0.068023735,0.066836861,0.072467163,0.076679156,0.079743742,0.087341135,0.117399979,0.166283056,0.169930696,0.142063867,0.132477029,0.134687723,0.153054864,0.182318566,0.157871122,0.191185837,0.182959611,0.182639836,0.149665494,0.039291375,0.053660035,0.102513086,0.131685065,0.168035489,0.208077672,0.214753741,0.220578471,0.24482342,0.261584374,0.208378002,0.250156203,0.273091769,0.242693495,0.246968886,0.254273356,0.267125831,0.286201134,0.314113402,0.295999051,0.291074993,0.297155641,0.316871454,0.349379203,0.354066242,0.387554499,0.387898665,0.391468901,0.425858155,0.422439359,0.425230466,0.424883681,0.432278055,,,,,,,
Kuwait,KW,KWT,Annual Net Emissions/Removals,Million metric tons of CO2 equivalent,"United Nations Framework Convention on Climate Change (UNFCCC). 2022. Greenhouse Gas Inventory Data - Detailed data by Party - Annex I. https://di.unfccc.int/detailed_data_by_party. Copyright 2022 United Nations Framework Convention on Climate Change; EDGARv7.0, Crippa, M., Guizzardi, D., Banja, M., Solazzo, E., Muntean, M., Schaaf, E., Pagani, F., Monforti-Ferrario, F., Olivier, J., Quadrelli, R., Risquez Martin, A., Taghavi-Moharamli, P., Grassi, G., Rossi, S., Jacome Felix Oom, D., Branco, A., San-Miguel-Ayanz, J. and Vignati, E., CO2 emissions of all world countries - 2022 Report, EUR 31182 EN, Publications Office of the European Union, Luxembourg, 2022, doi:10.2760/730164, JRC130363;  Food and Agriculture Organization of the United Nations (FAO). FAOSTAT Climate Change, Emissions, Emission Totals. License: CC BY-NC-SA 3.0 IGO. Extracted from: https://www.fao.org/faostat/en/#data/GT. IMF staff calculations.",ECNGDR,Annual Net Emissions/Removals,"Environment, Climate Change, Greenhouse Gas Emissions, National GHG Emissions Inventories and Implied National Mitigation (Nationally Determined Contributions) Targets, Annual Net Emissions/Removals",3. Agriculture,Methane,Units,0.046314807,0.045165503,0.04673701,0.045224618,0.049245404,0.052090089,0.054645514,0.060439128,0.08154202,0.11396375,0.114624203,0.093476383,0.088184994,0.087517255,0.100561671,0.118891505,0.100840066,0.120510644,0.112160148,0.112446846,0.09325082,0.02036287,0.028075113,0.056622872,0.075240267,0.101110875,0.119852782,0.128811557,0.132592287,0.146767751,0.163303497,0.117555561,0.15255994,0.168003865,0.147990231,0.148036387,0.155939865,0.164161055,0.174520392,0.193082097,0.186879814,0.175039565,0.172827606,0.182111996,0.206147126,0.204033645,0.216891152,0.228209896,0.231439406,0.255492132,0.247829917,0.251078841,0.25004339,0.254362025,,,,,,,
Kuwait,KW,KWT,Annual Net Emissions/Removals,Million metric tons of CO2 equivalent,"United Nations Framework Convention on Climate Change (UNFCCC). 2022. Greenhouse Gas Inventory Data - Detailed data by Party - Annex I. https://di.unfccc.int/detailed_data_by_party. Copyright 2022 United Nations Framework Convention on Climate Change; EDGARv7.0, Crippa, M., Guizzardi, D., Banja, M., Solazzo, E., Muntean, M., Schaaf, E., Pagani, F., Monforti-Ferrario, F., Olivier, J., Quadrelli, R., Risquez Martin, A., Taghavi-Moharamli, P., Grassi, G., Rossi, S., Jacome Felix Oom, D., Branco, A., San-Miguel-Ayanz, J. and Vignati, E., CO2 emissions of all world countries - 2022 Report, EUR 31182 EN, Publications Office of the European Union, Luxembourg, 2022, doi:10.2760/730164, JRC130363;  Food and Agriculture Organization of the United Nations (FAO). FAOSTAT Climate Change, Emissions, Emission Totals. License: CC BY-NC-SA 3.0 IGO. Extracted from: https://www.fao.org/faostat/en/#data/GT. IMF staff calculations.",ECNGDR,Annual Net Emissions/Removals,"Environment, Climate Change, Greenhouse Gas Emissions, National GHG Emissions Inventories and Implied National Mitigation (Nationally Determined Contributions) Targets, Annual Net Emissions/Removals",3. Agriculture,Nitrous oxide,Units,0.019517911,0.019482262,0.021286725,0.021612243,0.023221759,0.024589067,0.025098228,0.026902006,0.035857958,0.052319306,0.05514935,0.048273198,0.043506321,0.046384753,0.051707478,0.062327061,0.056402485,0.070203764,0.06954232,0.069407275,0.056414674,0.018928505,0.02432778,0.044318786,0.054873369,0.065353185,0.085082034,0.08405647,0.086414756,0.096327098,0.097180878,0.087051014,0.096024835,0.103516475,0.093131836,0.097361071,0.096762063,0.101393348,0.110109314,0.119459876,0.107547809,0.114464,0.121970893,0.131616602,0.140089221,0.14688974,0.167520491,0.156545913,0.156886639,0.167223166,0.17062849,0.171008768,0.171697435,0.174773174,,,,,,,
Kuwait,KW,KWT,Annual Net Emissions/Removals,Million metric tons of CO2 equivalent,"United Nations Framework Convention on Climate Change (UNFCCC). 2022. Greenhouse Gas Inventory Data - Detailed data by Party - Annex I. https://di.unfccc.int/detailed_data_by_party. Copyright 2022 United Nations Framework Convention on Climate Change; EDGARv7.0, Crippa, M., Guizzardi, D., Banja, M., Solazzo, E., Muntean, M., Schaaf, E., Pagani, F., Monforti-Ferrario, F., Olivier, J., Quadrelli, R., Risquez Martin, A., Taghavi-Moharamli, P., Grassi, G., Rossi, S., Jacome Felix Oom, D., Branco, A., San-Miguel-Ayanz, J. and Vignati, E., CO2 emissions of all world countries - 2022 Report, EUR 31182 EN, Publications Office of the European Union, Luxembourg, 2022, doi:10.2760/730164, JRC130363;  Food and Agriculture Organization of the United Nations (FAO). FAOSTAT Climate Change, Emissions, Emission Totals. License: CC BY-NC-SA 3.0 IGO. Extracted from: https://www.fao.org/faostat/en/#data/GT. IMF staff calculations.",ECNGDR,Annual Net Emissions/Removals,"Environment, Climate Change, Greenhouse Gas Emissions, National GHG Emissions Inventories and Implied National Mitigation (Nationally Determined Contributions) Targets, Annual Net Emissions/Removals","4. Land-use, land-use change and forestry",Carbon dioxide,Units,,,,,,,,,,,,,,,,,,,,,-0.0190487,-0.0190487,-0.0190487,-0.0190487,-0.0190487,-0.0190487,-0.0190487,-0.0190487,-0.0190487,-0.0190487,-0.0190487,-0.0229986,-0.0229986,-0.0229986,-0.0229986,-0.0229986,-0.0229986,-0.0229986,-0.0229986,-0.0229986,-0.0229986,-0.0102201,-0.0102201,-0.0102201,-0.0102201,-0.0102201,-0.0029768,-0.0029768,-0.0029768,-0.0029768,-0.0029768,-0.0029768,-0.0029768,-0.0029768,,,,,,,
Kuwait,KW,KWT,Annual Net Emissions/Removals,Million metric tons of CO2 equivalent,"United Nations Framework Convention on Climate Change (UNFCCC). 2022. Greenhouse Gas Inventory Data - Detailed data by Party - Annex I. https://di.unfccc.int/detailed_data_by_party. Copyright 2022 United Nations Framework Convention on Climate Change; EDGARv7.0, Crippa, M., Guizzardi, D., Banja, M., Solazzo, E., Muntean, M., Schaaf, E., Pagani, F., Monforti-Ferrario, F., Olivier, J., Quadrelli, R., Risquez Martin, A., Taghavi-Moharamli, P., Grassi, G., Rossi, S., Jacome Felix Oom, D., Branco, A., San-Miguel-Ayanz, J. and Vignati, E., CO2 emissions of all world countries - 2022 Report, EUR 31182 EN, Publications Office of the European Union, Luxembourg, 2022, doi:10.2760/730164, JRC130363;  Food and Agriculture Organization of the United Nations (FAO). FAOSTAT Climate Change, Emissions, Emission Totals. License: CC BY-NC-SA 3.0 IGO. Extracted from: https://www.fao.org/faostat/en/#data/GT. IMF staff calculations.",ECNGDR,Annual Net Emissions/Removals,"Environment, Climate Change, Greenhouse Gas Emissions, National GHG Emissions Inventories and Implied National Mitigation (Nationally Determined Contributions) Targets, Annual Net Emissions/Removals","4. Land-use, land-use change and forestry",Greenhouse gas,Units,,,,,,,,,,,,,,,,,,,,,-0.0190487,-0.0190487,-0.0190487,-0.0190487,-0.0190487,-0.0190487,-0.0190487,-0.0190487,-0.0190487,-0.0190487,-0.0190487,-0.0229986,-0.0229986,-0.0229986,-0.0229986,-0.0229986,-0.0229986,-0.0229986,-0.0229986,-0.0229986,-0.0229986,-0.0102201,-0.0102201,-0.0102201,-0.0102201,-0.0102201,-0.0029768,-0.0029768,-0.0029768,-0.0029768,-0.0029768,-0.0029768,-0.0029768,-0.0029768,,,,,,,
Kuwait,KW,KWT,Annual Net Emissions/Removals,Million metric tons of CO2 equivalent,"United Nations Framework Convention on Climate Change (UNFCCC). 2022. Greenhouse Gas Inventory Data - Detailed data by Party - Annex I. https://di.unfccc.int/detailed_data_by_party. Copyright 2022 United Nations Framework Convention on Climate Change; EDGARv7.0, Crippa, M., Guizzardi, D., Banja, M., Solazzo, E., Muntean, M., Schaaf, E., Pagani, F., Monforti-Ferrario, F., Olivier, J., Quadrelli, R., Risquez Martin, A., Taghavi-Moharamli, P., Grassi, G., Rossi, S., Jacome Felix Oom, D., Branco, A., San-Miguel-Ayanz, J. and Vignati, E., CO2 emissions of all world countries - 2022 Report, EUR 31182 EN, Publications Office of the European Union, Luxembourg, 2022, doi:10.2760/730164, JRC130363;  Food and Agriculture Organization of the United Nations (FAO). FAOSTAT Climate Change, Emissions, Emission Totals. License: CC BY-NC-SA 3.0 IGO. Extracted from: https://www.fao.org/faostat/en/#data/GT. IMF staff calculations.",ECNGDR,Annual Net Emissions/Removals,"Environment, Climate Change, Greenhouse Gas Emissions, National GHG Emissions Inventories and Implied National Mitigation (Nationally Determined Contributions) Targets, Annual Net Emissions/Removals",5. Waste,Carbon dioxide,Units,6.324186168e-05,6.324186168e-05,6.763365763e-05,7.290381277e-05,7.817396791e-05,8.344412305e-05,8.959263738e-05,9.66195109e-05,0.000103646,0.000110673,0.000118578,0.000125605,0.000132632,0.000138781,0.000146686,0.00015547,0.000164253,0.000173037,0.00018182,0.000187091,0.000187091,0.00018182,0.00017128,0.000158983,0.000148443,0.000144051,0.000145808,0.000153713,0.000165132,0.00017655,0.000185334,0.000190604,0.000194117,0.000196752,0.000201144,0.000207293,0.000216955,0.000228373,0.000241549,0.000256481,0.00027317,0.000290737,0.000309182,0.000327628,0.000344317,0.000358371,0.000399653,0.000407559,0.000413707,0.000418977,0.000424247,0.000424247,0.000429166,0.000434142,,,,,,,
Kuwait,KW,KWT,Annual Net Emissions/Removals,Million metric tons of CO2 equivalent,"United Nations Framework Convention on Climate Change (UNFCCC). 2022. Greenhouse Gas Inventory Data - Detailed data by Party - Annex I. https://di.unfccc.int/detailed_data_by_party. Copyright 2022 United Nations Framework Convention on Climate Change; EDGARv7.0, Crippa, M., Guizzardi, D., Banja, M., Solazzo, E., Muntean, M., Schaaf, E., Pagani, F., Monforti-Ferrario, F., Olivier, J., Quadrelli, R., Risquez Martin, A., Taghavi-Moharamli, P., Grassi, G., Rossi, S., Jacome Felix Oom, D., Branco, A., San-Miguel-Ayanz, J. and Vignati, E., CO2 emissions of all world countries - 2022 Report, EUR 31182 EN, Publications Office of the European Union, Luxembourg, 2022, doi:10.2760/730164, JRC130363;  Food and Agriculture Organization of the United Nations (FAO). FAOSTAT Climate Change, Emissions, Emission Totals. License: CC BY-NC-SA 3.0 IGO. Extracted from: https://www.fao.org/faostat/en/#data/GT. IMF staff calculations.",ECNGDR,Annual Net Emissions/Removals,"Environment, Climate Change, Greenhouse Gas Emissions, National GHG Emissions Inventories and Implied National Mitigation (Nationally Determined Contributions) Targets, Annual Net Emissions/Removals",5. Waste,Greenhouse gas,Units,0.858061187,1.06570544,1.177112725,1.267029202,1.348317675,1.439416358,1.58079623,1.695435329,1.835593461,1.968228348,2.089168392,2.199684139,2.279283827,2.429295848,2.5674038,2.761611749,2.948865424,3.146533692,3.27123906,3.397913035,3.293613513,3.552028772,3.730997884,3.759924137,3.651480402,3.608777392,3.624612978,3.782448521,4.01970678,4.214162614,4.410295535,4.547459669,4.644993242,4.836717391,4.99793949,5.232268066,5.503333212,5.785333808,6.0952893,6.35491566,6.693321865,7.145915189,7.59862367,8.006479775,8.327679313,8.631605805,8.890331484,8.993912907,9.053395323,9.208185775,9.468074971,9.669792357,9.894142977,10.09380163,,,,,,,
Kuwait,KW,KWT,Annual Net Emissions/Removals,Million metric tons of CO2 equivalent,"United Nations Framework Convention on Climate Change (UNFCCC). 2022. Greenhouse Gas Inventory Data - Detailed data by Party - Annex I. https://di.unfccc.int/detailed_data_by_party. Copyright 2022 United Nations Framework Convention on Climate Change; EDGARv7.0, Crippa, M., Guizzardi, D., Banja, M., Solazzo, E., Muntean, M., Schaaf, E., Pagani, F., Monforti-Ferrario, F., Olivier, J., Quadrelli, R., Risquez Martin, A., Taghavi-Moharamli, P., Grassi, G., Rossi, S., Jacome Felix Oom, D., Branco, A., San-Miguel-Ayanz, J. and Vignati, E., CO2 emissions of all world countries - 2022 Report, EUR 31182 EN, Publications Office of the European Union, Luxembourg, 2022, doi:10.2760/730164, JRC130363;  Food and Agriculture Organization of the United Nations (FAO). FAOSTAT Climate Change, Emissions, Emission Totals. License: CC BY-NC-SA 3.0 IGO. Extracted from: https://www.fao.org/faostat/en/#data/GT. IMF staff calculations.",ECNGDR,Annual Net Emissions/Removals,"Environment, Climate Change, Greenhouse Gas Emissions, National GHG Emissions Inventories and Implied National Mitigation (Nationally Determined Contributions) Targets, Annual Net Emissions/Removals",5. Waste,Methane,Units,0.84886151,1.056135783,1.166676652,1.256129384,1.33645953,1.4266482,1.566826026,1.679384415,1.818062961,1.948958895,2.068352616,2.177844453,2.256261813,2.405837943,2.542353801,2.735840459,2.92153676,3.117744282,3.240800742,3.366392282,3.273055264,3.530980615,3.706122721,3.733050849,3.62355681,3.580663467,3.596130601,3.753200305,3.98906579,4.181389835,4.374967474,4.511121814,4.60806106,4.799058848,4.957131598,5.189200917,5.45748685,5.738017756,6.045025818,6.302909777,6.639264196,7.090619788,7.540068671,7.944848387,8.262705736,8.565117175,8.822033686,8.924408348,8.98195973,9.135867551,9.393759874,9.592876079,9.815503003,10.01339927,,,,,,,
Kuwait,KW,KWT,Annual Net Emissions/Removals,Million metric tons of CO2 equivalent,"United Nations Framework Convention on Climate Change (UNFCCC). 2022. Greenhouse Gas Inventory Data - Detailed data by Party - Annex I. https://di.unfccc.int/detailed_data_by_party. Copyright 2022 United Nations Framework Convention on Climate Change; EDGARv7.0, Crippa, M., Guizzardi, D., Banja, M., Solazzo, E., Muntean, M., Schaaf, E., Pagani, F., Monforti-Ferrario, F., Olivier, J., Quadrelli, R., Risquez Martin, A., Taghavi-Moharamli, P., Grassi, G., Rossi, S., Jacome Felix Oom, D., Branco, A., San-Miguel-Ayanz, J. and Vignati, E., CO2 emissions of all world countries - 2022 Report, EUR 31182 EN, Publications Office of the European Union, Luxembourg, 2022, doi:10.2760/730164, JRC130363;  Food and Agriculture Organization of the United Nations (FAO). FAOSTAT Climate Change, Emissions, Emission Totals. License: CC BY-NC-SA 3.0 IGO. Extracted from: https://www.fao.org/faostat/en/#data/GT. IMF staff calculations.",ECNGDR,Annual Net Emissions/Removals,"Environment, Climate Change, Greenhouse Gas Emissions, National GHG Emissions Inventories and Implied National Mitigation (Nationally Determined Contributions) Targets, Annual Net Emissions/Removals",5. Waste,Nitrous oxide,Units,0.009136435,0.009506415,0.01036844,0.010826914,0.011779971,0.012684714,0.013880611,0.015954295,0.017426853,0.01915878,0.020697198,0.021714081,0.022889382,0.023319124,0.024903313,0.02561582,0.02716441,0.028616373,0.030256498,0.031333663,0.020371159,0.020866337,0.024703883,0.026714305,0.027775149,0.027969874,0.028336569,0.029094504,0.030475858,0.032596229,0.035142728,0.036147251,0.036738065,0.037461791,0.040606748,0.042859856,0.045629407,0.047087679,0.050021933,0.051749402,0.0537845,0.055004664,0.058245817,0.061303761,0.06462926,0.06613026,0.067898145,0.069097001,0.071021885,0.071899246,0.07389085,0.076492031,0.078210808,0.079968221,,,,,,,
Kuwait,KW,KWT,Annual Net Emissions/Removals,Million metric tons of CO2 equivalent,"United Nations Framework Convention on Climate Change (UNFCCC). 2022. Greenhouse Gas Inventory Data - Detailed data by Party - Annex I. https://di.unfccc.int/detailed_data_by_party. Copyright 2022 United Nations Framework Convention on Climate Change; EDGARv7.0, Crippa, M., Guizzardi, D., Banja, M., Solazzo, E., Muntean, M., Schaaf, E., Pagani, F., Monforti-Ferrario, F., Olivier, J., Quadrelli, R., Risquez Martin, A., Taghavi-Moharamli, P., Grassi, G., Rossi, S., Jacome Felix Oom, D., Branco, A., San-Miguel-Ayanz, J. and Vignati, E., CO2 emissions of all world countries - 2022 Report, EUR 31182 EN, Publications Office of the European Union, Luxembourg, 2022, doi:10.2760/730164, JRC130363;  Food and Agriculture Organization of the United Nations (FAO). FAOSTAT Climate Change, Emissions, Emission Totals. License: CC BY-NC-SA 3.0 IGO. Extracted from: https://www.fao.org/faostat/en/#data/GT. IMF staff calculations.",ECNGDR,Annual Net Emissions/Removals,"Environment, Climate Change, Greenhouse Gas Emissions, National GHG Emissions Inventories and Implied National Mitigation (Nationally Determined Contributions) Targets, Annual Net Emissions/Removals",6. Other,Carbon dioxide,Units,,,,,,,,,,,,,,,,,,,,,,26.84,,,,,,,,,,,,,,,,,,,,,,,,,,,,,,,,,,,,,,,
Kuwait,KW,KWT,Annual Net Emissions/Removals,Million metric tons of CO2 equivalent,"United Nations Framework Convention on Climate Change (UNFCCC). 2022. Greenhouse Gas Inventory Data - Detailed data by Party - Annex I. https://di.unfccc.int/detailed_data_by_party. Copyright 2022 United Nations Framework Convention on Climate Change; EDGARv7.0, Crippa, M., Guizzardi, D., Banja, M., Solazzo, E., Muntean, M., Schaaf, E., Pagani, F., Monforti-Ferrario, F., Olivier, J., Quadrelli, R., Risquez Martin, A., Taghavi-Moharamli, P., Grassi, G., Rossi, S., Jacome Felix Oom, D., Branco, A., San-Miguel-Ayanz, J. and Vignati, E., CO2 emissions of all world countries - 2022 Report, EUR 31182 EN, Publications Office of the European Union, Luxembourg, 2022, doi:10.2760/730164, JRC130363;  Food and Agriculture Organization of the United Nations (FAO). FAOSTAT Climate Change, Emissions, Emission Totals. License: CC BY-NC-SA 3.0 IGO. Extracted from: https://www.fao.org/faostat/en/#data/GT. IMF staff calculations.",ECNGDR,Annual Net Emissions/Removals,"Environment, Climate Change, Greenhouse Gas Emissions, National GHG Emissions Inventories and Implied National Mitigation (Nationally Determined Contributions) Targets, Annual Net Emissions/Removals",6. Other,Greenhouse gas,Units,0.066982943,0.07032832,0.076980033,0.074776652,0.068527646,0.067983587,0.072019362,0.079696495,0.093795887,0.106467617,0.132738902,0.15299673,0.19212233,0.198549997,0.18772891,0.220491789,0.227911753,0.236081071,0.270595758,0.3060183,0.141578292,27.53763128,0.150328219,0.151322525,0.170442564,0.172814389,0.163530906,0.16905271,0.207016682,0.227250492,0.231537566,0.244197031,0.262070064,0.265322211,0.268057397,0.292092222,0.327714021,0.306372922,0.348283358,0.327353175,0.329407624,0.320069046,0.320211779,0.338016162,0.320653597,0.328247075,0.328757059,0.316220139,0.318913775,0.31484284,0.272863591,0.339228333,0.332327096,0.332722154,,,,,,,
Kuwait,KW,KWT,Annual Net Emissions/Removals,Million metric tons of CO2 equivalent,"United Nations Framework Convention on Climate Change (UNFCCC). 2022. Greenhouse Gas Inventory Data - Detailed data by Party - Annex I. https://di.unfccc.int/detailed_data_by_party. Copyright 2022 United Nations Framework Convention on Climate Change; EDGARv7.0, Crippa, M., Guizzardi, D., Banja, M., Solazzo, E., Muntean, M., Schaaf, E., Pagani, F., Monforti-Ferrario, F., Olivier, J., Quadrelli, R., Risquez Martin, A., Taghavi-Moharamli, P., Grassi, G., Rossi, S., Jacome Felix Oom, D., Branco, A., San-Miguel-Ayanz, J. and Vignati, E., CO2 emissions of all world countries - 2022 Report, EUR 31182 EN, Publications Office of the European Union, Luxembourg, 2022, doi:10.2760/730164, JRC130363;  Food and Agriculture Organization of the United Nations (FAO). FAOSTAT Climate Change, Emissions, Emission Totals. License: CC BY-NC-SA 3.0 IGO. Extracted from: https://www.fao.org/faostat/en/#data/GT. IMF staff calculations.",ECNGDR,Annual Net Emissions/Removals,"Environment, Climate Change, Greenhouse Gas Emissions, National GHG Emissions Inventories and Implied National Mitigation (Nationally Determined Contributions) Targets, Annual Net Emissions/Removals",6. Other,Methane,Units,,,,,,,,,,,,,,,,,,,,,,0.566244726,,,,,,,,,,,,,,,,,,,,,,,,,,,,,,,,,,,,,,,
Kuwait,KW,KWT,Annual Net Emissions/Removals,Million metric tons of CO2 equivalent,"United Nations Framework Convention on Climate Change (UNFCCC). 2022. Greenhouse Gas Inventory Data - Detailed data by Party - Annex I. https://di.unfccc.int/detailed_data_by_party. Copyright 2022 United Nations Framework Convention on Climate Change; EDGARv7.0, Crippa, M., Guizzardi, D., Banja, M., Solazzo, E., Muntean, M., Schaaf, E., Pagani, F., Monforti-Ferrario, F., Olivier, J., Quadrelli, R., Risquez Martin, A., Taghavi-Moharamli, P., Grassi, G., Rossi, S., Jacome Felix Oom, D., Branco, A., San-Miguel-Ayanz, J. and Vignati, E., CO2 emissions of all world countries - 2022 Report, EUR 31182 EN, Publications Office of the European Union, Luxembourg, 2022, doi:10.2760/730164, JRC130363;  Food and Agriculture Organization of the United Nations (FAO). FAOSTAT Climate Change, Emissions, Emission Totals. License: CC BY-NC-SA 3.0 IGO. Extracted from: https://www.fao.org/faostat/en/#data/GT. IMF staff calculations.",ECNGDR,Annual Net Emissions/Removals,"Environment, Climate Change, Greenhouse Gas Emissions, National GHG Emissions Inventories and Implied National Mitigation (Nationally Determined Contributions) Targets, Annual Net Emissions/Removals",6. Other,Nitrous oxide,Units,0.066982943,0.07032832,0.076980033,0.074776652,0.068527646,0.067983587,0.072019362,0.079696495,0.093795887,0.106467617,0.132738902,0.15299673,0.19212233,0.198549997,0.18772891,0.220491789,0.227911753,0.236081071,0.270595758,0.3060183,0.141578292,0.131386554,0.150328219,0.151322525,0.170442564,0.172814389,0.163530906,0.16905271,0.207016682,0.227250492,0.231537566,0.244197031,0.262070064,0.265322211,0.268057397,0.292092222,0.327714021,0.306372922,0.348283358,0.327353175,0.329407624,0.320069046,0.320211779,0.338016162,0.320653597,0.328247075,0.328757059,0.316220139,0.318913775,0.31484284,0.272863591,0.339228333,0.332327096,0.332722154,,,,,,,
Kuwait,KW,KWT,Baseline Energy CO2 emissions,Million metric tons of CO2 equivalent,"United Nations Framework Convention on Climate Change (UNFCCC). 2022. Greenhouse Gas Inventory Data - Detailed data by Party - Annex I. https://di.unfccc.int/detailed_data_by_party. Copyright 2022 United Nations Framework Convention on Climate Change; EDGARv7.0, Crippa, M., Guizzardi, D., Banja, M., Solazzo, E., Muntean, M., Schaaf, E., Pagani, F., Monforti-Ferrario, F., Olivier, J., Quadrelli, R., Risquez Martin, A., Taghavi-Moharamli, P., Grassi, G., Rossi, S., Jacome Felix Oom, D., Branco, A., San-Miguel-Ayanz, J. and Vignati, E., CO2 emissions of all world countries - 2022 Report, EUR 31182 EN, Publications Office of the European Union, Luxembourg, 2022, doi:10.2760/730164, JRC130363;  Food and Agriculture Organization of the United Nations (FAO). FAOSTAT Climate Change, Emissions, Emission Totals. License: CC BY-NC-SA 3.0 IGO. Extracted from: https://www.fao.org/faostat/en/#data/GT. IMF staff calculations.",ECNGDCB,CO2 Emissions; Baseline,"Environment, Climate Change, Greenhouse Gas Emissions, National GHG Emissions Inventories and Implied National Mitigation (Nationally Determined Contributions) Targets, CO2 Emissions, Baseline",Not Applicable,Not Applicable,Units,,,,,,,,,,,,,,,,,,,,,,,,,,,,,,,,,,,,,,,,,,,,,,,,,,,,,,104.854965,,,,,,,
Kuwait,KW,KWT,"Baseline GHG emissions excluding land-use, land-use change and forestry",Million metric tons of CO2 equivalent,"United Nations Framework Convention on Climate Change (UNFCCC). 2022. Greenhouse Gas Inventory Data - Detailed data by Party - Annex I. https://di.unfccc.int/detailed_data_by_party. Copyright 2022 United Nations Framework Convention on Climate Change; EDGARv7.0, Crippa, M., Guizzardi, D., Banja, M., Solazzo, E., Muntean, M., Schaaf, E., Pagani, F., Monforti-Ferrario, F., Olivier, J., Quadrelli, R., Risquez Martin, A., Taghavi-Moharamli, P., Grassi, G., Rossi, S., Jacome Felix Oom, D., Branco, A., San-Miguel-Ayanz, J. and Vignati, E., CO2 emissions of all world countries - 2022 Report, EUR 31182 EN, Publications Office of the European Union, Luxembourg, 2022, doi:10.2760/730164, JRC130363;  Food and Agriculture Organization of the United Nations (FAO). FAOSTAT Climate Change, Emissions, Emission Totals. License: CC BY-NC-SA 3.0 IGO. Extracted from: https://www.fao.org/faostat/en/#data/GT. IMF staff calculations.",ECNGDEB,Total GHG Emissions Excluding Land-Use and Land-Use Change and Forestry; Baseline,"Environment, Climate Change, Greenhouse Gas Emissions, National GHG Emissions Inventories and Implied National Mitigation (Nationally Determined Contributions) Targets, Total GHG Emissions Excluding Land-Use and Land-Use Change and Forestry, Baseline",Not Applicable,Not Applicable,Units,,,,,,,,,,,,,,,,,,,,,,,,,,,,,,,,,,,,,,,,,,,,,,,,,,,,,,167.9157688,,,,,,,
Kuwait,KW,KWT,"Baseline GHG emissions including land-use, land-use change and forestry",Million metric tons of CO2 equivalent,"United Nations Framework Convention on Climate Change (UNFCCC). 2022. Greenhouse Gas Inventory Data - Detailed data by Party - Annex I. https://di.unfccc.int/detailed_data_by_party. Copyright 2022 United Nations Framework Convention on Climate Change; EDGARv7.0, Crippa, M., Guizzardi, D., Banja, M., Solazzo, E., Muntean, M., Schaaf, E., Pagani, F., Monforti-Ferrario, F., Olivier, J., Quadrelli, R., Risquez Martin, A., Taghavi-Moharamli, P., Grassi, G., Rossi, S., Jacome Felix Oom, D., Branco, A., San-Miguel-Ayanz, J. and Vignati, E., CO2 emissions of all world countries - 2022 Report, EUR 31182 EN, Publications Office of the European Union, Luxembourg, 2022, doi:10.2760/730164, JRC130363;  Food and Agriculture Organization of the United Nations (FAO). FAOSTAT Climate Change, Emissions, Emission Totals. License: CC BY-NC-SA 3.0 IGO. Extracted from: https://www.fao.org/faostat/en/#data/GT. IMF staff calculations.",ECNGDIB,Total GHG Emissions Including Land-Use and Land-Use Change and Forestry; Baseline,"Environment, Climate Change, Greenhouse Gas Emissions, National GHG Emissions Inventories and Implied National Mitigation (Nationally Determined Contributions) Targets, Total GHG Emissions Including Land-Use and Land-Use Change and Forestry, Baseline",Not Applicable,Not Applicable,Units,,,,,,,,,,,,,,,,,,,,,,,,,,,,,,,,,,,,,,,,,,,,,,,,,,,,,,167.912792,,,,,,,
Kuwait,KW,KWT,IMF estimated CO2 emissions under a Business as Usual assumption,Million metric tons of CO2 equivalent,"United Nations Framework Convention on Climate Change (UNFCCC). 2022. Greenhouse Gas Inventory Data - Detailed data by Party - Annex I. https://di.unfccc.int/detailed_data_by_party. Copyright 2022 United Nations Framework Convention on Climate Change; EDGARv7.0, Crippa, M., Guizzardi, D., Banja, M., Solazzo, E., Muntean, M., Schaaf, E., Pagani, F., Monforti-Ferrario, F., Olivier, J., Quadrelli, R., Risquez Martin, A., Taghavi-Moharamli, P., Grassi, G., Rossi, S., Jacome Felix Oom, D., Branco, A., San-Miguel-Ayanz, J. and Vignati, E., CO2 emissions of all world countries - 2022 Report, EUR 31182 EN, Publications Office of the European Union, Luxembourg, 2022, doi:10.2760/730164, JRC130363;  Food and Agriculture Organization of the United Nations (FAO). FAOSTAT Climate Change, Emissions, Emission Totals. License: CC BY-NC-SA 3.0 IGO. Extracted from: https://www.fao.org/faostat/en/#data/GT. IMF staff calculations.",ECNGDCM_TGT2030,CO2 Emissions; IMF Estimated 2030 GHG Emissions Under a Business as Usual Assumption,"Environment, Climate Change, Greenhouse Gas Emissions, National GHG Emissions Inventories and Implied National Mitigation (Nationally Determined Contributions) Targets, CO2 Emissions, IMF Estimated 2030 GHG Emissions Under a Business as Usual Assumption",Not Applicable,Not Applicable,Units,,,,,,,,,,,,,,,,,,,,,,,,,,,,,,,,,,,,,,,,,,,,,,,,,,,,,,,105.544,108.673,109.091,108.264,99.835,94.782,90.188
Kuwait,KW,KWT,"IMF estimated GHG emissions excluding land-use, land-use change and forestry under a Business as Usual assumption",Million metric tons of CO2 equivalent,"United Nations Framework Convention on Climate Change (UNFCCC). 2022. Greenhouse Gas Inventory Data - Detailed data by Party - Annex I. https://di.unfccc.int/detailed_data_by_party. Copyright 2022 United Nations Framework Convention on Climate Change; EDGARv7.0, Crippa, M., Guizzardi, D., Banja, M., Solazzo, E., Muntean, M., Schaaf, E., Pagani, F., Monforti-Ferrario, F., Olivier, J., Quadrelli, R., Risquez Martin, A., Taghavi-Moharamli, P., Grassi, G., Rossi, S., Jacome Felix Oom, D., Branco, A., San-Miguel-Ayanz, J. and Vignati, E., CO2 emissions of all world countries - 2022 Report, EUR 31182 EN, Publications Office of the European Union, Luxembourg, 2022, doi:10.2760/730164, JRC130363;  Food and Agriculture Organization of the United Nations (FAO). FAOSTAT Climate Change, Emissions, Emission Totals. License: CC BY-NC-SA 3.0 IGO. Extracted from: https://www.fao.org/faostat/en/#data/GT. IMF staff calculations.",ECNGDEM_TGT2030,Total GHG Emissions Excluding Land-Use and Land-Use Change and Forestry; IMF Estimated 2030 GHG Emissions Under a Business as Usual Assumption,"Environment, Climate Change, Greenhouse Gas Emissions, National GHG Emissions Inventories and Implied National Mitigation (Nationally Determined Contributions) Targets, Total GHG Emissions Excluding Land-Use and Land-Use Change and Forestry, IMF Estimated 2030 GHG Emissions Under a Business as Usual Assumption",Not Applicable,Not Applicable,Units,,,,,,,,,,,,,,,,,,,,,,,,,,,,,,,,,,,,,,,,,,,,,,,,,,,,,,,171.354,175.096,175.897,175.444,167.282,162.536,158.249
Kuwait,KW,KWT,"IMF estimated GHG emissions including land-use, land-use change and forestry under a Business as Usual  assumption",Million metric tons of CO2 equivalent,"United Nations Framework Convention on Climate Change (UNFCCC). 2022. Greenhouse Gas Inventory Data - Detailed data by Party - Annex I. https://di.unfccc.int/detailed_data_by_party. Copyright 2022 United Nations Framework Convention on Climate Change; EDGARv7.0, Crippa, M., Guizzardi, D., Banja, M., Solazzo, E., Muntean, M., Schaaf, E., Pagani, F., Monforti-Ferrario, F., Olivier, J., Quadrelli, R., Risquez Martin, A., Taghavi-Moharamli, P., Grassi, G., Rossi, S., Jacome Felix Oom, D., Branco, A., San-Miguel-Ayanz, J. and Vignati, E., CO2 emissions of all world countries - 2022 Report, EUR 31182 EN, Publications Office of the European Union, Luxembourg, 2022, doi:10.2760/730164, JRC130363;  Food and Agriculture Organization of the United Nations (FAO). FAOSTAT Climate Change, Emissions, Emission Totals. License: CC BY-NC-SA 3.0 IGO. Extracted from: https://www.fao.org/faostat/en/#data/GT. IMF staff calculations.",ECNGDIM_TGT2030,Total GHG Emissions Including Land-Use and Land-Use Change and Forestry; IMF Estimated 2030 GHG Emissions Under a Business as Usual Assumption,"Environment, Climate Change, Greenhouse Gas Emissions, National GHG Emissions Inventories and Implied National Mitigation (Nationally Determined Contributions) Targets, Total GHG Emissions Including Land-Use and Land-Use Change and Forestry, IMF Estimated 2030 GHG Emissions Under a Business as Usual Assumption",Not Applicable,Not Applicable,Units,,,,,,,,,,,,,,,,,,,,,,,,,,,,,,,,,,,,,,,,,,,,,,,,,,,,,,,171.351,175.093,175.894,175.441,167.279,162.533,158.246
Kuwait,KW,KWT,Implied average (of conditional & unconditional) economy-wide Nationally Determined Contribution 2030 target level of Energy  CO2 emissions,Million metric tons of CO2 equivalent,"United Nations Framework Convention on Climate Change (UNFCCC). 2022. Greenhouse Gas Inventory Data - Detailed data by Party - Annex I. https://di.unfccc.int/detailed_data_by_party. Copyright 2022 United Nations Framework Convention on Climate Change; EDGARv7.0, Crippa, M., Guizzardi, D., Banja, M., Solazzo, E., Muntean, M., Schaaf, E., Pagani, F., Monforti-Ferrario, F., Olivier, J., Quadrelli, R., Risquez Martin, A., Taghavi-Moharamli, P., Grassi, G., Rossi, S., Jacome Felix Oom, D., Branco, A., San-Miguel-Ayanz, J. and Vignati, E., CO2 emissions of all world countries - 2022 Report, EUR 31182 EN, Publications Office of the European Union, Luxembourg, 2022, doi:10.2760/730164, JRC130363;  Food and Agriculture Organization of the United Nations (FAO). FAOSTAT Climate Change, Emissions, Emission Totals. License: CC BY-NC-SA 3.0 IGO. Extracted from: https://www.fao.org/faostat/en/#data/GT. IMF staff calculations.",ECNGDCAT_TGT2030,Implied Average (of Conditional & Unconditional) Economy-Wide; Nationally Determined Contribution 2030 Target Level,"Environment, Climate Change, Greenhouse Gas Emissions, National GHG Emissions Inventories and Implied National Mitigation (Nationally Determined Contributions) Targets, CO2 Emissions, Implied Average (of Conditional & Unconditional) Economy-Wide, Nationally Determined Contribution 2030 Target Level",Not Applicable,Not Applicable,Units,,,,,,,,,,,,,,,,,,,,,,,,,,,,,,,,,,,,,,,,,,,,,,,,,,,,,,,,,,,,,80.06198123
Kuwait,KW,KWT,"Implied average (of conditional & unconditional) economy-wide Nationally Determined Contribution 2030 target level of GHG emissions excluding land-use, land-use change and forestry",Million metric tons of CO2 equivalent,"United Nations Framework Convention on Climate Change (UNFCCC). 2022. Greenhouse Gas Inventory Data - Detailed data by Party - Annex I. https://di.unfccc.int/detailed_data_by_party. Copyright 2022 United Nations Framework Convention on Climate Change; EDGARv7.0, Crippa, M., Guizzardi, D., Banja, M., Solazzo, E., Muntean, M., Schaaf, E., Pagani, F., Monforti-Ferrario, F., Olivier, J., Quadrelli, R., Risquez Martin, A., Taghavi-Moharamli, P., Grassi, G., Rossi, S., Jacome Felix Oom, D., Branco, A., San-Miguel-Ayanz, J. and Vignati, E., CO2 emissions of all world countries - 2022 Report, EUR 31182 EN, Publications Office of the European Union, Luxembourg, 2022, doi:10.2760/730164, JRC130363;  Food and Agriculture Organization of the United Nations (FAO). FAOSTAT Climate Change, Emissions, Emission Totals. License: CC BY-NC-SA 3.0 IGO. Extracted from: https://www.fao.org/faostat/en/#data/GT. IMF staff calculations.",ECNGDEAT_TGT2030,Implied Average (of Conditional & Unconditional) Economy-Wide; Nationally Determined Contribution 2030 Target Level,"Environment, Climate Change, Greenhouse Gas Emissions, National GHG Emissions Inventories and Implied National Mitigation (Nationally Determined Contributions) Targets, Total GHG Emissions Excluding Land-Use and Land-Use Change and Forestry, Implied Average (of Conditional & Unconditional) Economy-Wide, Nationally Determined Contribution 2030 Target Level",Not Applicable,Not Applicable,Units,,,,,,,,,,,,,,,,,,,,,,,,,,,,,,,,,,,,,,,,,,,,,,,,,,,,,,,,,,,,,140.4813109
Kuwait,KW,KWT,"Implied average (of conditional & unconditional) economy-wide Nationally Determined Contribution 2030 target level of GHG emissions including land-use, land-use change and forestry",Million metric tons of CO2 equivalent,"United Nations Framework Convention on Climate Change (UNFCCC). 2022. Greenhouse Gas Inventory Data - Detailed data by Party - Annex I. https://di.unfccc.int/detailed_data_by_party. Copyright 2022 United Nations Framework Convention on Climate Change; EDGARv7.0, Crippa, M., Guizzardi, D., Banja, M., Solazzo, E., Muntean, M., Schaaf, E., Pagani, F., Monforti-Ferrario, F., Olivier, J., Quadrelli, R., Risquez Martin, A., Taghavi-Moharamli, P., Grassi, G., Rossi, S., Jacome Felix Oom, D., Branco, A., San-Miguel-Ayanz, J. and Vignati, E., CO2 emissions of all world countries - 2022 Report, EUR 31182 EN, Publications Office of the European Union, Luxembourg, 2022, doi:10.2760/730164, JRC130363;  Food and Agriculture Organization of the United Nations (FAO). FAOSTAT Climate Change, Emissions, Emission Totals. License: CC BY-NC-SA 3.0 IGO. Extracted from: https://www.fao.org/faostat/en/#data/GT. IMF staff calculations.",ECNGDIAT_TGT2030,Implied Average (of Conditional & Unconditional) Economy-Wide; Nationally Determined Contribution 2030 Target Level,"Environment, Climate Change, Greenhouse Gas Emissions, National GHG Emissions Inventories and Implied National Mitigation (Nationally Determined Contributions) Targets, Total GHG Emissions Including Land-Use and Land-Use Change and Forestry, Implied Average (of Conditional & Unconditional) Economy-Wide, Nationally Determined Contribution 2030 Target Level",Not Applicable,Not Applicable,Units,,,,,,,,,,,,,,,,,,,,,,,,,,,,,,,,,,,,,,,,,,,,,,,,,,,,,,,,,,,,,140.4786477
Kuwait,KW,KWT,Implied conditional economy-wide Nationally Determined Contribution 2030 target level of Energy CO2 emissions,Million metric tons of CO2 equivalent,"United Nations Framework Convention on Climate Change (UNFCCC). 2022. Greenhouse Gas Inventory Data - Detailed data by Party - Annex I. https://di.unfccc.int/detailed_data_by_party. Copyright 2022 United Nations Framework Convention on Climate Change; EDGARv7.0, Crippa, M., Guizzardi, D., Banja, M., Solazzo, E., Muntean, M., Schaaf, E., Pagani, F., Monforti-Ferrario, F., Olivier, J., Quadrelli, R., Risquez Martin, A., Taghavi-Moharamli, P., Grassi, G., Rossi, S., Jacome Felix Oom, D., Branco, A., San-Miguel-Ayanz, J. and Vignati, E., CO2 emissions of all world countries - 2022 Report, EUR 31182 EN, Publications Office of the European Union, Luxembourg, 2022, doi:10.2760/730164, JRC130363;  Food and Agriculture Organization of the United Nations (FAO). FAOSTAT Climate Change, Emissions, Emission Totals. License: CC BY-NC-SA 3.0 IGO. Extracted from: https://www.fao.org/faostat/en/#data/GT. IMF staff calculations.",ECNGDCCT_TGT2030,Implied Conditional Economy-Wide; Nationally Determined Contribution 2030 Target Level,"Environment, Climate Change, Greenhouse Gas Emissions, National GHG Emissions Inventories and Implied National Mitigation (Nationally Determined Contributions) Targets, CO2 Emissions, Implied Conditional Economy-Wide, Nationally Determined Contribution 2030 Target Level",Not Applicable,Not Applicable,Units,,,,,,,,,,,,,,,,,,,,,,,,,,,,,,,,,,,,,,,,,,,,,,,,,,,,,,,,,,,,,90.188
Kuwait,KW,KWT,"Implied conditional economy-wide Nationally Determined Contribution 2030 target level of GHG emissions excluding land-use, land-use change and forestry",Million metric tons of CO2 equivalent,"United Nations Framework Convention on Climate Change (UNFCCC). 2022. Greenhouse Gas Inventory Data - Detailed data by Party - Annex I. https://di.unfccc.int/detailed_data_by_party. Copyright 2022 United Nations Framework Convention on Climate Change; EDGARv7.0, Crippa, M., Guizzardi, D., Banja, M., Solazzo, E., Muntean, M., Schaaf, E., Pagani, F., Monforti-Ferrario, F., Olivier, J., Quadrelli, R., Risquez Martin, A., Taghavi-Moharamli, P., Grassi, G., Rossi, S., Jacome Felix Oom, D., Branco, A., San-Miguel-Ayanz, J. and Vignati, E., CO2 emissions of all world countries - 2022 Report, EUR 31182 EN, Publications Office of the European Union, Luxembourg, 2022, doi:10.2760/730164, JRC130363;  Food and Agriculture Organization of the United Nations (FAO). FAOSTAT Climate Change, Emissions, Emission Totals. License: CC BY-NC-SA 3.0 IGO. Extracted from: https://www.fao.org/faostat/en/#data/GT. IMF staff calculations.",ECNGDECT_TGT2030,Implied Conditional Economy-Wide; Nationally Determined Contribution 2030 Target Level,"Environment, Climate Change, Greenhouse Gas Emissions, National GHG Emissions Inventories and Implied National Mitigation (Nationally Determined Contributions) Targets, Total GHG Emissions Excluding Land-Use and Land-Use Change and Forestry, Implied Conditional Economy-Wide, Nationally Determined Contribution 2030 Target Level",Not Applicable,Not Applicable,Units,,,,,,,,,,,,,,,,,,,,,,,,,,,,,,,,,,,,,,,,,,,,,,,,,,,,,,,,,,,,,158.249
Kuwait,KW,KWT,"Implied conditional economy-wide Nationally Determined Contribution 2030 target level of GHG emissions including land-use, land-use change and forestry",Million metric tons of CO2 equivalent,"United Nations Framework Convention on Climate Change (UNFCCC). 2022. Greenhouse Gas Inventory Data - Detailed data by Party - Annex I. https://di.unfccc.int/detailed_data_by_party. Copyright 2022 United Nations Framework Convention on Climate Change; EDGARv7.0, Crippa, M., Guizzardi, D., Banja, M., Solazzo, E., Muntean, M., Schaaf, E., Pagani, F., Monforti-Ferrario, F., Olivier, J., Quadrelli, R., Risquez Martin, A., Taghavi-Moharamli, P., Grassi, G., Rossi, S., Jacome Felix Oom, D., Branco, A., San-Miguel-Ayanz, J. and Vignati, E., CO2 emissions of all world countries - 2022 Report, EUR 31182 EN, Publications Office of the European Union, Luxembourg, 2022, doi:10.2760/730164, JRC130363;  Food and Agriculture Organization of the United Nations (FAO). FAOSTAT Climate Change, Emissions, Emission Totals. License: CC BY-NC-SA 3.0 IGO. Extracted from: https://www.fao.org/faostat/en/#data/GT. IMF staff calculations.",ECNGDICT_TGT2030,Implied Conditional Economy-Wide; Nationally Determined Contribution 2030 Target Level,"Environment, Climate Change, Greenhouse Gas Emissions, National GHG Emissions Inventories and Implied National Mitigation (Nationally Determined Contributions) Targets, Total GHG Emissions Including Land-Use and Land-Use Change and Forestry, Implied Conditional Economy-Wide, Nationally Determined Contribution 2030 Target Level",Not Applicable,Not Applicable,Units,,,,,,,,,,,,,,,,,,,,,,,,,,,,,,,,,,,,,,,,,,,,,,,,,,,,,,,,,,,,,158.246
Kuwait,KW,KWT,Implied unconditional economy-wide Nationally Determined Contribution 2030 target level of Energy CO2 emissions,Million metric tons of CO2 equivalent,"United Nations Framework Convention on Climate Change (UNFCCC). 2022. Greenhouse Gas Inventory Data - Detailed data by Party - Annex I. https://di.unfccc.int/detailed_data_by_party. Copyright 2022 United Nations Framework Convention on Climate Change; EDGARv7.0, Crippa, M., Guizzardi, D., Banja, M., Solazzo, E., Muntean, M., Schaaf, E., Pagani, F., Monforti-Ferrario, F., Olivier, J., Quadrelli, R., Risquez Martin, A., Taghavi-Moharamli, P., Grassi, G., Rossi, S., Jacome Felix Oom, D., Branco, A., San-Miguel-Ayanz, J. and Vignati, E., CO2 emissions of all world countries - 2022 Report, EUR 31182 EN, Publications Office of the European Union, Luxembourg, 2022, doi:10.2760/730164, JRC130363;  Food and Agriculture Organization of the United Nations (FAO). FAOSTAT Climate Change, Emissions, Emission Totals. License: CC BY-NC-SA 3.0 IGO. Extracted from: https://www.fao.org/faostat/en/#data/GT. IMF staff calculations.",ECNGDCUT_TGT2030,Implied Unconditional Economy-Wide; Nationally Determined Contribution 2030 Target Level,"Environment, Climate Change, Greenhouse Gas Emissions, National GHG Emissions Inventories and Implied National Mitigation (Nationally Determined Contributions) Targets, CO2 Emissions, Implied Unconditional Economy-Wide, Nationally Determined Contribution 2030 Target Level",Not Applicable,Not Applicable,Units,,,,,,,,,,,,,,,,,,,,,,,,,,,,,,,,,,,,,,,,,,,,,,,,,,,,,,,,,,,,,80.0598876
Kuwait,KW,KWT,"Implied unconditional economy-wide Nationally Determined Contribution 2030 target level of GHG emissions excluding land-use, land-use change and forestry",Million metric tons of CO2 equivalent,"United Nations Framework Convention on Climate Change (UNFCCC). 2022. Greenhouse Gas Inventory Data - Detailed data by Party - Annex I. https://di.unfccc.int/detailed_data_by_party. Copyright 2022 United Nations Framework Convention on Climate Change; EDGARv7.0, Crippa, M., Guizzardi, D., Banja, M., Solazzo, E., Muntean, M., Schaaf, E., Pagani, F., Monforti-Ferrario, F., Olivier, J., Quadrelli, R., Risquez Martin, A., Taghavi-Moharamli, P., Grassi, G., Rossi, S., Jacome Felix Oom, D., Branco, A., San-Miguel-Ayanz, J. and Vignati, E., CO2 emissions of all world countries - 2022 Report, EUR 31182 EN, Publications Office of the European Union, Luxembourg, 2022, doi:10.2760/730164, JRC130363;  Food and Agriculture Organization of the United Nations (FAO). FAOSTAT Climate Change, Emissions, Emission Totals. License: CC BY-NC-SA 3.0 IGO. Extracted from: https://www.fao.org/faostat/en/#data/GT. IMF staff calculations.",ECNGDEUT_TGT2030,Implied Unconditional Economy-Wide; Nationally Determined Contribution 2030 Target Level,"Environment, Climate Change, Greenhouse Gas Emissions, National GHG Emissions Inventories and Implied National Mitigation (Nationally Determined Contributions) Targets, Total GHG Emissions Excluding Land-Use and Land-Use Change and Forestry, Implied Unconditional Economy-Wide, Nationally Determined Contribution 2030 Target Level",Not Applicable,Not Applicable,Units,,,,,,,,,,,,,,,,,,,,,,,,,,,,,,,,,,,,,,,,,,,,,,,,,,,,,,,,,,,,,140.4776373
Kuwait,KW,KWT,"Implied unconditional economy-wide Nationally Determined Contribution 2030 target level of GHG emissions including land-use, land-use change and forestry",Million metric tons of CO2 equivalent,"United Nations Framework Convention on Climate Change (UNFCCC). 2022. Greenhouse Gas Inventory Data - Detailed data by Party - Annex I. https://di.unfccc.int/detailed_data_by_party. Copyright 2022 United Nations Framework Convention on Climate Change; EDGARv7.0, Crippa, M., Guizzardi, D., Banja, M., Solazzo, E., Muntean, M., Schaaf, E., Pagani, F., Monforti-Ferrario, F., Olivier, J., Quadrelli, R., Risquez Martin, A., Taghavi-Moharamli, P., Grassi, G., Rossi, S., Jacome Felix Oom, D., Branco, A., San-Miguel-Ayanz, J. and Vignati, E., CO2 emissions of all world countries - 2022 Report, EUR 31182 EN, Publications Office of the European Union, Luxembourg, 2022, doi:10.2760/730164, JRC130363;  Food and Agriculture Organization of the United Nations (FAO). FAOSTAT Climate Change, Emissions, Emission Totals. License: CC BY-NC-SA 3.0 IGO. Extracted from: https://www.fao.org/faostat/en/#data/GT. IMF staff calculations.",ECNGDIUT_TGT2030,Implied Unconditional Economy-Wide; Nationally Determined Contribution 2030 Target Level,"Environment, Climate Change, Greenhouse Gas Emissions, National GHG Emissions Inventories and Implied National Mitigation (Nationally Determined Contributions) Targets, Total GHG Emissions Including Land-Use and Land-Use Change and Forestry, Implied Unconditional Economy-Wide, Nationally Determined Contribution 2030 Target Level",Not Applicable,Not Applicable,Units,,,,,,,,,,,,,,,,,,,,,,,,,,,,,,,,,,,,,,,,,,,,,,,,,,,,,,,,,,,,,140.4749742
Kuwait,KW,KWT,"Total GHG emissions excluding land-use, land-use change and forestry",Million metric tons of CO2 equivalent,"United Nations Framework Convention on Climate Change (UNFCCC). 2022. Greenhouse Gas Inventory Data - Detailed data by Party - Annex I. https://di.unfccc.int/detailed_data_by_party. Copyright 2022 United Nations Framework Convention on Climate Change; EDGARv7.0, Crippa, M., Guizzardi, D., Banja, M., Solazzo, E., Muntean, M., Schaaf, E., Pagani, F., Monforti-Ferrario, F., Olivier, J., Quadrelli, R., Risquez Martin, A., Taghavi-Moharamli, P., Grassi, G., Rossi, S., Jacome Felix Oom, D., Branco, A., San-Miguel-Ayanz, J. and Vignati, E., CO2 emissions of all world countries - 2022 Report, EUR 31182 EN, Publications Office of the European Union, Luxembourg, 2022, doi:10.2760/730164, JRC130363;  Food and Agriculture Organization of the United Nations (FAO). FAOSTAT Climate Change, Emissions, Emission Totals. License: CC BY-NC-SA 3.0 IGO. Extracted from: https://www.fao.org/faostat/en/#data/GT. IMF staff calculations.",ECNGDE,Total GHG Emissions Excluding Land-Use and Land-Use Change and Forestry,"Environment, Climate Change, Greenhouse Gas Emissions, National GHG Emissions Inventories and Implied National Mitigation (Nationally Determined Contributions) Targets, Total GHG Emissions Excluding Land-Use and Land-Use Change and Forestry",Not Applicable,Carbon dioxide,Units,38.6332808,40.99539107,41.6429491,37.27415014,30.34985696,25.96475312,26.59154867,26.20181586,30.21152718,34.69551781,32.47137413,30.73985358,32.83541018,35.44492518,36.11893268,40.83733341,43.94226649,47.20807224,56.73061021,66.27026889,32.40764707,38.4974412,26.96281786,34.27684682,40.73311219,40.31189356,39.64594938,41.74818156,46.32658921,49.88907691,54.4772668,57.50534805,60.08191422,63.17468056,67.22925899,75.4288332,78.07004365,76.31141121,81.72774824,83.51930062,86.49829878,89.87420242,90.77204693,93.17368919,91.27309359,94.685856,97.23528909,96.2003369,97.99861992,98.82198368,98.6103361,106.1440519,109.3973139,111.633539,,,,,,,
Kuwait,KW,KWT,"Total GHG emissions excluding land-use, land-use change and forestry",Million metric tons of CO2 equivalent,"United Nations Framework Convention on Climate Change (UNFCCC). 2022. Greenhouse Gas Inventory Data - Detailed data by Party - Annex I. https://di.unfccc.int/detailed_data_by_party. Copyright 2022 United Nations Framework Convention on Climate Change; EDGARv7.0, Crippa, M., Guizzardi, D., Banja, M., Solazzo, E., Muntean, M., Schaaf, E., Pagani, F., Monforti-Ferrario, F., Olivier, J., Quadrelli, R., Risquez Martin, A., Taghavi-Moharamli, P., Grassi, G., Rossi, S., Jacome Felix Oom, D., Branco, A., San-Miguel-Ayanz, J. and Vignati, E., CO2 emissions of all world countries - 2022 Report, EUR 31182 EN, Publications Office of the European Union, Luxembourg, 2022, doi:10.2760/730164, JRC130363;  Food and Agriculture Organization of the United Nations (FAO). FAOSTAT Climate Change, Emissions, Emission Totals. License: CC BY-NC-SA 3.0 IGO. Extracted from: https://www.fao.org/faostat/en/#data/GT. IMF staff calculations.",ECNGDE,Total GHG Emissions Excluding Land-Use and Land-Use Change and Forestry,"Environment, Climate Change, Greenhouse Gas Emissions, National GHG Emissions Inventories and Implied National Mitigation (Nationally Determined Contributions) Targets, Total GHG Emissions Excluding Land-Use and Land-Use Change and Forestry",Not Applicable,Fluorinated gases,Units,0.17108,0.17108,0.17108,0.17108,0.17108,0.17108,0.19458,0.22795,0.264845,0.330175,0.395690992,0.37398623,0.373302682,0.370994987,0.447382784,0.510128691,0.479807194,0.436873659,0.369387598,0.343169475,0.292966634,0.404734517,0.499196713,0.551127309,0.641573198,0.729713367,0.834556638,0.917867477,1.036736316,1.314097643,2.030661075,2.637809459,3.218709069,3.885983659,4.560939867,5.366477873,5.634844714,5.730237951,5.924251598,6.12925986,6.119481265,6.180534195,6.313540314,6.494557195,7.04402762,7.736936893,8.752926925,9.755124162,10.97656552,12.05644173,13.15766556,14.29256497,15.39912763,16.51335626,,,,,,,
Kuwait,KW,KWT,"Total GHG emissions excluding land-use, land-use change and forestry",Million metric tons of CO2 equivalent,"United Nations Framework Convention on Climate Change (UNFCCC). 2022. Greenhouse Gas Inventory Data - Detailed data by Party - Annex I. https://di.unfccc.int/detailed_data_by_party. Copyright 2022 United Nations Framework Convention on Climate Change; EDGARv7.0, Crippa, M., Guizzardi, D., Banja, M., Solazzo, E., Muntean, M., Schaaf, E., Pagani, F., Monforti-Ferrario, F., Olivier, J., Quadrelli, R., Risquez Martin, A., Taghavi-Moharamli, P., Grassi, G., Rossi, S., Jacome Felix Oom, D., Branco, A., San-Miguel-Ayanz, J. and Vignati, E., CO2 emissions of all world countries - 2022 Report, EUR 31182 EN, Publications Office of the European Union, Luxembourg, 2022, doi:10.2760/730164, JRC130363;  Food and Agriculture Organization of the United Nations (FAO). FAOSTAT Climate Change, Emissions, Emission Totals. License: CC BY-NC-SA 3.0 IGO. Extracted from: https://www.fao.org/faostat/en/#data/GT. IMF staff calculations.",ECNGDE,Total GHG Emissions Excluding Land-Use and Land-Use Change and Forestry,"Environment, Climate Change, Greenhouse Gas Emissions, National GHG Emissions Inventories and Implied National Mitigation (Nationally Determined Contributions) Targets, Total GHG Emissions Excluding Land-Use and Land-Use Change and Forestry",Not Applicable,Greenhouse gas,Units,79.43618268,82.01857705,85.83875984,78.12594888,65.2348207,55.0547391,56.48067339,53.99275215,60.67374939,70.72877995,57.82468754,49.05531555,47.25902308,53.22922795,55.53982459,59.03308947,65.55950593,70.76354397,81.24570529,94.8629224,50.54335721,45.85364551,45.94366094,64.30381448,72.94258182,70.78808407,71.26940708,75.94139228,77.19645344,79.34703601,88.05640945,89.90848511,93.12262062,103.4538082,108.3064212,120.000964,123.4516734,119.5288862,124.2166333,122.7410228,125.9708952,133.0763815,137.157389,139.6333511,138.0128482,142.5599456,147.5015284,145.2292075,148.7682477,150.2476115,149.0334112,157.8005672,165.3813824,167.9157688,,,,,,,
Kuwait,KW,KWT,"Total GHG emissions excluding land-use, land-use change and forestry",Million metric tons of CO2 equivalent,"United Nations Framework Convention on Climate Change (UNFCCC). 2022. Greenhouse Gas Inventory Data - Detailed data by Party - Annex I. https://di.unfccc.int/detailed_data_by_party. Copyright 2022 United Nations Framework Convention on Climate Change; EDGARv7.0, Crippa, M., Guizzardi, D., Banja, M., Solazzo, E., Muntean, M., Schaaf, E., Pagani, F., Monforti-Ferrario, F., Olivier, J., Quadrelli, R., Risquez Martin, A., Taghavi-Moharamli, P., Grassi, G., Rossi, S., Jacome Felix Oom, D., Branco, A., San-Miguel-Ayanz, J. and Vignati, E., CO2 emissions of all world countries - 2022 Report, EUR 31182 EN, Publications Office of the European Union, Luxembourg, 2022, doi:10.2760/730164, JRC130363;  Food and Agriculture Organization of the United Nations (FAO). FAOSTAT Climate Change, Emissions, Emission Totals. License: CC BY-NC-SA 3.0 IGO. Extracted from: https://www.fao.org/faostat/en/#data/GT. IMF staff calculations.",ECNGDE,Total GHG Emissions Excluding Land-Use and Land-Use Change and Forestry,"Environment, Climate Change, Greenhouse Gas Emissions, National GHG Emissions Inventories and Implied National Mitigation (Nationally Determined Contributions) Targets, Total GHG Emissions Excluding Land-Use and Land-Use Change and Forestry",Not Applicable,Methane,Units,40.38672898,40.5931775,43.75469844,40.42866788,34.48832647,28.70339906,29.47278188,27.33008217,29.92284552,35.39367583,24.6028434,17.55731619,13.6058759,16.95009683,18.53344746,17.16948573,20.61438877,22.56695506,23.53208012,27.56466136,17.4725042,6.663072294,18.13301364,29.1038728,31.1425125,29.29409075,30.30170271,32.73914118,29.23641598,27.49117857,30.95087495,29.15436752,29.17321003,35.72523401,35.84305094,38.48849885,38.98007968,36.73146877,35.7442973,32.26901551,32.51549043,36.18521994,39.22285006,39.06145719,38.79707789,39.22408295,40.56380336,38.33852841,38.84148209,38.4082506,36.35649573,36.35559084,39.58653871,38.76349213,,,,,,,
Kuwait,KW,KWT,"Total GHG emissions excluding land-use, land-use change and forestry",Million metric tons of CO2 equivalent,"United Nations Framework Convention on Climate Change (UNFCCC). 2022. Greenhouse Gas Inventory Data - Detailed data by Party - Annex I. https://di.unfccc.int/detailed_data_by_party. Copyright 2022 United Nations Framework Convention on Climate Change; EDGARv7.0, Crippa, M., Guizzardi, D., Banja, M., Solazzo, E., Muntean, M., Schaaf, E., Pagani, F., Monforti-Ferrario, F., Olivier, J., Quadrelli, R., Risquez Martin, A., Taghavi-Moharamli, P., Grassi, G., Rossi, S., Jacome Felix Oom, D., Branco, A., San-Miguel-Ayanz, J. and Vignati, E., CO2 emissions of all world countries - 2022 Report, EUR 31182 EN, Publications Office of the European Union, Luxembourg, 2022, doi:10.2760/730164, JRC130363;  Food and Agriculture Organization of the United Nations (FAO). FAOSTAT Climate Change, Emissions, Emission Totals. License: CC BY-NC-SA 3.0 IGO. Extracted from: https://www.fao.org/faostat/en/#data/GT. IMF staff calculations.",ECNGDE,Total GHG Emissions Excluding Land-Use and Land-Use Change and Forestry,"Environment, Climate Change, Greenhouse Gas Emissions, National GHG Emissions Inventories and Implied National Mitigation (Nationally Determined Contributions) Targets, Total GHG Emissions Excluding Land-Use and Land-Use Change and Forestry",Not Applicable,Nitrous oxide,Units,0.245092906,0.258928473,0.270032293,0.252050863,0.225557266,0.215506915,0.221762837,0.23290412,0.27453168,0.3094113,0.354779019,0.384159553,0.444434313,0.463210951,0.440061658,0.516141631,0.523043487,0.551643006,0.613627353,0.684822674,0.370239303,0.288397506,0.348632728,0.371967554,0.425383922,0.452386389,0.487198356,0.536202055,0.596711937,0.652682889,0.597606625,0.610960085,0.648787306,0.667910009,0.673171362,0.717154037,0.76670541,0.755768248,0.820336189,0.823446809,0.837624719,0.836424948,0.848951743,0.903647542,0.898649092,0.913069764,0.94950907,0.935217982,0.951580196,0.960935507,0.908913816,1.008359548,0.998402231,1.005381411,,,,,,,
Kuwait,KW,KWT,"Total GHG emissions including land-use, land-use change and forestry",Million metric tons of CO2 equivalent,"United Nations Framework Convention on Climate Change (UNFCCC). 2022. Greenhouse Gas Inventory Data - Detailed data by Party - Annex I. https://di.unfccc.int/detailed_data_by_party. Copyright 2022 United Nations Framework Convention on Climate Change; EDGARv7.0, Crippa, M., Guizzardi, D., Banja, M., Solazzo, E., Muntean, M., Schaaf, E., Pagani, F., Monforti-Ferrario, F., Olivier, J., Quadrelli, R., Risquez Martin, A., Taghavi-Moharamli, P., Grassi, G., Rossi, S., Jacome Felix Oom, D., Branco, A., San-Miguel-Ayanz, J. and Vignati, E., CO2 emissions of all world countries - 2022 Report, EUR 31182 EN, Publications Office of the European Union, Luxembourg, 2022, doi:10.2760/730164, JRC130363;  Food and Agriculture Organization of the United Nations (FAO). FAOSTAT Climate Change, Emissions, Emission Totals. License: CC BY-NC-SA 3.0 IGO. Extracted from: https://www.fao.org/faostat/en/#data/GT. IMF staff calculations.",ECNGDI,Total GHG Emissions Including Land-Use and Land-Use Change and Forestry,"Environment, Climate Change, Greenhouse Gas Emissions, National GHG Emissions Inventories and Implied National Mitigation (Nationally Determined Contributions) Targets, Total GHG Emissions Including Land-Use and Land-Use Change and Forestry",Not Applicable,Carbon dioxide,Units,38.6332808,40.99539107,41.6429491,37.27415014,30.34985696,25.96475312,26.59154867,26.20181586,30.21152718,34.69551781,32.47137413,30.73985358,32.83541018,35.44492518,36.11893268,40.83733341,43.94226649,47.20807224,56.73061021,66.27026889,32.38859837,38.4783925,26.94376916,34.25779812,40.71406349,40.29284486,39.62690068,41.72913286,46.30754051,49.87002821,54.4582181,57.48234945,60.05891562,63.15168196,67.20626039,75.4058346,78.04704505,76.28841261,81.70474964,83.49630202,86.47530018,89.86398232,90.76182683,93.16346909,91.26287349,94.6756359,97.23231229,96.1973601,97.99564312,98.81900688,98.6073593,106.1410751,109.3943371,111.6305622,,,,,,,
Kuwait,KW,KWT,"Total GHG emissions including land-use, land-use change and forestry",Million metric tons of CO2 equivalent,"United Nations Framework Convention on Climate Change (UNFCCC). 2022. Greenhouse Gas Inventory Data - Detailed data by Party - Annex I. https://di.unfccc.int/detailed_data_by_party. Copyright 2022 United Nations Framework Convention on Climate Change; EDGARv7.0, Crippa, M., Guizzardi, D., Banja, M., Solazzo, E., Muntean, M., Schaaf, E., Pagani, F., Monforti-Ferrario, F., Olivier, J., Quadrelli, R., Risquez Martin, A., Taghavi-Moharamli, P., Grassi, G., Rossi, S., Jacome Felix Oom, D., Branco, A., San-Miguel-Ayanz, J. and Vignati, E., CO2 emissions of all world countries - 2022 Report, EUR 31182 EN, Publications Office of the European Union, Luxembourg, 2022, doi:10.2760/730164, JRC130363;  Food and Agriculture Organization of the United Nations (FAO). FAOSTAT Climate Change, Emissions, Emission Totals. License: CC BY-NC-SA 3.0 IGO. Extracted from: https://www.fao.org/faostat/en/#data/GT. IMF staff calculations.",ECNGDI,Total GHG Emissions Including Land-Use and Land-Use Change and Forestry,"Environment, Climate Change, Greenhouse Gas Emissions, National GHG Emissions Inventories and Implied National Mitigation (Nationally Determined Contributions) Targets, Total GHG Emissions Including Land-Use and Land-Use Change and Forestry",Not Applicable,Fluorinated gases,Units,0.17108,0.17108,0.17108,0.17108,0.17108,0.17108,0.19458,0.22795,0.264845,0.330175,0.395690992,0.37398623,0.373302682,0.370994987,0.447382784,0.510128691,0.479807194,0.436873659,0.369387598,0.343169475,0.292966634,0.404734517,0.499196713,0.551127309,0.641573198,0.729713367,0.834556638,0.917867477,1.036736316,1.314097643,2.030661075,2.637809459,3.218709069,3.885983659,4.560939867,5.366477873,5.634844714,5.730237951,5.924251598,6.12925986,6.119481265,6.180534195,6.313540314,6.494557195,7.04402762,7.736936893,8.752926925,9.755124162,10.97656552,12.05644173,13.15766556,14.29256497,15.39912763,16.51335626,,,,,,,
Kuwait,KW,KWT,"Total GHG emissions including land-use, land-use change and forestry",Million metric tons of CO2 equivalent,"United Nations Framework Convention on Climate Change (UNFCCC). 2022. Greenhouse Gas Inventory Data - Detailed data by Party - Annex I. https://di.unfccc.int/detailed_data_by_party. Copyright 2022 United Nations Framework Convention on Climate Change; EDGARv7.0, Crippa, M., Guizzardi, D., Banja, M., Solazzo, E., Muntean, M., Schaaf, E., Pagani, F., Monforti-Ferrario, F., Olivier, J., Quadrelli, R., Risquez Martin, A., Taghavi-Moharamli, P., Grassi, G., Rossi, S., Jacome Felix Oom, D., Branco, A., San-Miguel-Ayanz, J. and Vignati, E., CO2 emissions of all world countries - 2022 Report, EUR 31182 EN, Publications Office of the European Union, Luxembourg, 2022, doi:10.2760/730164, JRC130363;  Food and Agriculture Organization of the United Nations (FAO). FAOSTAT Climate Change, Emissions, Emission Totals. License: CC BY-NC-SA 3.0 IGO. Extracted from: https://www.fao.org/faostat/en/#data/GT. IMF staff calculations.",ECNGDI,Total GHG Emissions Including Land-Use and Land-Use Change and Forestry,"Environment, Climate Change, Greenhouse Gas Emissions, National GHG Emissions Inventories and Implied National Mitigation (Nationally Determined Contributions) Targets, Total GHG Emissions Including Land-Use and Land-Use Change and Forestry",Not Applicable,Greenhouse gas,Units,79.43618268,82.01857705,85.83875984,78.12594888,65.2348207,55.0547391,56.48067339,53.99275215,60.67374939,70.72877995,57.82468754,49.05531555,47.25902308,53.22922795,55.53982459,59.03308947,65.55950593,70.76354397,81.24570529,94.8629224,50.52430851,45.83459681,45.92461224,64.28476578,72.92353312,70.76903537,71.25035838,75.92234358,77.17740474,79.32798731,88.03736075,89.88548651,93.09962202,103.4308096,108.2834226,119.9779654,123.4286748,119.5058876,124.1936347,122.7180242,125.9478966,133.0661614,137.1471689,139.623131,138.0026281,142.5497255,147.4985516,145.2262307,148.7652709,150.2446347,149.0304344,157.7975904,165.3784056,167.912792,,,,,,,
Kuwait,KW,KWT,"Total GHG emissions including land-use, land-use change and forestry",Million metric tons of CO2 equivalent,"United Nations Framework Convention on Climate Change (UNFCCC). 2022. Greenhouse Gas Inventory Data - Detailed data by Party - Annex I. https://di.unfccc.int/detailed_data_by_party. Copyright 2022 United Nations Framework Convention on Climate Change; EDGARv7.0, Crippa, M., Guizzardi, D., Banja, M., Solazzo, E., Muntean, M., Schaaf, E., Pagani, F., Monforti-Ferrario, F., Olivier, J., Quadrelli, R., Risquez Martin, A., Taghavi-Moharamli, P., Grassi, G., Rossi, S., Jacome Felix Oom, D., Branco, A., San-Miguel-Ayanz, J. and Vignati, E., CO2 emissions of all world countries - 2022 Report, EUR 31182 EN, Publications Office of the European Union, Luxembourg, 2022, doi:10.2760/730164, JRC130363;  Food and Agriculture Organization of the United Nations (FAO). FAOSTAT Climate Change, Emissions, Emission Totals. License: CC BY-NC-SA 3.0 IGO. Extracted from: https://www.fao.org/faostat/en/#data/GT. IMF staff calculations.",ECNGDI,Total GHG Emissions Including Land-Use and Land-Use Change and Forestry,"Environment, Climate Change, Greenhouse Gas Emissions, National GHG Emissions Inventories and Implied National Mitigation (Nationally Determined Contributions) Targets, Total GHG Emissions Including Land-Use and Land-Use Change and Forestry",Not Applicable,Methane,Units,40.38672898,40.5931775,43.75469844,40.42866788,34.48832647,28.70339906,29.47278188,27.33008217,29.92284552,35.39367583,24.6028434,17.55731619,13.6058759,16.95009683,18.53344746,17.16948573,20.61438877,22.56695506,23.53208012,27.56466136,17.4725042,6.663072294,18.13301364,29.1038728,31.1425125,29.29409075,30.30170271,32.73914118,29.23641598,27.49117857,30.95087495,29.15436752,29.17321003,35.72523401,35.84305094,38.48849885,38.98007968,36.73146877,35.7442973,32.26901551,32.51549043,36.18521994,39.22285006,39.06145719,38.79707789,39.22408295,40.56380336,38.33852841,38.84148209,38.4082506,36.35649573,36.35559084,39.58653871,38.76349213,,,,,,,
Kuwait,KW,KWT,"Total GHG emissions including land-use, land-use change and forestry",Million metric tons of CO2 equivalent,"United Nations Framework Convention on Climate Change (UNFCCC). 2022. Greenhouse Gas Inventory Data - Detailed data by Party - Annex I. https://di.unfccc.int/detailed_data_by_party. Copyright 2022 United Nations Framework Convention on Climate Change; EDGARv7.0, Crippa, M., Guizzardi, D., Banja, M., Solazzo, E., Muntean, M., Schaaf, E., Pagani, F., Monforti-Ferrario, F., Olivier, J., Quadrelli, R., Risquez Martin, A., Taghavi-Moharamli, P., Grassi, G., Rossi, S., Jacome Felix Oom, D., Branco, A., San-Miguel-Ayanz, J. and Vignati, E., CO2 emissions of all world countries - 2022 Report, EUR 31182 EN, Publications Office of the European Union, Luxembourg, 2022, doi:10.2760/730164, JRC130363;  Food and Agriculture Organization of the United Nations (FAO). FAOSTAT Climate Change, Emissions, Emission Totals. License: CC BY-NC-SA 3.0 IGO. Extracted from: https://www.fao.org/faostat/en/#data/GT. IMF staff calculations.",ECNGDI,Total GHG Emissions Including Land-Use and Land-Use Change and Forestry,"Environment, Climate Change, Greenhouse Gas Emissions, National GHG Emissions Inventories and Implied National Mitigation (Nationally Determined Contributions) Targets, Total GHG Emissions Including Land-Use and Land-Use Change and Forestry",Not Applicable,Nitrous oxide,Units,0.245092906,0.258928473,0.270032293,0.252050863,0.225557266,0.215506915,0.221762837,0.23290412,0.27453168,0.3094113,0.354779019,0.384159553,0.444434313,0.463210951,0.440061658,0.516141631,0.523043487,0.551643006,0.613627353,0.684822674,0.370239303,0.288397506,0.348632728,0.371967554,0.425383922,0.452386389,0.487198356,0.536202055,0.596711937,0.652682889,0.597606625,0.610960085,0.648787306,0.667910009,0.673171362,0.717154037,0.76670541,0.755768248,0.820336189,0.823446809,0.837624719,0.836424948,0.848951743,0.903647542,0.898649092,0.913069764,0.94950907,0.935217982,0.951580196,0.960935507,0.908913816,1.008359548,0.998402231,1.005381411,,,,,,,
