Country,ISO2,ISO3,Indicator,Series,Variable,Model,Scenarios,Unit,Source,CTS Name,CTS Code,CTS Full Descriptor,2020,2025,2030,2035,2040,2045,2050
Kuwait,KW,KWT,Transition Pathways,Surface temperature,50th percentile,GCAM,Below 2°C,Degree Celsius,"NGFS (2023), Scenarios Portal; and IIASA (2023), NGFS Phase 4 Scenario Explorer.",,,,27.35268,27.57798,27.74458,27.92583,28.04229,28.10755,28.15806
Kuwait,KW,KWT,Transition Pathways,Surface temperature,50th percentile,GCAM,Current Policies (Hot house world scenario),Degree Celsius,"NGFS (2023), Scenarios Portal; and IIASA (2023), NGFS Phase 4 Scenario Explorer.",,,,27.31116,27.53215,27.67401,27.84114,27.99848,28.15902,28.33456
Kuwait,KW,KWT,Transition Pathways,Surface temperature,50th percentile,GCAM,Delayed Transition (Disorderly scenario),Degree Celsius,"NGFS (2023), Scenarios Portal; and IIASA (2023), NGFS Phase 4 Scenario Explorer.",,,,27.35175,27.56159,27.71981,27.94513,28.10072,28.19082,28.23808
Kuwait,KW,KWT,Transition Pathways,Surface temperature,50th percentile,GCAM,Fragmented World,Degree Celsius,"NGFS (2023), Scenarios Portal; and IIASA (2023), NGFS Phase 4 Scenario Explorer.",,,,27.29122,27.48869,27.62451,27.79182,27.94058,28.07671,28.20767
Kuwait,KW,KWT,Transition Pathways,Surface temperature,50th percentile,GCAM,Low Demand,Degree Celsius,"NGFS (2023), Scenarios Portal; and IIASA (2023), NGFS Phase 4 Scenario Explorer.",,,,27.35152,27.55548,27.71662,27.88704,27.98543,28.02693,27.99847
Kuwait,KW,KWT,Transition Pathways,Surface temperature,50th percentile,GCAM,Nationally Determined Contributions (NDCs),Degree Celsius,"NGFS (2023), Scenarios Portal; and IIASA (2023), NGFS Phase 4 Scenario Explorer.",,,,27.29157,27.4929,27.63007,27.79564,27.94958,28.08966,28.24317
Kuwait,KW,KWT,Transition Pathways,Surface temperature,50th percentile,GCAM,Net Zero 2050 (Orderly scenario),Degree Celsius,"NGFS (2023), Scenarios Portal; and IIASA (2023), NGFS Phase 4 Scenario Explorer.",,,,27.35296,27.5838,27.75208,27.91727,27.99568,28.01614,27.97596
Kuwait,KW,KWT,Transition Pathways,Surface temperature,50th percentile,MESSAGEix-GLOBIOM,Below 2°C,Degree Celsius,"NGFS (2023), Scenarios Portal; and IIASA (2023), NGFS Phase 4 Scenario Explorer.",,,,27.33362,27.5651,27.75618,27.93116,28.03398,28.09626,28.13918
Kuwait,KW,KWT,Transition Pathways,Surface temperature,50th percentile,MESSAGEix-GLOBIOM,Current Policies (Hot house world scenario),Degree Celsius,"NGFS (2023), Scenarios Portal; and IIASA (2023), NGFS Phase 4 Scenario Explorer.",,,,27.2748,27.48795,27.62125,27.78698,27.94499,28.08171,28.22745
Kuwait,KW,KWT,Transition Pathways,Surface temperature,50th percentile,MESSAGEix-GLOBIOM,Delayed Transition (Disorderly scenario),Degree Celsius,"NGFS (2023), Scenarios Portal; and IIASA (2023), NGFS Phase 4 Scenario Explorer.",,,,27.33343,27.56082,27.71592,27.95102,28.09306,28.16676,28.22088
Kuwait,KW,KWT,Transition Pathways,Surface temperature,50th percentile,MESSAGEix-GLOBIOM,Fragmented World,Degree Celsius,"NGFS (2023), Scenarios Portal; and IIASA (2023), NGFS Phase 4 Scenario Explorer.",,,,27.27494,27.48724,27.62172,27.81261,27.96772,28.06562,28.16886
Kuwait,KW,KWT,Transition Pathways,Surface temperature,50th percentile,MESSAGEix-GLOBIOM,Low Demand,Degree Celsius,"NGFS (2023), Scenarios Portal; and IIASA (2023), NGFS Phase 4 Scenario Explorer.",,,,27.33363,27.56664,27.79176,27.93232,27.9698,27.96712,27.9544
Kuwait,KW,KWT,Transition Pathways,Surface temperature,50th percentile,MESSAGEix-GLOBIOM,Nationally Determined Contributions (NDCs),Degree Celsius,"NGFS (2023), Scenarios Portal; and IIASA (2023), NGFS Phase 4 Scenario Explorer.",,,,27.27512,27.48948,27.62252,27.78714,27.928,28.03763,28.1504
Kuwait,KW,KWT,Transition Pathways,Surface temperature,50th percentile,MESSAGEix-GLOBIOM,Net Zero 2050 (Orderly scenario),Degree Celsius,"NGFS (2023), Scenarios Portal; and IIASA (2023), NGFS Phase 4 Scenario Explorer.",,,,27.33363,27.56601,27.77061,27.89989,27.93916,27.93613,27.91833
Kuwait,KW,KWT,Transition Pathways,Surface temperature,50th percentile,REMIND-MAgPIE,Below 2°C,Degree Celsius,"NGFS (2023), Scenarios Portal; and IIASA (2023), NGFS Phase 4 Scenario Explorer.",,,,27.27378004,27.56030834,27.71214065,27.89038372,27.97926515,28.02407317,28.04361681
Kuwait,KW,KWT,Transition Pathways,Surface temperature,50th percentile,REMIND-MAgPIE,Current Policies (Hot house world scenario),Degree Celsius,"NGFS (2023), Scenarios Portal; and IIASA (2023), NGFS Phase 4 Scenario Explorer.",,,,27.27378004,27.48326036,27.6084298,27.7756415,27.92875454,28.07241444,28.23365294
Kuwait,KW,KWT,Transition Pathways,Surface temperature,50th percentile,REMIND-MAgPIE,Delayed Transition (Disorderly scenario),Degree Celsius,"NGFS (2023), Scenarios Portal; and IIASA (2023), NGFS Phase 4 Scenario Explorer.",,,,27.27378004,27.48326036,27.6084298,27.90106575,28.04120367,28.09924554,28.09809336
Kuwait,KW,KWT,Transition Pathways,Surface temperature,50th percentile,REMIND-MAgPIE,Fragmented World,Degree Celsius,"NGFS (2023), Scenarios Portal; and IIASA (2023), NGFS Phase 4 Scenario Explorer.",,,,27.27378004,27.48326036,27.6084298,27.77263321,27.92133227,28.0365776,28.14225209
Kuwait,KW,KWT,Transition Pathways,Surface temperature,50th percentile,REMIND-MAgPIE,Low Demand,Degree Celsius,"NGFS (2023), Scenarios Portal; and IIASA (2023), NGFS Phase 4 Scenario Explorer.",,,,27.27378004,27.56934607,27.7175493,27.82566857,27.81614204,27.75798649,27.69312331
Kuwait,KW,KWT,Transition Pathways,Surface temperature,50th percentile,REMIND-MAgPIE,Nationally Determined Contributions (NDCs),Degree Celsius,"NGFS (2023), Scenarios Portal; and IIASA (2023), NGFS Phase 4 Scenario Explorer.",,,,27.27378004,27.48281352,27.60858235,27.77025438,27.88716649,27.97726344,28.066008
Kuwait,KW,KWT,Transition Pathways,Surface temperature,50th percentile,REMIND-MAgPIE,Net Zero 2050 (Orderly scenario),Degree Celsius,"NGFS (2023), Scenarios Portal; and IIASA (2023), NGFS Phase 4 Scenario Explorer.",,,,27.27378004,27.56384376,27.71234073,27.84320943,27.85875113,27.83796225,27.82122207
Kuwait,KW,KWT,Transition Pathways,Surface temperature,5th percentile,GCAM,Below 2°C,Degree Celsius,"NGFS (2023), Scenarios Portal; and IIASA (2023), NGFS Phase 4 Scenario Explorer.",,,,27.21598,27.36154,27.48356,27.59949,27.66238,27.70124,27.73067
Kuwait,KW,KWT,Transition Pathways,Surface temperature,5th percentile,GCAM,Current Policies (Hot house world scenario),Degree Celsius,"NGFS (2023), Scenarios Portal; and IIASA (2023), NGFS Phase 4 Scenario Explorer.",,,,27.21556,27.35752,27.46972,27.61377,27.74154,27.85474,27.98559
Kuwait,KW,KWT,Transition Pathways,Surface temperature,5th percentile,GCAM,Delayed Transition (Disorderly scenario),Degree Celsius,"NGFS (2023), Scenarios Portal; and IIASA (2023), NGFS Phase 4 Scenario Explorer.",,,,27.21561,27.35466,27.47263,27.62872,27.7183,27.77041,27.79786
Kuwait,KW,KWT,Transition Pathways,Surface temperature,5th percentile,GCAM,Fragmented World,Degree Celsius,"NGFS (2023), Scenarios Portal; and IIASA (2023), NGFS Phase 4 Scenario Explorer.",,,,27.21569,27.35685,27.47028,27.6147,27.72014,27.81275,27.90028
Kuwait,KW,KWT,Transition Pathways,Surface temperature,5th percentile,GCAM,Low Demand,Degree Celsius,"NGFS (2023), Scenarios Portal; and IIASA (2023), NGFS Phase 4 Scenario Explorer.",,,,27.21539,27.35398,27.46463,27.57842,27.62134,27.63024,27.60329
Kuwait,KW,KWT,Transition Pathways,Surface temperature,5th percentile,GCAM,Nationally Determined Contributions (NDCs),Degree Celsius,"NGFS (2023), Scenarios Portal; and IIASA (2023), NGFS Phase 4 Scenario Explorer.",,,,27.21592,27.35992,27.47626,27.61438,27.72354,27.8269,27.93354
Kuwait,KW,KWT,Transition Pathways,Surface temperature,5th percentile,GCAM,Net Zero 2050 (Orderly scenario),Degree Celsius,"NGFS (2023), Scenarios Portal; and IIASA (2023), NGFS Phase 4 Scenario Explorer.",,,,27.21607,27.36634,27.48417,27.57992,27.60801,27.61576,27.57554
Kuwait,KW,KWT,Transition Pathways,Surface temperature,5th percentile,MESSAGEix-GLOBIOM,Below 2°C,Degree Celsius,"NGFS (2023), Scenarios Portal; and IIASA (2023), NGFS Phase 4 Scenario Explorer.",,,,27.20761,27.37243,27.49799,27.61237,27.67051,27.69194,27.7086
Kuwait,KW,KWT,Transition Pathways,Surface temperature,5th percentile,MESSAGEix-GLOBIOM,Current Policies (Hot house world scenario),Degree Celsius,"NGFS (2023), Scenarios Portal; and IIASA (2023), NGFS Phase 4 Scenario Explorer.",,,,27.20733,27.36991,27.47423,27.6208,27.74221,27.83236,27.92878
Kuwait,KW,KWT,Transition Pathways,Surface temperature,5th percentile,MESSAGEix-GLOBIOM,Delayed Transition (Disorderly scenario),Degree Celsius,"NGFS (2023), Scenarios Portal; and IIASA (2023), NGFS Phase 4 Scenario Explorer.",,,,27.20733,27.36668,27.47454,27.6459,27.72795,27.75569,27.77222
Kuwait,KW,KWT,Transition Pathways,Surface temperature,5th percentile,MESSAGEix-GLOBIOM,Fragmented World,Degree Celsius,"NGFS (2023), Scenarios Portal; and IIASA (2023), NGFS Phase 4 Scenario Explorer.",,,,27.20748,27.36977,27.47429,27.63712,27.73794,27.79992,27.84801
Kuwait,KW,KWT,Transition Pathways,Surface temperature,5th percentile,MESSAGEix-GLOBIOM,Low Demand,Degree Celsius,"NGFS (2023), Scenarios Portal; and IIASA (2023), NGFS Phase 4 Scenario Explorer.",,,,27.20762,27.37132,27.498,27.56893,27.57619,27.55285,27.52413
Kuwait,KW,KWT,Transition Pathways,Surface temperature,5th percentile,MESSAGEix-GLOBIOM,Nationally Determined Contributions (NDCs),Degree Celsius,"NGFS (2023), Scenarios Portal; and IIASA (2023), NGFS Phase 4 Scenario Explorer.",,,,27.20771,27.37188,27.47309,27.61555,27.71194,27.77727,27.84302
Kuwait,KW,KWT,Transition Pathways,Surface temperature,5th percentile,MESSAGEix-GLOBIOM,Net Zero 2050 (Orderly scenario),Degree Celsius,"NGFS (2023), Scenarios Portal; and IIASA (2023), NGFS Phase 4 Scenario Explorer.",,,,27.20762,27.37406,27.50198,27.58015,27.58921,27.55622,27.53571
Kuwait,KW,KWT,Transition Pathways,Surface temperature,5th percentile,REMIND-MAgPIE,Below 2°C,Degree Celsius,"NGFS (2023), Scenarios Portal; and IIASA (2023), NGFS Phase 4 Scenario Explorer.",,,,27.20414618,27.36226439,27.4733686,27.59197745,27.63351661,27.63247967,27.63653726
Kuwait,KW,KWT,Transition Pathways,Surface temperature,5th percentile,REMIND-MAgPIE,Current Policies (Hot house world scenario),Degree Celsius,"NGFS (2023), Scenarios Portal; and IIASA (2023), NGFS Phase 4 Scenario Explorer.",,,,27.20414618,27.36161663,27.46628442,27.60752509,27.71572715,27.8028713,27.89959593
Kuwait,KW,KWT,Transition Pathways,Surface temperature,5th percentile,REMIND-MAgPIE,Delayed Transition (Disorderly scenario),Degree Celsius,"NGFS (2023), Scenarios Portal; and IIASA (2023), NGFS Phase 4 Scenario Explorer.",,,,27.20414618,27.36161663,27.46628442,27.60560734,27.67789838,27.69165982,27.66511373
Kuwait,KW,KWT,Transition Pathways,Surface temperature,5th percentile,REMIND-MAgPIE,Fragmented World,Degree Celsius,"NGFS (2023), Scenarios Portal; and IIASA (2023), NGFS Phase 4 Scenario Explorer.",,,,27.20414618,27.36161663,27.46628442,27.60438774,27.69756927,27.7609169,27.81578374
Kuwait,KW,KWT,Transition Pathways,Surface temperature,5th percentile,REMIND-MAgPIE,Low Demand,Degree Celsius,"NGFS (2023), Scenarios Portal; and IIASA (2023), NGFS Phase 4 Scenario Explorer.",,,,27.20414618,27.36773346,27.46598831,27.53226268,27.48357849,27.41266195,27.34468503
Kuwait,KW,KWT,Transition Pathways,Surface temperature,5th percentile,REMIND-MAgPIE,Nationally Determined Contributions (NDCs),Degree Celsius,"NGFS (2023), Scenarios Portal; and IIASA (2023), NGFS Phase 4 Scenario Explorer.",,,,27.20414618,27.3598854,27.46389353,27.59055854,27.66140201,27.70852986,27.74432714
Kuwait,KW,KWT,Transition Pathways,Surface temperature,5th percentile,REMIND-MAgPIE,Net Zero 2050 (Orderly scenario),Degree Celsius,"NGFS (2023), Scenarios Portal; and IIASA (2023), NGFS Phase 4 Scenario Explorer.",,,,27.20414618,27.36243109,27.46766402,27.54623744,27.52765629,27.47865913,27.44590371
Kuwait,KW,KWT,Transition Pathways,Surface temperature,95th percentile,GCAM,Below 2°C,Degree Celsius,"NGFS (2023), Scenarios Portal; and IIASA (2023), NGFS Phase 4 Scenario Explorer.",,,,27.41612,27.69748,27.95547,28.20348,28.40729,28.5521,28.69349
Kuwait,KW,KWT,Transition Pathways,Surface temperature,95th percentile,GCAM,Current Policies (Hot house world scenario),Degree Celsius,"NGFS (2023), Scenarios Portal; and IIASA (2023), NGFS Phase 4 Scenario Explorer.",,,,27.41642,27.65935,27.91055,28.15994,28.42833,28.69551,28.99778
Kuwait,KW,KWT,Transition Pathways,Surface temperature,95th percentile,GCAM,Delayed Transition (Disorderly scenario),Degree Celsius,"NGFS (2023), Scenarios Portal; and IIASA (2023), NGFS Phase 4 Scenario Explorer.",,,,27.4154,27.68048,27.90609,28.2044,28.45039,28.62416,28.76791
Kuwait,KW,KWT,Transition Pathways,Surface temperature,95th percentile,GCAM,Fragmented World,Degree Celsius,"NGFS (2023), Scenarios Portal; and IIASA (2023), NGFS Phase 4 Scenario Explorer.",,,,27.41665,27.6592,27.91078,28.17269,28.43372,28.66311,28.91171
Kuwait,KW,KWT,Transition Pathways,Surface temperature,95th percentile,GCAM,Low Demand,Degree Celsius,"NGFS (2023), Scenarios Portal; and IIASA (2023), NGFS Phase 4 Scenario Explorer.",,,,27.41519,27.67467,27.91433,28.15114,28.34223,28.46601,28.50195
Kuwait,KW,KWT,Transition Pathways,Surface temperature,95th percentile,GCAM,Nationally Determined Contributions (NDCs),Degree Celsius,"NGFS (2023), Scenarios Portal; and IIASA (2023), NGFS Phase 4 Scenario Explorer.",,,,27.41691,27.66556,27.92329,28.18219,28.44303,28.67959,28.95016
Kuwait,KW,KWT,Transition Pathways,Surface temperature,95th percentile,GCAM,Net Zero 2050 (Orderly scenario),Degree Celsius,"NGFS (2023), Scenarios Portal; and IIASA (2023), NGFS Phase 4 Scenario Explorer.",,,,27.41636,27.70408,27.97128,28.20645,28.38206,28.48283,28.48716
Kuwait,KW,KWT,Transition Pathways,Surface temperature,95th percentile,MESSAGEix-GLOBIOM,Below 2°C,Degree Celsius,"NGFS (2023), Scenarios Portal; and IIASA (2023), NGFS Phase 4 Scenario Explorer.",,,,27.39598,27.69399,27.96985,28.21132,28.40215,28.53411,28.67799
Kuwait,KW,KWT,Transition Pathways,Surface temperature,95th percentile,MESSAGEix-GLOBIOM,Current Policies (Hot house world scenario),Degree Celsius,"NGFS (2023), Scenarios Portal; and IIASA (2023), NGFS Phase 4 Scenario Explorer.",,,,27.39709,27.66562,27.89688,28.15387,28.4325,28.67746,28.95874
Kuwait,KW,KWT,Transition Pathways,Surface temperature,95th percentile,MESSAGEix-GLOBIOM,Delayed Transition (Disorderly scenario),Degree Celsius,"NGFS (2023), Scenarios Portal; and IIASA (2023), NGFS Phase 4 Scenario Explorer.",,,,27.3958,27.68655,27.89261,28.20605,28.45815,28.60473,28.75085
Kuwait,KW,KWT,Transition Pathways,Surface temperature,95th percentile,MESSAGEix-GLOBIOM,Fragmented World,Degree Celsius,"NGFS (2023), Scenarios Portal; and IIASA (2023), NGFS Phase 4 Scenario Explorer.",,,,27.39718,27.66511,27.89767,28.19978,28.47747,28.6908,28.90724
Kuwait,KW,KWT,Transition Pathways,Surface temperature,95th percentile,MESSAGEix-GLOBIOM,Low Demand,Degree Celsius,"NGFS (2023), Scenarios Portal; and IIASA (2023), NGFS Phase 4 Scenario Explorer.",,,,27.39601,27.6963,28.02114,28.24219,28.38033,28.44691,28.4993
Kuwait,KW,KWT,Transition Pathways,Surface temperature,95th percentile,MESSAGEix-GLOBIOM,Nationally Determined Contributions (NDCs),Degree Celsius,"NGFS (2023), Scenarios Portal; and IIASA (2023), NGFS Phase 4 Scenario Explorer.",,,,27.39737,27.66965,27.90611,28.1587,28.42373,28.63404,28.87068
Kuwait,KW,KWT,Transition Pathways,Surface temperature,95th percentile,MESSAGEix-GLOBIOM,Net Zero 2050 (Orderly scenario),Degree Celsius,"NGFS (2023), Scenarios Portal; and IIASA (2023), NGFS Phase 4 Scenario Explorer.",,,,27.39601,27.6954,27.98902,28.19066,28.30161,28.36371,28.41921
Kuwait,KW,KWT,Transition Pathways,Surface temperature,95th percentile,REMIND-MAgPIE,Below 2°C,Degree Celsius,"NGFS (2023), Scenarios Portal; and IIASA (2023), NGFS Phase 4 Scenario Explorer.",,,,27.39165261,27.68283021,27.88789703,28.13360537,28.32931479,28.45163501,28.56625741
Kuwait,KW,KWT,Transition Pathways,Surface temperature,95th percentile,REMIND-MAgPIE,Current Policies (Hot house world scenario),Degree Celsius,"NGFS (2023), Scenarios Portal; and IIASA (2023), NGFS Phase 4 Scenario Explorer.",,,,27.39165261,27.65748346,27.87100737,28.14165923,28.40242171,28.66218705,28.96584283
Kuwait,KW,KWT,Transition Pathways,Surface temperature,95th percentile,REMIND-MAgPIE,Delayed Transition (Disorderly scenario),Degree Celsius,"NGFS (2023), Scenarios Portal; and IIASA (2023), NGFS Phase 4 Scenario Explorer.",,,,27.39165261,27.65748346,27.87100737,28.13021149,28.3752668,28.51349614,28.620136
Kuwait,KW,KWT,Transition Pathways,Surface temperature,95th percentile,REMIND-MAgPIE,Fragmented World,Degree Celsius,"NGFS (2023), Scenarios Portal; and IIASA (2023), NGFS Phase 4 Scenario Explorer.",,,,27.39165261,27.65748346,27.87100737,28.13787096,28.4004087,28.63297689,28.87022672
Kuwait,KW,KWT,Transition Pathways,Surface temperature,95th percentile,REMIND-MAgPIE,Low Demand,Degree Celsius,"NGFS (2023), Scenarios Portal; and IIASA (2023), NGFS Phase 4 Scenario Explorer.",,,,27.39165261,27.79071678,28.03018236,28.25463935,28.33514073,28.32309562,28.29823402
Kuwait,KW,KWT,Transition Pathways,Surface temperature,95th percentile,REMIND-MAgPIE,Nationally Determined Contributions (NDCs),Degree Celsius,"NGFS (2023), Scenarios Portal; and IIASA (2023), NGFS Phase 4 Scenario Explorer.",,,,27.39165261,27.65473778,27.87489099,28.13680963,28.38054385,28.56573381,28.77489836
Kuwait,KW,KWT,Transition Pathways,Surface temperature,95th percentile,REMIND-MAgPIE,Net Zero 2050 (Orderly scenario),Degree Celsius,"NGFS (2023), Scenarios Portal; and IIASA (2023), NGFS Phase 4 Scenario Explorer.",,,,27.39165261,27.68655371,27.89579917,28.10557528,28.2170018,28.25056968,28.2964751
Kuwait,KW,KWT,Transition Pathways,Emissions and CCS,Bioenergy with CCS,GCAM,Below 2°C,Mt CO2/yr,"NGFS (2023), Scenarios Portal; and IIASA (2023), NGFS Phase 4 Scenario Explorer.",,,,0.0,0.0,0.0003,0.022,0.0643,0.1015,0.1209
Kuwait,KW,KWT,Transition Pathways,Emissions and CCS,Bioenergy with CCS,GCAM,Current Policies (Hot house world scenario),Mt CO2/yr,"NGFS (2023), Scenarios Portal; and IIASA (2023), NGFS Phase 4 Scenario Explorer.",,,,0.0,0.0,0.0002,0.0009,0.0021,0.0034,0.0042
Kuwait,KW,KWT,Transition Pathways,Emissions and CCS,Bioenergy with CCS,GCAM,Delayed Transition (Disorderly scenario),Mt CO2/yr,"NGFS (2023), Scenarios Portal; and IIASA (2023), NGFS Phase 4 Scenario Explorer.",,,,0.0,0.0,0.0002,0.0028,0.0137,0.0129,0.0164
Kuwait,KW,KWT,Transition Pathways,Emissions and CCS,Bioenergy with CCS,GCAM,Fragmented World,Mt CO2/yr,"NGFS (2023), Scenarios Portal; and IIASA (2023), NGFS Phase 4 Scenario Explorer.",,,,0.0,0.0,0.0002,0.0006,0.0008,0.0013,0.002
Kuwait,KW,KWT,Transition Pathways,Emissions and CCS,Bioenergy with CCS,GCAM,Low Demand,Mt CO2/yr,"NGFS (2023), Scenarios Portal; and IIASA (2023), NGFS Phase 4 Scenario Explorer.",,,,0.0,0.0,0.0005,0.1099,0.1993,0.2093,0.3748
Kuwait,KW,KWT,Transition Pathways,Emissions and CCS,Bioenergy with CCS,GCAM,Nationally Determined Contributions (NDCs),Mt CO2/yr,"NGFS (2023), Scenarios Portal; and IIASA (2023), NGFS Phase 4 Scenario Explorer.",,,,0.0,0.0,0.0002,0.0006,0.0018,0.0039,0.0076
Kuwait,KW,KWT,Transition Pathways,Emissions and CCS,Bioenergy with CCS,GCAM,Net Zero 2050 (Orderly scenario),Mt CO2/yr,"NGFS (2023), Scenarios Portal; and IIASA (2023), NGFS Phase 4 Scenario Explorer.",,,,0.0,0.0,0.0045,0.1188,0.2038,0.2181,0.3575
Kuwait,KW,KWT,Transition Pathways,Emissions and CCS,Bioenergy with CCS,MESSAGEix-GLOBIOM,Below 2°C,Mt CO2/yr,"NGFS (2023), Scenarios Portal; and IIASA (2023), NGFS Phase 4 Scenario Explorer.",,,,0.0,0.0,0.0,0.0039,0.0108,0.037,0.038
Kuwait,KW,KWT,Transition Pathways,Emissions and CCS,Bioenergy with CCS,MESSAGEix-GLOBIOM,Current Policies (Hot house world scenario),Mt CO2/yr,"NGFS (2023), Scenarios Portal; and IIASA (2023), NGFS Phase 4 Scenario Explorer.",,,,0.0,0.0,0.0,0.0,0.0,0.0,0.0
Kuwait,KW,KWT,Transition Pathways,Emissions and CCS,Bioenergy with CCS,MESSAGEix-GLOBIOM,Delayed Transition (Disorderly scenario),Mt CO2/yr,"NGFS (2023), Scenarios Portal; and IIASA (2023), NGFS Phase 4 Scenario Explorer.",,,,0.0,0.0,0.0,0.0044,0.0202,0.0382,0.0734
Kuwait,KW,KWT,Transition Pathways,Emissions and CCS,Bioenergy with CCS,MESSAGEix-GLOBIOM,Fragmented World,Mt CO2/yr,"NGFS (2023), Scenarios Portal; and IIASA (2023), NGFS Phase 4 Scenario Explorer.",,,,0.0,0.0,0.0,0.0,0.0,0.0,0.0533
Kuwait,KW,KWT,Transition Pathways,Emissions and CCS,Bioenergy with CCS,MESSAGEix-GLOBIOM,Low Demand,Mt CO2/yr,"NGFS (2023), Scenarios Portal; and IIASA (2023), NGFS Phase 4 Scenario Explorer.",,,,0.0,0.0,0.0036,0.0158,0.0564,0.1177,0.1201
Kuwait,KW,KWT,Transition Pathways,Emissions and CCS,Bioenergy with CCS,MESSAGEix-GLOBIOM,Nationally Determined Contributions (NDCs),Mt CO2/yr,"NGFS (2023), Scenarios Portal; and IIASA (2023), NGFS Phase 4 Scenario Explorer.",,,,0.0,0.0,0.0,0.0,0.0,0.0,0.0
Kuwait,KW,KWT,Transition Pathways,Emissions and CCS,Bioenergy with CCS,MESSAGEix-GLOBIOM,Net Zero 2050 (Orderly scenario),Mt CO2/yr,"NGFS (2023), Scenarios Portal; and IIASA (2023), NGFS Phase 4 Scenario Explorer.",,,,0.0,0.0,0.0076,0.0302,0.0684,0.4313,0.8007
Kuwait,KW,KWT,Transition Pathways,Emissions and CCS,Bioenergy with CCS,REMIND-MAgPIE,Below 2°C,Mt CO2/yr,"NGFS (2023), Scenarios Portal; and IIASA (2023), NGFS Phase 4 Scenario Explorer.",,,,0.0,0.0,0.0004,0.0012,0.0024,0.008,0.0167
Kuwait,KW,KWT,Transition Pathways,Emissions and CCS,Bioenergy with CCS,REMIND-MAgPIE,Current Policies (Hot house world scenario),Mt CO2/yr,"NGFS (2023), Scenarios Portal; and IIASA (2023), NGFS Phase 4 Scenario Explorer.",,,,0.0,0.0,0.0,0.0,0.0,0.0,0.0
Kuwait,KW,KWT,Transition Pathways,Emissions and CCS,Bioenergy with CCS,REMIND-MAgPIE,Delayed Transition (Disorderly scenario),Mt CO2/yr,"NGFS (2023), Scenarios Portal; and IIASA (2023), NGFS Phase 4 Scenario Explorer.",,,,0.0,0.0,0.0,0.0,0.0007,0.0038,0.0074
Kuwait,KW,KWT,Transition Pathways,Emissions and CCS,Bioenergy with CCS,REMIND-MAgPIE,Fragmented World,Mt CO2/yr,"NGFS (2023), Scenarios Portal; and IIASA (2023), NGFS Phase 4 Scenario Explorer.",,,,0.0,0.0,0.0,0.0,0.0,0.0,0.0
Kuwait,KW,KWT,Transition Pathways,Emissions and CCS,Bioenergy with CCS,REMIND-MAgPIE,Low Demand,Mt CO2/yr,"NGFS (2023), Scenarios Portal; and IIASA (2023), NGFS Phase 4 Scenario Explorer.",,,,0.0,0.0,0.0001,0.0005,0.0023,0.006,0.0103
Kuwait,KW,KWT,Transition Pathways,Emissions and CCS,Bioenergy with CCS,REMIND-MAgPIE,Nationally Determined Contributions (NDCs),Mt CO2/yr,"NGFS (2023), Scenarios Portal; and IIASA (2023), NGFS Phase 4 Scenario Explorer.",,,,0.0,0.0,0.0,0.0,0.0,0.0,0.0
Kuwait,KW,KWT,Transition Pathways,Emissions and CCS,Bioenergy with CCS,REMIND-MAgPIE,Net Zero 2050 (Orderly scenario),Mt CO2/yr,"NGFS (2023), Scenarios Portal; and IIASA (2023), NGFS Phase 4 Scenario Explorer.",,,,0.0,0.0003,0.0151,0.0882,0.2605,0.4418,0.5562
Kuwait,KW,KWT,Transition Pathways,Primary energy,Biomass,GCAM,Below 2°C,EJ/yr,"NGFS (2023), Scenarios Portal; and IIASA (2023), NGFS Phase 4 Scenario Explorer.",,,,0.0,0.0001,0.0002,0.0005,0.001,0.0014,0.0016
Kuwait,KW,KWT,Transition Pathways,Primary energy,Biomass,GCAM,Current Policies (Hot house world scenario),EJ/yr,"NGFS (2023), Scenarios Portal; and IIASA (2023), NGFS Phase 4 Scenario Explorer.",,,,0.0,0.0002,0.0006,0.0012,0.0019,0.0026,0.003
Kuwait,KW,KWT,Transition Pathways,Primary energy,Biomass,GCAM,Delayed Transition (Disorderly scenario),EJ/yr,"NGFS (2023), Scenarios Portal; and IIASA (2023), NGFS Phase 4 Scenario Explorer.",,,,0.0,0.0002,0.0005,0.0005,0.0004,0.0003,0.0003
Kuwait,KW,KWT,Transition Pathways,Primary energy,Biomass,GCAM,Fragmented World,EJ/yr,"NGFS (2023), Scenarios Portal; and IIASA (2023), NGFS Phase 4 Scenario Explorer.",,,,0.0,0.0002,0.0005,0.0007,0.0004,0.0002,0.0002
Kuwait,KW,KWT,Transition Pathways,Primary energy,Biomass,GCAM,Low Demand,EJ/yr,"NGFS (2023), Scenarios Portal; and IIASA (2023), NGFS Phase 4 Scenario Explorer.",,,,0.0,0.0001,0.0002,0.0016,0.0026,0.0027,0.005
Kuwait,KW,KWT,Transition Pathways,Primary energy,Biomass,GCAM,Nationally Determined Contributions (NDCs),EJ/yr,"NGFS (2023), Scenarios Portal; and IIASA (2023), NGFS Phase 4 Scenario Explorer.",,,,0.0,0.0001,0.0003,0.0005,0.0008,0.0012,0.0016
Kuwait,KW,KWT,Transition Pathways,Primary energy,Biomass,GCAM,Net Zero 2050 (Orderly scenario),EJ/yr,"NGFS (2023), Scenarios Portal; and IIASA (2023), NGFS Phase 4 Scenario Explorer.",,,,0.0,0.0001,0.0002,0.0016,0.0026,0.0028,0.0051
Kuwait,KW,KWT,Transition Pathways,Primary energy,Biomass,MESSAGEix-GLOBIOM,Below 2°C,EJ/yr,"NGFS (2023), Scenarios Portal; and IIASA (2023), NGFS Phase 4 Scenario Explorer.",,,,0.0001,0.0001,0.0001,0.0001,0.0005,0.0008,0.0013
Kuwait,KW,KWT,Transition Pathways,Primary energy,Biomass,MESSAGEix-GLOBIOM,Current Policies (Hot house world scenario),EJ/yr,"NGFS (2023), Scenarios Portal; and IIASA (2023), NGFS Phase 4 Scenario Explorer.",,,,0.0012,0.0011,0.0009,0.0007,0.0,0.0033,0.0036
Kuwait,KW,KWT,Transition Pathways,Primary energy,Biomass,MESSAGEix-GLOBIOM,Delayed Transition (Disorderly scenario),EJ/yr,"NGFS (2023), Scenarios Portal; and IIASA (2023), NGFS Phase 4 Scenario Explorer.",,,,0.0001,0.0001,0.0001,0.0001,0.0005,0.0011,0.0026
Kuwait,KW,KWT,Transition Pathways,Primary energy,Biomass,MESSAGEix-GLOBIOM,Fragmented World,EJ/yr,"NGFS (2023), Scenarios Portal; and IIASA (2023), NGFS Phase 4 Scenario Explorer.",,,,0.0,0.0,0.0,0.0,0.0001,0.0001,0.0008
Kuwait,KW,KWT,Transition Pathways,Primary energy,Biomass,MESSAGEix-GLOBIOM,Low Demand,EJ/yr,"NGFS (2023), Scenarios Portal; and IIASA (2023), NGFS Phase 4 Scenario Explorer.",,,,0.0003,0.0002,0.001,0.0018,0.0036,0.0072,0.0056
Kuwait,KW,KWT,Transition Pathways,Primary energy,Biomass,MESSAGEix-GLOBIOM,Nationally Determined Contributions (NDCs),EJ/yr,"NGFS (2023), Scenarios Portal; and IIASA (2023), NGFS Phase 4 Scenario Explorer.",,,,0.0,0.0,0.0,0.0,0.0,0.0012,0.0012
Kuwait,KW,KWT,Transition Pathways,Primary energy,Biomass,MESSAGEix-GLOBIOM,Net Zero 2050 (Orderly scenario),EJ/yr,"NGFS (2023), Scenarios Portal; and IIASA (2023), NGFS Phase 4 Scenario Explorer.",,,,0.0002,0.0002,0.001,0.0038,0.0068,0.0336,0.0492
Kuwait,KW,KWT,Transition Pathways,Primary energy,Biomass,REMIND-MAgPIE,Below 2°C,EJ/yr,"NGFS (2023), Scenarios Portal; and IIASA (2023), NGFS Phase 4 Scenario Explorer.",,,,0.0001,0.0001,0.0001,0.0004,0.0008,0.0012,0.0016
Kuwait,KW,KWT,Transition Pathways,Primary energy,Biomass,REMIND-MAgPIE,Current Policies (Hot house world scenario),EJ/yr,"NGFS (2023), Scenarios Portal; and IIASA (2023), NGFS Phase 4 Scenario Explorer.",,,,0.0006,0.0007,0.0008,0.0012,0.002,0.0032,0.0043
Kuwait,KW,KWT,Transition Pathways,Primary energy,Biomass,REMIND-MAgPIE,Delayed Transition (Disorderly scenario),EJ/yr,"NGFS (2023), Scenarios Portal; and IIASA (2023), NGFS Phase 4 Scenario Explorer.",,,,0.0005,0.0006,0.0007,0.0004,0.0005,0.0007,0.0008
Kuwait,KW,KWT,Transition Pathways,Primary energy,Biomass,REMIND-MAgPIE,Fragmented World,EJ/yr,"NGFS (2023), Scenarios Portal; and IIASA (2023), NGFS Phase 4 Scenario Explorer.",,,,0.0005,0.0005,0.0006,0.0009,0.0016,0.0025,0.0037
Kuwait,KW,KWT,Transition Pathways,Primary energy,Biomass,REMIND-MAgPIE,Low Demand,EJ/yr,"NGFS (2023), Scenarios Portal; and IIASA (2023), NGFS Phase 4 Scenario Explorer.",,,,0.0,0.0,0.0,0.0,0.0,0.0001,0.0002
Kuwait,KW,KWT,Transition Pathways,Primary energy,Biomass,REMIND-MAgPIE,Nationally Determined Contributions (NDCs),EJ/yr,"NGFS (2023), Scenarios Portal; and IIASA (2023), NGFS Phase 4 Scenario Explorer.",,,,0.0002,0.0002,0.0002,0.0003,0.0006,0.001,0.0019
Kuwait,KW,KWT,Transition Pathways,Primary energy,Biomass,REMIND-MAgPIE,Net Zero 2050 (Orderly scenario),EJ/yr,"NGFS (2023), Scenarios Portal; and IIASA (2023), NGFS Phase 4 Scenario Explorer.",,,,0.0001,0.0001,0.0011,0.0022,0.0044,0.0074,0.0116
Kuwait,KW,KWT,Transition Pathways,Primary energy,Coal,GCAM,Below 2°C,EJ/yr,"NGFS (2023), Scenarios Portal; and IIASA (2023), NGFS Phase 4 Scenario Explorer.",,,,0.0007,0.0009,0.0007,0.0004,0.0002,0.0001,0.0001
Kuwait,KW,KWT,Transition Pathways,Primary energy,Coal,GCAM,Current Policies (Hot house world scenario),EJ/yr,"NGFS (2023), Scenarios Portal; and IIASA (2023), NGFS Phase 4 Scenario Explorer.",,,,0.0006,0.0009,0.0011,0.0014,0.0016,0.0019,0.0022
Kuwait,KW,KWT,Transition Pathways,Primary energy,Coal,GCAM,Delayed Transition (Disorderly scenario),EJ/yr,"NGFS (2023), Scenarios Portal; and IIASA (2023), NGFS Phase 4 Scenario Explorer.",,,,0.0005,0.0007,0.0009,0.0008,0.0004,0.0001,0.0001
Kuwait,KW,KWT,Transition Pathways,Primary energy,Coal,GCAM,Fragmented World,EJ/yr,"NGFS (2023), Scenarios Portal; and IIASA (2023), NGFS Phase 4 Scenario Explorer.",,,,0.0005,0.0007,0.0008,0.001,0.001,0.0011,0.0011
Kuwait,KW,KWT,Transition Pathways,Primary energy,Coal,GCAM,Low Demand,EJ/yr,"NGFS (2023), Scenarios Portal; and IIASA (2023), NGFS Phase 4 Scenario Explorer.",,,,0.0008,0.001,0.0008,0.0003,0.0001,0.0001,0.0001
Kuwait,KW,KWT,Transition Pathways,Primary energy,Coal,GCAM,Nationally Determined Contributions (NDCs),EJ/yr,"NGFS (2023), Scenarios Portal; and IIASA (2023), NGFS Phase 4 Scenario Explorer.",,,,0.0005,0.0008,0.0009,0.0011,0.0011,0.0011,0.001
Kuwait,KW,KWT,Transition Pathways,Primary energy,Coal,GCAM,Net Zero 2050 (Orderly scenario),EJ/yr,"NGFS (2023), Scenarios Portal; and IIASA (2023), NGFS Phase 4 Scenario Explorer.",,,,0.0009,0.0012,0.0004,0.0001,0.0001,0.0001,0.0001
Kuwait,KW,KWT,Transition Pathways,Primary energy,Coal,MESSAGEix-GLOBIOM,Below 2°C,EJ/yr,"NGFS (2023), Scenarios Portal; and IIASA (2023), NGFS Phase 4 Scenario Explorer.",,,,0.0004,0.0013,0.0,0.0,0.0,0.0001,0.0001
Kuwait,KW,KWT,Transition Pathways,Primary energy,Coal,MESSAGEix-GLOBIOM,Current Policies (Hot house world scenario),EJ/yr,"NGFS (2023), Scenarios Portal; and IIASA (2023), NGFS Phase 4 Scenario Explorer.",,,,0.0011,0.0021,0.0014,0.0022,0.0017,0.0017,0.0018
Kuwait,KW,KWT,Transition Pathways,Primary energy,Coal,MESSAGEix-GLOBIOM,Delayed Transition (Disorderly scenario),EJ/yr,"NGFS (2023), Scenarios Portal; and IIASA (2023), NGFS Phase 4 Scenario Explorer.",,,,0.0009,0.0017,0.0012,0.0001,0.0001,0.0001,0.0001
Kuwait,KW,KWT,Transition Pathways,Primary energy,Coal,MESSAGEix-GLOBIOM,Fragmented World,EJ/yr,"NGFS (2023), Scenarios Portal; and IIASA (2023), NGFS Phase 4 Scenario Explorer.",,,,0.0003,0.0008,0.0,0.0,0.0,0.0001,0.0001
Kuwait,KW,KWT,Transition Pathways,Primary energy,Coal,MESSAGEix-GLOBIOM,Low Demand,EJ/yr,"NGFS (2023), Scenarios Portal; and IIASA (2023), NGFS Phase 4 Scenario Explorer.",,,,0.0001,0.0004,0.0,0.0001,0.0002,0.0004,0.0004
Kuwait,KW,KWT,Transition Pathways,Primary energy,Coal,MESSAGEix-GLOBIOM,Nationally Determined Contributions (NDCs),EJ/yr,"NGFS (2023), Scenarios Portal; and IIASA (2023), NGFS Phase 4 Scenario Explorer.",,,,0.0004,0.0013,0.0,0.0,0.0,0.0001,0.0001
Kuwait,KW,KWT,Transition Pathways,Primary energy,Coal,MESSAGEix-GLOBIOM,Net Zero 2050 (Orderly scenario),EJ/yr,"NGFS (2023), Scenarios Portal; and IIASA (2023), NGFS Phase 4 Scenario Explorer.",,,,0.0005,0.0017,0.0034,0.0049,0.0009,0.0026,0.0055
Kuwait,KW,KWT,Transition Pathways,Primary energy,Coal,REMIND-MAgPIE,Below 2°C,EJ/yr,"NGFS (2023), Scenarios Portal; and IIASA (2023), NGFS Phase 4 Scenario Explorer.",,,,0.0017,0.0025,0.0021,0.0012,0.0007,0.0006,0.0005
Kuwait,KW,KWT,Transition Pathways,Primary energy,Coal,REMIND-MAgPIE,Current Policies (Hot house world scenario),EJ/yr,"NGFS (2023), Scenarios Portal; and IIASA (2023), NGFS Phase 4 Scenario Explorer.",,,,0.0035,0.0069,0.0117,0.0169,0.0237,0.032,0.0408
Kuwait,KW,KWT,Transition Pathways,Primary energy,Coal,REMIND-MAgPIE,Delayed Transition (Disorderly scenario),EJ/yr,"NGFS (2023), Scenarios Portal; and IIASA (2023), NGFS Phase 4 Scenario Explorer.",,,,0.0029,0.0057,0.0097,0.0023,0.0009,0.0003,0.0003
Kuwait,KW,KWT,Transition Pathways,Primary energy,Coal,REMIND-MAgPIE,Fragmented World,EJ/yr,"NGFS (2023), Scenarios Portal; and IIASA (2023), NGFS Phase 4 Scenario Explorer.",,,,0.0032,0.0065,0.011,0.0164,0.0239,0.0327,0.0406
Kuwait,KW,KWT,Transition Pathways,Primary energy,Coal,REMIND-MAgPIE,Low Demand,EJ/yr,"NGFS (2023), Scenarios Portal; and IIASA (2023), NGFS Phase 4 Scenario Explorer.",,,,0.0,0.0,0.0,0.0,0.0,0.0,0.0
Kuwait,KW,KWT,Transition Pathways,Primary energy,Coal,REMIND-MAgPIE,Nationally Determined Contributions (NDCs),EJ/yr,"NGFS (2023), Scenarios Portal; and IIASA (2023), NGFS Phase 4 Scenario Explorer.",,,,0.0026,0.0048,0.0074,0.0096,0.0114,0.0125,0.0134
Kuwait,KW,KWT,Transition Pathways,Primary energy,Coal,REMIND-MAgPIE,Net Zero 2050 (Orderly scenario),EJ/yr,"NGFS (2023), Scenarios Portal; and IIASA (2023), NGFS Phase 4 Scenario Explorer.",,,,0.0018,0.0021,0.0005,0.0001,0.0001,0.0001,0.0001
Kuwait,KW,KWT,Transition Pathways,Final energy,Electricity,GCAM,Below 2°C,EJ/yr,"NGFS (2023), Scenarios Portal; and IIASA (2023), NGFS Phase 4 Scenario Explorer.",,,,0.2038,0.2475,0.2944,0.3249,0.3459,0.3478,0.356
Kuwait,KW,KWT,Transition Pathways,Final energy,Electricity,GCAM,Current Policies (Hot house world scenario),EJ/yr,"NGFS (2023), Scenarios Portal; and IIASA (2023), NGFS Phase 4 Scenario Explorer.",,,,0.2014,0.2385,0.2835,0.3285,0.3718,0.3912,0.4032
Kuwait,KW,KWT,Transition Pathways,Final energy,Electricity,GCAM,Delayed Transition (Disorderly scenario),EJ/yr,"NGFS (2023), Scenarios Portal; and IIASA (2023), NGFS Phase 4 Scenario Explorer.",,,,0.2025,0.2404,0.2868,0.3307,0.3698,0.3653,0.364
Kuwait,KW,KWT,Transition Pathways,Final energy,Electricity,GCAM,Fragmented World,EJ/yr,"NGFS (2023), Scenarios Portal; and IIASA (2023), NGFS Phase 4 Scenario Explorer.",,,,0.2005,0.2416,0.2876,0.3274,0.3728,0.3926,0.4037
Kuwait,KW,KWT,Transition Pathways,Final energy,Electricity,GCAM,Low Demand,EJ/yr,"NGFS (2023), Scenarios Portal; and IIASA (2023), NGFS Phase 4 Scenario Explorer.",,,,0.201,0.236,0.2547,0.2667,0.2846,0.2865,0.2733
Kuwait,KW,KWT,Transition Pathways,Final energy,Electricity,GCAM,Nationally Determined Contributions (NDCs),EJ/yr,"NGFS (2023), Scenarios Portal; and IIASA (2023), NGFS Phase 4 Scenario Explorer.",,,,0.1995,0.2403,0.2845,0.3243,0.3648,0.3813,0.3926
Kuwait,KW,KWT,Transition Pathways,Final energy,Electricity,GCAM,Net Zero 2050 (Orderly scenario),EJ/yr,"NGFS (2023), Scenarios Portal; and IIASA (2023), NGFS Phase 4 Scenario Explorer.",,,,0.2045,0.2463,0.2768,0.2909,0.3198,0.3206,0.3103
Kuwait,KW,KWT,Transition Pathways,Final energy,Electricity,MESSAGEix-GLOBIOM,Below 2°C,EJ/yr,"NGFS (2023), Scenarios Portal; and IIASA (2023), NGFS Phase 4 Scenario Explorer.",,,,0.2155,0.2598,0.3072,0.3583,0.425,0.4852,0.5533
Kuwait,KW,KWT,Transition Pathways,Final energy,Electricity,MESSAGEix-GLOBIOM,Current Policies (Hot house world scenario),EJ/yr,"NGFS (2023), Scenarios Portal; and IIASA (2023), NGFS Phase 4 Scenario Explorer.",,,,0.2174,0.2706,0.3127,0.3934,0.4603,0.51,0.5508
Kuwait,KW,KWT,Transition Pathways,Final energy,Electricity,MESSAGEix-GLOBIOM,Delayed Transition (Disorderly scenario),EJ/yr,"NGFS (2023), Scenarios Portal; and IIASA (2023), NGFS Phase 4 Scenario Explorer.",,,,0.2165,0.269,0.3101,0.3572,0.4225,0.4845,0.544
Kuwait,KW,KWT,Transition Pathways,Final energy,Electricity,MESSAGEix-GLOBIOM,Fragmented World,EJ/yr,"NGFS (2023), Scenarios Portal; and IIASA (2023), NGFS Phase 4 Scenario Explorer.",,,,0.2164,0.2631,0.3044,0.3808,0.4426,0.4852,0.5334
Kuwait,KW,KWT,Transition Pathways,Final energy,Electricity,MESSAGEix-GLOBIOM,Low Demand,EJ/yr,"NGFS (2023), Scenarios Portal; and IIASA (2023), NGFS Phase 4 Scenario Explorer.",,,,0.1953,0.2203,0.225,0.2666,0.3002,0.2764,0.2466
Kuwait,KW,KWT,Transition Pathways,Final energy,Electricity,MESSAGEix-GLOBIOM,Nationally Determined Contributions (NDCs),EJ/yr,"NGFS (2023), Scenarios Portal; and IIASA (2023), NGFS Phase 4 Scenario Explorer.",,,,0.217,0.2644,0.3082,0.386,0.4597,0.5053,0.5478
Kuwait,KW,KWT,Transition Pathways,Final energy,Electricity,MESSAGEix-GLOBIOM,Net Zero 2050 (Orderly scenario),EJ/yr,"NGFS (2023), Scenarios Portal; and IIASA (2023), NGFS Phase 4 Scenario Explorer.",,,,0.2219,0.2684,0.3065,0.3929,0.493,0.5751,0.6238
Kuwait,KW,KWT,Transition Pathways,Final energy,Electricity,REMIND-MAgPIE,Below 2°C,EJ/yr,"NGFS (2023), Scenarios Portal; and IIASA (2023), NGFS Phase 4 Scenario Explorer.",,,,0.2151,0.2452,0.2975,0.3658,0.4231,0.4743,0.495
Kuwait,KW,KWT,Transition Pathways,Final energy,Electricity,REMIND-MAgPIE,Current Policies (Hot house world scenario),EJ/yr,"NGFS (2023), Scenarios Portal; and IIASA (2023), NGFS Phase 4 Scenario Explorer.",,,,0.2108,0.2403,0.2892,0.3402,0.3965,0.424,0.4407
Kuwait,KW,KWT,Transition Pathways,Final energy,Electricity,REMIND-MAgPIE,Delayed Transition (Disorderly scenario),EJ/yr,"NGFS (2023), Scenarios Portal; and IIASA (2023), NGFS Phase 4 Scenario Explorer.",,,,0.2111,0.241,0.2907,0.3538,0.3969,0.4444,0.4874
Kuwait,KW,KWT,Transition Pathways,Final energy,Electricity,REMIND-MAgPIE,Fragmented World,EJ/yr,"NGFS (2023), Scenarios Portal; and IIASA (2023), NGFS Phase 4 Scenario Explorer.",,,,0.2153,0.2465,0.2938,0.3505,0.4,0.4256,0.4499
Kuwait,KW,KWT,Transition Pathways,Final energy,Electricity,REMIND-MAgPIE,Low Demand,EJ/yr,"NGFS (2023), Scenarios Portal; and IIASA (2023), NGFS Phase 4 Scenario Explorer.",,,,0.1829,0.1909,0.1785,0.1852,0.1932,0.1863,0.1812
Kuwait,KW,KWT,Transition Pathways,Final energy,Electricity,REMIND-MAgPIE,Nationally Determined Contributions (NDCs),EJ/yr,"NGFS (2023), Scenarios Portal; and IIASA (2023), NGFS Phase 4 Scenario Explorer.",,,,0.2145,0.2457,0.2949,0.3523,0.4105,0.4661,0.5096
Kuwait,KW,KWT,Transition Pathways,Final energy,Electricity,REMIND-MAgPIE,Net Zero 2050 (Orderly scenario),EJ/yr,"NGFS (2023), Scenarios Portal; and IIASA (2023), NGFS Phase 4 Scenario Explorer.",,,,0.2166,0.2505,0.2699,0.3292,0.3868,0.4276,0.4392
Kuwait,KW,KWT,Transition Pathways,Emissions and CCS,Energy and industrial processes CO2 emissions,GCAM,Below 2°C,Mt CO2/yr,"NGFS (2023), Scenarios Portal; and IIASA (2023), NGFS Phase 4 Scenario Explorer.",,,,106.3676,98.5922,84.105,66.6748,51.7904,39.0494,27.7376
Kuwait,KW,KWT,Transition Pathways,Emissions and CCS,Energy and industrial processes CO2 emissions,GCAM,Current Policies (Hot house world scenario),Mt CO2/yr,"NGFS (2023), Scenarios Portal; and IIASA (2023), NGFS Phase 4 Scenario Explorer.",,,,109.9187,101.8338,93.8045,90.3019,86.4746,80.4875,74.579
Kuwait,KW,KWT,Transition Pathways,Emissions and CCS,Energy and industrial processes CO2 emissions,GCAM,Delayed Transition (Disorderly scenario),Mt CO2/yr,"NGFS (2023), Scenarios Portal; and IIASA (2023), NGFS Phase 4 Scenario Explorer.",,,,110.2328,102.3559,94.5153,75.9099,62.3344,47.5321,33.8594
Kuwait,KW,KWT,Transition Pathways,Emissions and CCS,Energy and industrial processes CO2 emissions,GCAM,Fragmented World,Mt CO2/yr,"NGFS (2023), Scenarios Portal; and IIASA (2023), NGFS Phase 4 Scenario Explorer.",,,,108.8954,103.0882,95.3702,93.1235,90.1547,84.097,79.0024
Kuwait,KW,KWT,Transition Pathways,Emissions and CCS,Energy and industrial processes CO2 emissions,GCAM,Low Demand,Mt CO2/yr,"NGFS (2023), Scenarios Portal; and IIASA (2023), NGFS Phase 4 Scenario Explorer.",,,,105.2099,99.5764,79.199,54.875,38.2376,26.9355,20.2629
Kuwait,KW,KWT,Transition Pathways,Emissions and CCS,Energy and industrial processes CO2 emissions,GCAM,Nationally Determined Contributions (NDCs),Mt CO2/yr,"NGFS (2023), Scenarios Portal; and IIASA (2023), NGFS Phase 4 Scenario Explorer.",,,,107.801,100.794,92.6777,85.9584,79.4404,71.1644,63.2817
Kuwait,KW,KWT,Transition Pathways,Emissions and CCS,Energy and industrial processes CO2 emissions,GCAM,Net Zero 2050 (Orderly scenario),Mt CO2/yr,"NGFS (2023), Scenarios Portal; and IIASA (2023), NGFS Phase 4 Scenario Explorer.",,,,105.5425,96.3803,71.5903,46.0468,33.0003,25.0716,12.1735
Kuwait,KW,KWT,Transition Pathways,Emissions and CCS,Energy and industrial processes CO2 emissions,MESSAGEix-GLOBIOM,Below 2°C,Mt CO2/yr,"NGFS (2023), Scenarios Portal; and IIASA (2023), NGFS Phase 4 Scenario Explorer.",,,,100.8829,94.4487,87.0665,80.0036,72.3171,69.3954,58.9803
Kuwait,KW,KWT,Transition Pathways,Emissions and CCS,Energy and industrial processes CO2 emissions,MESSAGEix-GLOBIOM,Current Policies (Hot house world scenario),Mt CO2/yr,"NGFS (2023), Scenarios Portal; and IIASA (2023), NGFS Phase 4 Scenario Explorer.",,,,100.5767,94.6317,100.7766,102.3559,108.785,107.4295,110.765
Kuwait,KW,KWT,Transition Pathways,Emissions and CCS,Energy and industrial processes CO2 emissions,MESSAGEix-GLOBIOM,Delayed Transition (Disorderly scenario),Mt CO2/yr,"NGFS (2023), Scenarios Portal; and IIASA (2023), NGFS Phase 4 Scenario Explorer.",,,,100.6282,94.6794,100.8669,92.833,81.289,71.5652,56.5629
Kuwait,KW,KWT,Transition Pathways,Emissions and CCS,Energy and industrial processes CO2 emissions,MESSAGEix-GLOBIOM,Fragmented World,Mt CO2/yr,"NGFS (2023), Scenarios Portal; and IIASA (2023), NGFS Phase 4 Scenario Explorer.",,,,101.5723,96.1232,102.6709,107.523,116.2945,116.0493,98.9026
Kuwait,KW,KWT,Transition Pathways,Emissions and CCS,Energy and industrial processes CO2 emissions,MESSAGEix-GLOBIOM,Low Demand,Mt CO2/yr,"NGFS (2023), Scenarios Portal; and IIASA (2023), NGFS Phase 4 Scenario Explorer.",,,,95.6068,84.0605,58.443,35.7962,24.0012,20.0975,13.0968
Kuwait,KW,KWT,Transition Pathways,Emissions and CCS,Energy and industrial processes CO2 emissions,MESSAGEix-GLOBIOM,Nationally Determined Contributions (NDCs),Mt CO2/yr,"NGFS (2023), Scenarios Portal; and IIASA (2023), NGFS Phase 4 Scenario Explorer.",,,,100.741,95.9021,104.1097,103.4966,104.0855,106.4468,101.2525
Kuwait,KW,KWT,Transition Pathways,Emissions and CCS,Energy and industrial processes CO2 emissions,MESSAGEix-GLOBIOM,Net Zero 2050 (Orderly scenario),Mt CO2/yr,"NGFS (2023), Scenarios Portal; and IIASA (2023), NGFS Phase 4 Scenario Explorer.",,,,101.6081,96.5683,72.2681,48.4724,35.0967,22.7642,11.6048
Kuwait,KW,KWT,Transition Pathways,Emissions and CCS,Energy and industrial processes CO2 emissions,REMIND-MAgPIE,Below 2°C,Mt CO2/yr,"NGFS (2023), Scenarios Portal; and IIASA (2023), NGFS Phase 4 Scenario Explorer.",,,,107.7396,101.2461,78.6145,52.1941,32.951,20.8823,13.8948
Kuwait,KW,KWT,Transition Pathways,Emissions and CCS,Energy and industrial processes CO2 emissions,REMIND-MAgPIE,Current Policies (Hot house world scenario),Mt CO2/yr,"NGFS (2023), Scenarios Portal; and IIASA (2023), NGFS Phase 4 Scenario Explorer.",,,,107.4587,101.9586,91.7278,80.4216,73.6369,64.4002,56.5648
Kuwait,KW,KWT,Transition Pathways,Emissions and CCS,Energy and industrial processes CO2 emissions,REMIND-MAgPIE,Delayed Transition (Disorderly scenario),Mt CO2/yr,"NGFS (2023), Scenarios Portal; and IIASA (2023), NGFS Phase 4 Scenario Explorer.",,,,107.6342,102.2593,92.0633,76.264,42.4996,21.5248,14.9918
Kuwait,KW,KWT,Transition Pathways,Emissions and CCS,Energy and industrial processes CO2 emissions,REMIND-MAgPIE,Fragmented World,Mt CO2/yr,"NGFS (2023), Scenarios Portal; and IIASA (2023), NGFS Phase 4 Scenario Explorer.",,,,108.511,103.5313,92.9136,82.5022,73.7687,64.2954,57.0167
Kuwait,KW,KWT,Transition Pathways,Emissions and CCS,Energy and industrial processes CO2 emissions,REMIND-MAgPIE,Low Demand,Mt CO2/yr,"NGFS (2023), Scenarios Portal; and IIASA (2023), NGFS Phase 4 Scenario Explorer.",,,,103.3528,92.1374,50.688,24.4687,13.7193,5.5325,2.9921
Kuwait,KW,KWT,Transition Pathways,Emissions and CCS,Energy and industrial processes CO2 emissions,REMIND-MAgPIE,Nationally Determined Contributions (NDCs),Mt CO2/yr,"NGFS (2023), Scenarios Portal; and IIASA (2023), NGFS Phase 4 Scenario Explorer.",,,,108.2456,102.7172,88.0858,71.383,58.2769,48.6185,41.1015
Kuwait,KW,KWT,Transition Pathways,Emissions and CCS,Energy and industrial processes CO2 emissions,REMIND-MAgPIE,Net Zero 2050 (Orderly scenario),Mt CO2/yr,"NGFS (2023), Scenarios Portal; and IIASA (2023), NGFS Phase 4 Scenario Explorer.",,,,107.387,100.5891,49.2127,25.0497,12.8139,6.5189,2.8513
Kuwait,KW,KWT,Transition Pathways,Emissions and CCS,Fossil energy CCS,GCAM,Below 2°C,Mt CO2/yr,"NGFS (2023), Scenarios Portal; and IIASA (2023), NGFS Phase 4 Scenario Explorer.",,,,0.0007,0.0086,0.0483,0.3668,0.5917,0.7565,1.0036
Kuwait,KW,KWT,Transition Pathways,Emissions and CCS,Fossil energy CCS,GCAM,Current Policies (Hot house world scenario),Mt CO2/yr,"NGFS (2023), Scenarios Portal; and IIASA (2023), NGFS Phase 4 Scenario Explorer.",,,,0.002,0.0225,0.0872,0.1943,0.3059,0.4087,0.499
Kuwait,KW,KWT,Transition Pathways,Emissions and CCS,Fossil energy CCS,GCAM,Delayed Transition (Disorderly scenario),Mt CO2/yr,"NGFS (2023), Scenarios Portal; and IIASA (2023), NGFS Phase 4 Scenario Explorer.",,,,0.002,0.0225,0.087,0.2324,0.4788,0.6616,0.8724
Kuwait,KW,KWT,Transition Pathways,Emissions and CCS,Fossil energy CCS,GCAM,Fragmented World,Mt CO2/yr,"NGFS (2023), Scenarios Portal; and IIASA (2023), NGFS Phase 4 Scenario Explorer.",,,,0.0021,0.0238,0.0922,0.1291,0.1752,0.2138,0.2474
Kuwait,KW,KWT,Transition Pathways,Emissions and CCS,Fossil energy CCS,GCAM,Low Demand,Mt CO2/yr,"NGFS (2023), Scenarios Portal; and IIASA (2023), NGFS Phase 4 Scenario Explorer.",,,,0.0007,0.0053,0.0379,0.3545,0.463,0.7573,0.8857
Kuwait,KW,KWT,Transition Pathways,Emissions and CCS,Fossil energy CCS,GCAM,Nationally Determined Contributions (NDCs),Mt CO2/yr,"NGFS (2023), Scenarios Portal; and IIASA (2023), NGFS Phase 4 Scenario Explorer.",,,,0.002,0.0231,0.091,0.223,0.3738,0.5242,0.675
Kuwait,KW,KWT,Transition Pathways,Emissions and CCS,Fossil energy CCS,GCAM,Net Zero 2050 (Orderly scenario),Mt CO2/yr,"NGFS (2023), Scenarios Portal; and IIASA (2023), NGFS Phase 4 Scenario Explorer.",,,,0.001,0.0132,0.1024,0.4674,0.6596,0.838,0.9089
Kuwait,KW,KWT,Transition Pathways,Emissions and CCS,Fossil energy CCS,MESSAGEix-GLOBIOM,Below 2°C,Mt CO2/yr,"NGFS (2023), Scenarios Portal; and IIASA (2023), NGFS Phase 4 Scenario Explorer.",,,,0.0,0.0,0.4303,1.2846,2.564,4.9095,8.1214
Kuwait,KW,KWT,Transition Pathways,Emissions and CCS,Fossil energy CCS,MESSAGEix-GLOBIOM,Current Policies (Hot house world scenario),Mt CO2/yr,"NGFS (2023), Scenarios Portal; and IIASA (2023), NGFS Phase 4 Scenario Explorer.",,,,0.0,0.0,0.0,0.0,0.0,0.0,0.0
Kuwait,KW,KWT,Transition Pathways,Emissions and CCS,Fossil energy CCS,MESSAGEix-GLOBIOM,Delayed Transition (Disorderly scenario),Mt CO2/yr,"NGFS (2023), Scenarios Portal; and IIASA (2023), NGFS Phase 4 Scenario Explorer.",,,,0.0,0.0,0.0,0.6642,1.6828,3.313,5.2027
Kuwait,KW,KWT,Transition Pathways,Emissions and CCS,Fossil energy CCS,MESSAGEix-GLOBIOM,Fragmented World,Mt CO2/yr,"NGFS (2023), Scenarios Portal; and IIASA (2023), NGFS Phase 4 Scenario Explorer.",,,,0.0,0.0,0.0,0.0,0.0,0.3036,0.6462
Kuwait,KW,KWT,Transition Pathways,Emissions and CCS,Fossil energy CCS,MESSAGEix-GLOBIOM,Low Demand,Mt CO2/yr,"NGFS (2023), Scenarios Portal; and IIASA (2023), NGFS Phase 4 Scenario Explorer.",,,,0.0,0.0,0.5367,1.0134,1.5103,3.8012,5.5421
Kuwait,KW,KWT,Transition Pathways,Emissions and CCS,Fossil energy CCS,MESSAGEix-GLOBIOM,Nationally Determined Contributions (NDCs),Mt CO2/yr,"NGFS (2023), Scenarios Portal; and IIASA (2023), NGFS Phase 4 Scenario Explorer.",,,,0.0,0.0,0.0,0.0,0.0,0.0,0.0
Kuwait,KW,KWT,Transition Pathways,Emissions and CCS,Fossil energy CCS,MESSAGEix-GLOBIOM,Net Zero 2050 (Orderly scenario),Mt CO2/yr,"NGFS (2023), Scenarios Portal; and IIASA (2023), NGFS Phase 4 Scenario Explorer.",,,,0.0,0.0,0.8483,1.8505,2.372,2.1783,3.1794
Kuwait,KW,KWT,Transition Pathways,Emissions and CCS,Fossil energy CCS,REMIND-MAgPIE,Below 2°C,Mt CO2/yr,"NGFS (2023), Scenarios Portal; and IIASA (2023), NGFS Phase 4 Scenario Explorer.",,,,0.0,0.0,0.1015,0.8568,1.4365,1.2181,0.6592
Kuwait,KW,KWT,Transition Pathways,Emissions and CCS,Fossil energy CCS,REMIND-MAgPIE,Current Policies (Hot house world scenario),Mt CO2/yr,"NGFS (2023), Scenarios Portal; and IIASA (2023), NGFS Phase 4 Scenario Explorer.",,,,0.0,0.0,0.0,0.0,0.0,0.0,0.0
Kuwait,KW,KWT,Transition Pathways,Emissions and CCS,Fossil energy CCS,REMIND-MAgPIE,Delayed Transition (Disorderly scenario),Mt CO2/yr,"NGFS (2023), Scenarios Portal; and IIASA (2023), NGFS Phase 4 Scenario Explorer.",,,,0.0,0.0,0.0,0.0445,1.068,1.2754,0.6097
Kuwait,KW,KWT,Transition Pathways,Emissions and CCS,Fossil energy CCS,REMIND-MAgPIE,Fragmented World,Mt CO2/yr,"NGFS (2023), Scenarios Portal; and IIASA (2023), NGFS Phase 4 Scenario Explorer.",,,,0.0,0.0,0.0,0.0,0.0,0.0,0.0
Kuwait,KW,KWT,Transition Pathways,Emissions and CCS,Fossil energy CCS,REMIND-MAgPIE,Low Demand,Mt CO2/yr,"NGFS (2023), Scenarios Portal; and IIASA (2023), NGFS Phase 4 Scenario Explorer.",,,,0.0,0.0033,0.1657,1.1712,0.609,0.0182,0.0073
Kuwait,KW,KWT,Transition Pathways,Emissions and CCS,Fossil energy CCS,REMIND-MAgPIE,Nationally Determined Contributions (NDCs),Mt CO2/yr,"NGFS (2023), Scenarios Portal; and IIASA (2023), NGFS Phase 4 Scenario Explorer.",,,,0.0,0.0,0.0,0.0,0.0,0.0,0.0
Kuwait,KW,KWT,Transition Pathways,Emissions and CCS,Fossil energy CCS,REMIND-MAgPIE,Net Zero 2050 (Orderly scenario),Mt CO2/yr,"NGFS (2023), Scenarios Portal; and IIASA (2023), NGFS Phase 4 Scenario Explorer.",,,,0.0,0.001,0.2536,0.7821,0.169,0.1051,0.0236
Kuwait,KW,KWT,Transition Pathways,Primary energy,Gas,GCAM,Below 2°C,EJ/yr,"NGFS (2023), Scenarios Portal; and IIASA (2023), NGFS Phase 4 Scenario Explorer.",,,,0.6571,0.57,0.4375,0.2884,0.1797,0.1208,0.0952
Kuwait,KW,KWT,Transition Pathways,Primary energy,Gas,GCAM,Current Policies (Hot house world scenario),EJ/yr,"NGFS (2023), Scenarios Portal; and IIASA (2023), NGFS Phase 4 Scenario Explorer.",,,,0.7222,0.635,0.5733,0.5483,0.5288,0.53,0.5229
Kuwait,KW,KWT,Transition Pathways,Primary energy,Gas,GCAM,Delayed Transition (Disorderly scenario),EJ/yr,"NGFS (2023), Scenarios Portal; and IIASA (2023), NGFS Phase 4 Scenario Explorer.",,,,0.7229,0.636,0.5743,0.3507,0.2399,0.1537,0.1112
Kuwait,KW,KWT,Transition Pathways,Primary energy,Gas,GCAM,Fragmented World,EJ/yr,"NGFS (2023), Scenarios Portal; and IIASA (2023), NGFS Phase 4 Scenario Explorer.",,,,0.7199,0.6605,0.6029,0.5498,0.5077,0.4962,0.4763
Kuwait,KW,KWT,Transition Pathways,Primary energy,Gas,GCAM,Low Demand,EJ/yr,"NGFS (2023), Scenarios Portal; and IIASA (2023), NGFS Phase 4 Scenario Explorer.",,,,0.6468,0.5774,0.3921,0.2154,0.0911,0.0608,0.0479
Kuwait,KW,KWT,Transition Pathways,Primary energy,Gas,GCAM,Nationally Determined Contributions (NDCs),EJ/yr,"NGFS (2023), Scenarios Portal; and IIASA (2023), NGFS Phase 4 Scenario Explorer.",,,,0.7067,0.641,0.5708,0.5127,0.4601,0.4158,0.3766
Kuwait,KW,KWT,Transition Pathways,Primary energy,Gas,GCAM,Net Zero 2050 (Orderly scenario),EJ/yr,"NGFS (2023), Scenarios Portal; and IIASA (2023), NGFS Phase 4 Scenario Explorer.",,,,0.6526,0.5585,0.3191,0.1566,0.0757,0.0481,0.039
Kuwait,KW,KWT,Transition Pathways,Primary energy,Gas,MESSAGEix-GLOBIOM,Below 2°C,EJ/yr,"NGFS (2023), Scenarios Portal; and IIASA (2023), NGFS Phase 4 Scenario Explorer.",,,,0.7964,1.2724,1.2623,1.0455,0.972,1.0408,0.948
Kuwait,KW,KWT,Transition Pathways,Primary energy,Gas,MESSAGEix-GLOBIOM,Current Policies (Hot house world scenario),EJ/yr,"NGFS (2023), Scenarios Portal; and IIASA (2023), NGFS Phase 4 Scenario Explorer.",,,,0.7712,1.2792,1.3348,1.3521,1.3219,1.2304,1.1609
Kuwait,KW,KWT,Transition Pathways,Primary energy,Gas,MESSAGEix-GLOBIOM,Delayed Transition (Disorderly scenario),EJ/yr,"NGFS (2023), Scenarios Portal; and IIASA (2023), NGFS Phase 4 Scenario Explorer.",,,,0.7708,1.2809,1.3362,1.2963,1.0921,0.9908,0.7873
Kuwait,KW,KWT,Transition Pathways,Primary energy,Gas,MESSAGEix-GLOBIOM,Fragmented World,EJ/yr,"NGFS (2023), Scenarios Portal; and IIASA (2023), NGFS Phase 4 Scenario Explorer.",,,,0.801,1.3135,1.3831,1.3938,1.548,1.6545,1.332
Kuwait,KW,KWT,Transition Pathways,Primary energy,Gas,MESSAGEix-GLOBIOM,Low Demand,EJ/yr,"NGFS (2023), Scenarios Portal; and IIASA (2023), NGFS Phase 4 Scenario Explorer.",,,,0.7441,1.2614,0.84,0.3821,0.2071,0.2807,0.2439
Kuwait,KW,KWT,Transition Pathways,Primary energy,Gas,MESSAGEix-GLOBIOM,Nationally Determined Contributions (NDCs),EJ/yr,"NGFS (2023), Scenarios Portal; and IIASA (2023), NGFS Phase 4 Scenario Explorer.",,,,0.7902,1.2834,1.3999,1.3292,1.3525,1.3811,1.2022
Kuwait,KW,KWT,Transition Pathways,Primary energy,Gas,MESSAGEix-GLOBIOM,Net Zero 2050 (Orderly scenario),EJ/yr,"NGFS (2023), Scenarios Portal; and IIASA (2023), NGFS Phase 4 Scenario Explorer.",,,,0.7992,1.2964,1.008,0.6004,0.42,0.3176,0.1936
Kuwait,KW,KWT,Transition Pathways,Primary energy,Gas,REMIND-MAgPIE,Below 2°C,EJ/yr,"NGFS (2023), Scenarios Portal; and IIASA (2023), NGFS Phase 4 Scenario Explorer.",,,,0.9027,0.8935,0.7052,0.4108,0.1527,0.0685,0.0209
Kuwait,KW,KWT,Transition Pathways,Primary energy,Gas,REMIND-MAgPIE,Current Policies (Hot house world scenario),EJ/yr,"NGFS (2023), Scenarios Portal; and IIASA (2023), NGFS Phase 4 Scenario Explorer.",,,,0.8945,0.9092,0.8962,0.8315,0.7367,0.6445,0.5558
Kuwait,KW,KWT,Transition Pathways,Primary energy,Gas,REMIND-MAgPIE,Delayed Transition (Disorderly scenario),EJ/yr,"NGFS (2023), Scenarios Portal; and IIASA (2023), NGFS Phase 4 Scenario Explorer.",,,,0.8963,0.9123,0.9006,0.7901,0.2635,0.0492,0.0137
Kuwait,KW,KWT,Transition Pathways,Primary energy,Gas,REMIND-MAgPIE,Fragmented World,EJ/yr,"NGFS (2023), Scenarios Portal; and IIASA (2023), NGFS Phase 4 Scenario Explorer.",,,,0.8971,0.92,0.912,0.8617,0.7386,0.6377,0.554
Kuwait,KW,KWT,Transition Pathways,Primary energy,Gas,REMIND-MAgPIE,Low Demand,EJ/yr,"NGFS (2023), Scenarios Portal; and IIASA (2023), NGFS Phase 4 Scenario Explorer.",,,,0.8441,0.8004,0.4058,0.1342,0.0427,0.0005,0.0003
Kuwait,KW,KWT,Transition Pathways,Primary energy,Gas,REMIND-MAgPIE,Nationally Determined Contributions (NDCs),EJ/yr,"NGFS (2023), Scenarios Portal; and IIASA (2023), NGFS Phase 4 Scenario Explorer.",,,,0.898,0.9141,0.8484,0.6957,0.4909,0.3678,0.2765
Kuwait,KW,KWT,Transition Pathways,Primary energy,Gas,REMIND-MAgPIE,Net Zero 2050 (Orderly scenario),EJ/yr,"NGFS (2023), Scenarios Portal; and IIASA (2023), NGFS Phase 4 Scenario Explorer.",,,,0.9048,0.8932,0.3228,0.108,0.0048,0.0018,0.0011
Kuwait,KW,KWT,Transition Pathways,Final energy,Gases,GCAM,Below 2°C,EJ/yr,"NGFS (2023), Scenarios Portal; and IIASA (2023), NGFS Phase 4 Scenario Explorer.",,,,0.2876,0.2774,0.253,0.2132,0.1699,0.1659,0.1424
Kuwait,KW,KWT,Transition Pathways,Final energy,Gases,GCAM,Current Policies (Hot house world scenario),EJ/yr,"NGFS (2023), Scenarios Portal; and IIASA (2023), NGFS Phase 4 Scenario Explorer.",,,,0.2892,0.272,0.2532,0.2339,0.197,0.2055,0.2095
Kuwait,KW,KWT,Transition Pathways,Final energy,Gases,GCAM,Delayed Transition (Disorderly scenario),EJ/yr,"NGFS (2023), Scenarios Portal; and IIASA (2023), NGFS Phase 4 Scenario Explorer.",,,,0.2928,0.2771,0.2593,0.2266,0.1883,0.1846,0.177
Kuwait,KW,KWT,Transition Pathways,Final energy,Gases,GCAM,Fragmented World,EJ/yr,"NGFS (2023), Scenarios Portal; and IIASA (2023), NGFS Phase 4 Scenario Explorer.",,,,0.2925,0.2892,0.2724,0.2502,0.2101,0.2214,0.2286
Kuwait,KW,KWT,Transition Pathways,Final energy,Gases,GCAM,Low Demand,EJ/yr,"NGFS (2023), Scenarios Portal; and IIASA (2023), NGFS Phase 4 Scenario Explorer.",,,,0.276,0.2636,0.2129,0.1751,0.107,0.0787,0.0567
Kuwait,KW,KWT,Transition Pathways,Final energy,Gases,GCAM,Nationally Determined Contributions (NDCs),EJ/yr,"NGFS (2023), Scenarios Portal; and IIASA (2023), NGFS Phase 4 Scenario Explorer.",,,,0.2884,0.2822,0.262,0.2342,0.1932,0.202,0.2051
Kuwait,KW,KWT,Transition Pathways,Final energy,Gases,GCAM,Net Zero 2050 (Orderly scenario),EJ/yr,"NGFS (2023), Scenarios Portal; and IIASA (2023), NGFS Phase 4 Scenario Explorer.",,,,0.2758,0.2623,0.2161,0.1765,0.0949,0.0599,0.0381
Kuwait,KW,KWT,Transition Pathways,Final energy,Gases,MESSAGEix-GLOBIOM,Below 2°C,EJ/yr,"NGFS (2023), Scenarios Portal; and IIASA (2023), NGFS Phase 4 Scenario Explorer.",,,,0.299,0.379,0.4271,0.3852,0.383,0.4089,0.4152
Kuwait,KW,KWT,Transition Pathways,Final energy,Gases,MESSAGEix-GLOBIOM,Current Policies (Hot house world scenario),EJ/yr,"NGFS (2023), Scenarios Portal; and IIASA (2023), NGFS Phase 4 Scenario Explorer.",,,,0.2831,0.3572,0.402,0.4117,0.3679,0.367,0.3875
Kuwait,KW,KWT,Transition Pathways,Final energy,Gases,MESSAGEix-GLOBIOM,Delayed Transition (Disorderly scenario),EJ/yr,"NGFS (2023), Scenarios Portal; and IIASA (2023), NGFS Phase 4 Scenario Explorer.",,,,0.2862,0.3615,0.4077,0.4197,0.3932,0.4144,0.4272
Kuwait,KW,KWT,Transition Pathways,Final energy,Gases,MESSAGEix-GLOBIOM,Fragmented World,EJ/yr,"NGFS (2023), Scenarios Portal; and IIASA (2023), NGFS Phase 4 Scenario Explorer.",,,,0.3046,0.3973,0.459,0.4363,0.4908,0.641,0.6413
Kuwait,KW,KWT,Transition Pathways,Final energy,Gases,MESSAGEix-GLOBIOM,Low Demand,EJ/yr,"NGFS (2023), Scenarios Portal; and IIASA (2023), NGFS Phase 4 Scenario Explorer.",,,,0.2823,0.3428,0.3281,0.2651,0.2225,0.2041,0.1416
Kuwait,KW,KWT,Transition Pathways,Final energy,Gases,MESSAGEix-GLOBIOM,Nationally Determined Contributions (NDCs),EJ/yr,"NGFS (2023), Scenarios Portal; and IIASA (2023), NGFS Phase 4 Scenario Explorer.",,,,0.3028,0.3898,0.4356,0.4205,0.4558,0.4881,0.4806
Kuwait,KW,KWT,Transition Pathways,Final energy,Gases,MESSAGEix-GLOBIOM,Net Zero 2050 (Orderly scenario),EJ/yr,"NGFS (2023), Scenarios Portal; and IIASA (2023), NGFS Phase 4 Scenario Explorer.",,,,0.3052,0.4025,0.4023,0.3955,0.3489,0.3334,0.2757
Kuwait,KW,KWT,Transition Pathways,Final energy,Gases,REMIND-MAgPIE,Below 2°C,EJ/yr,"NGFS (2023), Scenarios Portal; and IIASA (2023), NGFS Phase 4 Scenario Explorer.",,,,0.2185,0.176,0.1305,0.0726,0.0171,0.0119,0.0076
Kuwait,KW,KWT,Transition Pathways,Final energy,Gases,REMIND-MAgPIE,Current Policies (Hot house world scenario),EJ/yr,"NGFS (2023), Scenarios Portal; and IIASA (2023), NGFS Phase 4 Scenario Explorer.",,,,0.2294,0.193,0.1573,0.1076,0.0427,0.0419,0.0412
Kuwait,KW,KWT,Transition Pathways,Final energy,Gases,REMIND-MAgPIE,Delayed Transition (Disorderly scenario),EJ/yr,"NGFS (2023), Scenarios Portal; and IIASA (2023), NGFS Phase 4 Scenario Explorer.",,,,0.2334,0.198,0.1629,0.1079,0.0122,0.0099,0.007
Kuwait,KW,KWT,Transition Pathways,Final energy,Gases,REMIND-MAgPIE,Fragmented World,EJ/yr,"NGFS (2023), Scenarios Portal; and IIASA (2023), NGFS Phase 4 Scenario Explorer.",,,,0.2201,0.1872,0.1618,0.1125,0.0435,0.0423,0.0421
Kuwait,KW,KWT,Transition Pathways,Final energy,Gases,REMIND-MAgPIE,Low Demand,EJ/yr,"NGFS (2023), Scenarios Portal; and IIASA (2023), NGFS Phase 4 Scenario Explorer.",,,,0.1991,0.16,0.0618,0.0184,0.0017,0.0007,0.0004
Kuwait,KW,KWT,Transition Pathways,Final energy,Gases,REMIND-MAgPIE,Nationally Determined Contributions (NDCs),EJ/yr,"NGFS (2023), Scenarios Portal; and IIASA (2023), NGFS Phase 4 Scenario Explorer.",,,,0.2169,0.1846,0.1611,0.1137,0.0402,0.0366,0.0349
Kuwait,KW,KWT,Transition Pathways,Final energy,Gases,REMIND-MAgPIE,Net Zero 2050 (Orderly scenario),EJ/yr,"NGFS (2023), Scenarios Portal; and IIASA (2023), NGFS Phase 4 Scenario Explorer.",,,,0.2086,0.1625,0.0654,0.0271,0.0029,0.0009,0.0005
Kuwait,KW,KWT,Transition Pathways,Primary energy,Geothermal,REMIND-MAgPIE,Below 2°C,EJ/yr,"NGFS (2023), Scenarios Portal; and IIASA (2023), NGFS Phase 4 Scenario Explorer.",,,,0.0004,0.0004,0.0006,0.001,0.0018,0.0031,0.005
Kuwait,KW,KWT,Transition Pathways,Primary energy,Geothermal,REMIND-MAgPIE,Current Policies (Hot house world scenario),EJ/yr,"NGFS (2023), Scenarios Portal; and IIASA (2023), NGFS Phase 4 Scenario Explorer.",,,,0.0004,0.0004,0.0003,0.0003,0.0003,0.0003,0.0002
Kuwait,KW,KWT,Transition Pathways,Primary energy,Geothermal,REMIND-MAgPIE,Delayed Transition (Disorderly scenario),EJ/yr,"NGFS (2023), Scenarios Portal; and IIASA (2023), NGFS Phase 4 Scenario Explorer.",,,,0.0004,0.0004,0.0003,0.0005,0.001,0.0024,0.0046
Kuwait,KW,KWT,Transition Pathways,Primary energy,Geothermal,REMIND-MAgPIE,Fragmented World,EJ/yr,"NGFS (2023), Scenarios Portal; and IIASA (2023), NGFS Phase 4 Scenario Explorer.",,,,0.0004,0.0004,0.0003,0.0003,0.0003,0.0002,0.0002
Kuwait,KW,KWT,Transition Pathways,Primary energy,Geothermal,REMIND-MAgPIE,Low Demand,EJ/yr,"NGFS (2023), Scenarios Portal; and IIASA (2023), NGFS Phase 4 Scenario Explorer.",,,,0.0,0.0,0.0,0.0001,0.0001,0.0002,0.0003
Kuwait,KW,KWT,Transition Pathways,Primary energy,Geothermal,REMIND-MAgPIE,Nationally Determined Contributions (NDCs),EJ/yr,"NGFS (2023), Scenarios Portal; and IIASA (2023), NGFS Phase 4 Scenario Explorer.",,,,0.0004,0.0004,0.0003,0.0003,0.0003,0.0003,0.0002
Kuwait,KW,KWT,Transition Pathways,Primary energy,Geothermal,REMIND-MAgPIE,Net Zero 2050 (Orderly scenario),EJ/yr,"NGFS (2023), Scenarios Portal; and IIASA (2023), NGFS Phase 4 Scenario Explorer.",,,,0.0004,0.0006,0.0018,0.0042,0.0073,0.0103,0.014
Kuwait,KW,KWT,Transition Pathways,Final energy,Heat,MESSAGEix-GLOBIOM,Below 2°C,EJ/yr,"NGFS (2023), Scenarios Portal; and IIASA (2023), NGFS Phase 4 Scenario Explorer.",,,,0.0051,0.006,0.0204,0.0397,0.0524,0.0631,0.072
Kuwait,KW,KWT,Transition Pathways,Final energy,Heat,MESSAGEix-GLOBIOM,Current Policies (Hot house world scenario),EJ/yr,"NGFS (2023), Scenarios Portal; and IIASA (2023), NGFS Phase 4 Scenario Explorer.",,,,0.0052,0.0063,0.0078,0.0126,0.022,0.0303,0.0403
Kuwait,KW,KWT,Transition Pathways,Final energy,Heat,MESSAGEix-GLOBIOM,Delayed Transition (Disorderly scenario),EJ/yr,"NGFS (2023), Scenarios Portal; and IIASA (2023), NGFS Phase 4 Scenario Explorer.",,,,0.0052,0.0063,0.0078,0.025,0.0348,0.039,0.0511
Kuwait,KW,KWT,Transition Pathways,Final energy,Heat,MESSAGEix-GLOBIOM,Fragmented World,EJ/yr,"NGFS (2023), Scenarios Portal; and IIASA (2023), NGFS Phase 4 Scenario Explorer.",,,,0.0052,0.0062,0.0077,0.0127,0.0209,0.028,0.0395
Kuwait,KW,KWT,Transition Pathways,Final energy,Heat,MESSAGEix-GLOBIOM,Low Demand,EJ/yr,"NGFS (2023), Scenarios Portal; and IIASA (2023), NGFS Phase 4 Scenario Explorer.",,,,0.0047,0.0052,0.0165,0.0229,0.0274,0.025,0.0195
Kuwait,KW,KWT,Transition Pathways,Final energy,Heat,MESSAGEix-GLOBIOM,Nationally Determined Contributions (NDCs),EJ/yr,"NGFS (2023), Scenarios Portal; and IIASA (2023), NGFS Phase 4 Scenario Explorer.",,,,0.0052,0.0061,0.0078,0.0127,0.0243,0.0294,0.0369
Kuwait,KW,KWT,Transition Pathways,Final energy,Heat,MESSAGEix-GLOBIOM,Net Zero 2050 (Orderly scenario),EJ/yr,"NGFS (2023), Scenarios Portal; and IIASA (2023), NGFS Phase 4 Scenario Explorer.",,,,0.0052,0.006,0.0221,0.0282,0.0416,0.0408,0.0531
Kuwait,KW,KWT,Transition Pathways,Final energy,Heat,REMIND-MAgPIE,Below 2°C,EJ/yr,"NGFS (2023), Scenarios Portal; and IIASA (2023), NGFS Phase 4 Scenario Explorer.",,,,0.0006,0.0041,0.0071,0.0087,0.0092,0.0085,0.0088
Kuwait,KW,KWT,Transition Pathways,Final energy,Heat,REMIND-MAgPIE,Current Policies (Hot house world scenario),EJ/yr,"NGFS (2023), Scenarios Portal; and IIASA (2023), NGFS Phase 4 Scenario Explorer.",,,,0.0006,0.0042,0.0071,0.0089,0.0105,0.0118,0.0132
Kuwait,KW,KWT,Transition Pathways,Final energy,Heat,REMIND-MAgPIE,Delayed Transition (Disorderly scenario),EJ/yr,"NGFS (2023), Scenarios Portal; and IIASA (2023), NGFS Phase 4 Scenario Explorer.",,,,0.0006,0.0043,0.0073,0.0096,0.0094,0.0091,0.0085
Kuwait,KW,KWT,Transition Pathways,Final energy,Heat,REMIND-MAgPIE,Fragmented World,EJ/yr,"NGFS (2023), Scenarios Portal; and IIASA (2023), NGFS Phase 4 Scenario Explorer.",,,,0.0007,0.0044,0.0074,0.0095,0.011,0.0124,0.0141
Kuwait,KW,KWT,Transition Pathways,Final energy,Heat,REMIND-MAgPIE,Low Demand,EJ/yr,"NGFS (2023), Scenarios Portal; and IIASA (2023), NGFS Phase 4 Scenario Explorer.",,,,0.0006,0.0036,0.0055,0.0051,0.0056,0.0062,0.0063
Kuwait,KW,KWT,Transition Pathways,Final energy,Heat,REMIND-MAgPIE,Nationally Determined Contributions (NDCs),EJ/yr,"NGFS (2023), Scenarios Portal; and IIASA (2023), NGFS Phase 4 Scenario Explorer.",,,,0.0006,0.0042,0.0072,0.0092,0.0107,0.0124,0.0141
Kuwait,KW,KWT,Transition Pathways,Final energy,Heat,REMIND-MAgPIE,Net Zero 2050 (Orderly scenario),EJ/yr,"NGFS (2023), Scenarios Portal; and IIASA (2023), NGFS Phase 4 Scenario Explorer.",,,,0.0006,0.0037,0.0048,0.0059,0.0084,0.0104,0.013
Kuwait,KW,KWT,Transition Pathways,Primary energy,Hydro,GCAM,Below 2°C,EJ/yr,"NGFS (2023), Scenarios Portal; and IIASA (2023), NGFS Phase 4 Scenario Explorer.",,,,0.0002,0.0004,0.0005,0.0007,0.0008,0.0009,0.001
Kuwait,KW,KWT,Transition Pathways,Primary energy,Hydro,GCAM,Current Policies (Hot house world scenario),EJ/yr,"NGFS (2023), Scenarios Portal; and IIASA (2023), NGFS Phase 4 Scenario Explorer.",,,,0.0002,0.0003,0.0005,0.0007,0.0009,0.0012,0.0015
Kuwait,KW,KWT,Transition Pathways,Primary energy,Hydro,GCAM,Delayed Transition (Disorderly scenario),EJ/yr,"NGFS (2023), Scenarios Portal; and IIASA (2023), NGFS Phase 4 Scenario Explorer.",,,,0.0001,0.0003,0.0004,0.0006,0.0007,0.0008,0.0009
Kuwait,KW,KWT,Transition Pathways,Primary energy,Hydro,GCAM,Fragmented World,EJ/yr,"NGFS (2023), Scenarios Portal; and IIASA (2023), NGFS Phase 4 Scenario Explorer.",,,,0.0001,0.0003,0.0004,0.0006,0.0007,0.0009,0.0012
Kuwait,KW,KWT,Transition Pathways,Primary energy,Hydro,GCAM,Low Demand,EJ/yr,"NGFS (2023), Scenarios Portal; and IIASA (2023), NGFS Phase 4 Scenario Explorer.",,,,0.0003,0.0005,0.0006,0.0007,0.0008,0.0008,0.0008
Kuwait,KW,KWT,Transition Pathways,Primary energy,Hydro,GCAM,Nationally Determined Contributions (NDCs),EJ/yr,"NGFS (2023), Scenarios Portal; and IIASA (2023), NGFS Phase 4 Scenario Explorer.",,,,0.0002,0.0003,0.0005,0.0007,0.0009,0.0011,0.0014
Kuwait,KW,KWT,Transition Pathways,Primary energy,Hydro,GCAM,Net Zero 2050 (Orderly scenario),EJ/yr,"NGFS (2023), Scenarios Portal; and IIASA (2023), NGFS Phase 4 Scenario Explorer.",,,,0.0003,0.0005,0.0007,0.0008,0.0008,0.0007,0.0008
Kuwait,KW,KWT,Transition Pathways,Primary energy,Hydro,MESSAGEix-GLOBIOM,Below 2°C,EJ/yr,"NGFS (2023), Scenarios Portal; and IIASA (2023), NGFS Phase 4 Scenario Explorer.",,,,0.0005,0.0008,0.0012,0.0014,0.0016,0.0038,0.0039
Kuwait,KW,KWT,Transition Pathways,Primary energy,Hydro,MESSAGEix-GLOBIOM,Current Policies (Hot house world scenario),EJ/yr,"NGFS (2023), Scenarios Portal; and IIASA (2023), NGFS Phase 4 Scenario Explorer.",,,,0.0005,0.0008,0.0011,0.0014,0.0018,0.0019,0.0021
Kuwait,KW,KWT,Transition Pathways,Primary energy,Hydro,MESSAGEix-GLOBIOM,Delayed Transition (Disorderly scenario),EJ/yr,"NGFS (2023), Scenarios Portal; and IIASA (2023), NGFS Phase 4 Scenario Explorer.",,,,0.0004,0.0007,0.0009,0.0012,0.0014,0.0032,0.0034
Kuwait,KW,KWT,Transition Pathways,Primary energy,Hydro,MESSAGEix-GLOBIOM,Fragmented World,EJ/yr,"NGFS (2023), Scenarios Portal; and IIASA (2023), NGFS Phase 4 Scenario Explorer.",,,,0.0004,0.0007,0.0009,0.0012,0.0015,0.0017,0.0018
Kuwait,KW,KWT,Transition Pathways,Primary energy,Hydro,MESSAGEix-GLOBIOM,Low Demand,EJ/yr,"NGFS (2023), Scenarios Portal; and IIASA (2023), NGFS Phase 4 Scenario Explorer.",,,,0.0002,0.0002,0.0008,0.0009,0.0011,0.0012,0.0012
Kuwait,KW,KWT,Transition Pathways,Primary energy,Hydro,MESSAGEix-GLOBIOM,Nationally Determined Contributions (NDCs),EJ/yr,"NGFS (2023), Scenarios Portal; and IIASA (2023), NGFS Phase 4 Scenario Explorer.",,,,0.0005,0.0008,0.0011,0.0015,0.0018,0.002,0.0022
Kuwait,KW,KWT,Transition Pathways,Primary energy,Hydro,MESSAGEix-GLOBIOM,Net Zero 2050 (Orderly scenario),EJ/yr,"NGFS (2023), Scenarios Portal; and IIASA (2023), NGFS Phase 4 Scenario Explorer.",,,,0.0007,0.001,0.0033,0.004,0.0046,0.0049,0.005
Kuwait,KW,KWT,Transition Pathways,Primary energy,Hydro,REMIND-MAgPIE,Below 2°C,EJ/yr,"NGFS (2023), Scenarios Portal; and IIASA (2023), NGFS Phase 4 Scenario Explorer.",,,,0.0004,0.0006,0.0007,0.0009,0.0011,0.0012,0.0014
Kuwait,KW,KWT,Transition Pathways,Primary energy,Hydro,REMIND-MAgPIE,Current Policies (Hot house world scenario),EJ/yr,"NGFS (2023), Scenarios Portal; and IIASA (2023), NGFS Phase 4 Scenario Explorer.",,,,0.0004,0.0006,0.0007,0.0009,0.001,0.0012,0.0013
Kuwait,KW,KWT,Transition Pathways,Primary energy,Hydro,REMIND-MAgPIE,Delayed Transition (Disorderly scenario),EJ/yr,"NGFS (2023), Scenarios Portal; and IIASA (2023), NGFS Phase 4 Scenario Explorer.",,,,0.0003,0.0005,0.0006,0.0007,0.0009,0.001,0.0011
Kuwait,KW,KWT,Transition Pathways,Primary energy,Hydro,REMIND-MAgPIE,Fragmented World,EJ/yr,"NGFS (2023), Scenarios Portal; and IIASA (2023), NGFS Phase 4 Scenario Explorer.",,,,0.0003,0.0005,0.0006,0.0007,0.0009,0.001,0.0011
Kuwait,KW,KWT,Transition Pathways,Primary energy,Hydro,REMIND-MAgPIE,Low Demand,EJ/yr,"NGFS (2023), Scenarios Portal; and IIASA (2023), NGFS Phase 4 Scenario Explorer.",,,,0.0,0.0,0.0,0.0,0.0,0.0,0.0
Kuwait,KW,KWT,Transition Pathways,Primary energy,Hydro,REMIND-MAgPIE,Nationally Determined Contributions (NDCs),EJ/yr,"NGFS (2023), Scenarios Portal; and IIASA (2023), NGFS Phase 4 Scenario Explorer.",,,,0.0004,0.0006,0.0007,0.0009,0.001,0.0012,0.0013
Kuwait,KW,KWT,Transition Pathways,Primary energy,Hydro,REMIND-MAgPIE,Net Zero 2050 (Orderly scenario),EJ/yr,"NGFS (2023), Scenarios Portal; and IIASA (2023), NGFS Phase 4 Scenario Explorer.",,,,0.0005,0.0008,0.001,0.0012,0.0015,0.0017,0.0019
Kuwait,KW,KWT,Transition Pathways,Final energy,Hydrogen,GCAM,Below 2°C,EJ/yr,"NGFS (2023), Scenarios Portal; and IIASA (2023), NGFS Phase 4 Scenario Explorer.",,,,0.0,0.0018,0.0124,0.0304,0.0523,0.0694,0.0872
Kuwait,KW,KWT,Transition Pathways,Final energy,Hydrogen,GCAM,Current Policies (Hot house world scenario),EJ/yr,"NGFS (2023), Scenarios Portal; and IIASA (2023), NGFS Phase 4 Scenario Explorer.",,,,0.0,0.0015,0.0113,0.0255,0.0422,0.0541,0.0634
Kuwait,KW,KWT,Transition Pathways,Final energy,Hydrogen,GCAM,Delayed Transition (Disorderly scenario),EJ/yr,"NGFS (2023), Scenarios Portal; and IIASA (2023), NGFS Phase 4 Scenario Explorer.",,,,0.0,0.0015,0.0113,0.0272,0.0462,0.0611,0.0771
Kuwait,KW,KWT,Transition Pathways,Final energy,Hydrogen,GCAM,Fragmented World,EJ/yr,"NGFS (2023), Scenarios Portal; and IIASA (2023), NGFS Phase 4 Scenario Explorer.",,,,0.0,0.0015,0.0112,0.0263,0.0453,0.0586,0.069
Kuwait,KW,KWT,Transition Pathways,Final energy,Hydrogen,GCAM,Low Demand,EJ/yr,"NGFS (2023), Scenarios Portal; and IIASA (2023), NGFS Phase 4 Scenario Explorer.",,,,0.0,0.0013,0.0097,0.0302,0.0539,0.0784,0.119
Kuwait,KW,KWT,Transition Pathways,Final energy,Hydrogen,GCAM,Nationally Determined Contributions (NDCs),EJ/yr,"NGFS (2023), Scenarios Portal; and IIASA (2023), NGFS Phase 4 Scenario Explorer.",,,,0.0,0.0016,0.0119,0.0264,0.043,0.0552,0.0647
Kuwait,KW,KWT,Transition Pathways,Final energy,Hydrogen,GCAM,Net Zero 2050 (Orderly scenario),EJ/yr,"NGFS (2023), Scenarios Portal; and IIASA (2023), NGFS Phase 4 Scenario Explorer.",,,,0.0,0.0017,0.0121,0.0379,0.0679,0.1187,0.1632
Kuwait,KW,KWT,Transition Pathways,Final energy,Hydrogen,MESSAGEix-GLOBIOM,Below 2°C,EJ/yr,"NGFS (2023), Scenarios Portal; and IIASA (2023), NGFS Phase 4 Scenario Explorer.",,,,0.0,0.0,0.0,0.0075,0.0202,0.0381,0.0505
Kuwait,KW,KWT,Transition Pathways,Final energy,Hydrogen,MESSAGEix-GLOBIOM,Current Policies (Hot house world scenario),EJ/yr,"NGFS (2023), Scenarios Portal; and IIASA (2023), NGFS Phase 4 Scenario Explorer.",,,,0.0,0.0,0.0,0.0078,0.0223,0.0446,0.0668
Kuwait,KW,KWT,Transition Pathways,Final energy,Hydrogen,MESSAGEix-GLOBIOM,Delayed Transition (Disorderly scenario),EJ/yr,"NGFS (2023), Scenarios Portal; and IIASA (2023), NGFS Phase 4 Scenario Explorer.",,,,0.0,0.0,0.0,0.0074,0.02,0.0325,0.0474
Kuwait,KW,KWT,Transition Pathways,Final energy,Hydrogen,MESSAGEix-GLOBIOM,Fragmented World,EJ/yr,"NGFS (2023), Scenarios Portal; and IIASA (2023), NGFS Phase 4 Scenario Explorer.",,,,0.0,0.0,0.0,0.0077,0.0214,0.0419,0.063
Kuwait,KW,KWT,Transition Pathways,Final energy,Hydrogen,MESSAGEix-GLOBIOM,Low Demand,EJ/yr,"NGFS (2023), Scenarios Portal; and IIASA (2023), NGFS Phase 4 Scenario Explorer.",,,,0.0,0.0,0.0067,0.0282,0.0545,0.0831,0.1093
Kuwait,KW,KWT,Transition Pathways,Final energy,Hydrogen,MESSAGEix-GLOBIOM,Nationally Determined Contributions (NDCs),EJ/yr,"NGFS (2023), Scenarios Portal; and IIASA (2023), NGFS Phase 4 Scenario Explorer.",,,,0.0,0.0,0.0,0.0076,0.022,0.0444,0.0684
Kuwait,KW,KWT,Transition Pathways,Final energy,Hydrogen,MESSAGEix-GLOBIOM,Net Zero 2050 (Orderly scenario),EJ/yr,"NGFS (2023), Scenarios Portal; and IIASA (2023), NGFS Phase 4 Scenario Explorer.",,,,0.0,0.0,0.0,0.0054,0.0145,0.0301,0.0341
Kuwait,KW,KWT,Transition Pathways,Emissions and CCS,Industrial processes CCS,GCAM,Below 2°C,Mt CO2/yr,"NGFS (2023), Scenarios Portal; and IIASA (2023), NGFS Phase 4 Scenario Explorer.",,,,0.0,0.0,0.0003,0.3644,0.8272,1.1048,1.2334
Kuwait,KW,KWT,Transition Pathways,Emissions and CCS,Industrial processes CCS,GCAM,Current Policies (Hot house world scenario),Mt CO2/yr,"NGFS (2023), Scenarios Portal; and IIASA (2023), NGFS Phase 4 Scenario Explorer.",,,,0.0,0.0,0.0003,0.029,0.0433,0.0496,0.0518
Kuwait,KW,KWT,Transition Pathways,Emissions and CCS,Industrial processes CCS,GCAM,Delayed Transition (Disorderly scenario),Mt CO2/yr,"NGFS (2023), Scenarios Portal; and IIASA (2023), NGFS Phase 4 Scenario Explorer.",,,,0.0,0.0,0.0003,0.1486,0.5047,0.8203,1.1187
Kuwait,KW,KWT,Transition Pathways,Emissions and CCS,Industrial processes CCS,GCAM,Fragmented World,Mt CO2/yr,"NGFS (2023), Scenarios Portal; and IIASA (2023), NGFS Phase 4 Scenario Explorer.",,,,0.0,0.0,0.0003,0.0303,0.045,0.0519,0.0545
Kuwait,KW,KWT,Transition Pathways,Emissions and CCS,Industrial processes CCS,GCAM,Low Demand,Mt CO2/yr,"NGFS (2023), Scenarios Portal; and IIASA (2023), NGFS Phase 4 Scenario Explorer.",,,,0.0,0.0,0.0002,0.4229,0.8323,1.0658,1.1605
Kuwait,KW,KWT,Transition Pathways,Emissions and CCS,Industrial processes CCS,GCAM,Nationally Determined Contributions (NDCs),Mt CO2/yr,"NGFS (2023), Scenarios Portal; and IIASA (2023), NGFS Phase 4 Scenario Explorer.",,,,0.0,0.0,0.0003,0.056,0.1081,0.1499,0.1998
Kuwait,KW,KWT,Transition Pathways,Emissions and CCS,Industrial processes CCS,GCAM,Net Zero 2050 (Orderly scenario),Mt CO2/yr,"NGFS (2023), Scenarios Portal; and IIASA (2023), NGFS Phase 4 Scenario Explorer.",,,,0.0,0.0,0.0003,0.6381,1.0083,1.188,1.228
Kuwait,KW,KWT,Transition Pathways,Emissions and CCS,Industrial processes CCS,MESSAGEix-GLOBIOM,Below 2°C,Mt CO2/yr,"NGFS (2023), Scenarios Portal; and IIASA (2023), NGFS Phase 4 Scenario Explorer.",,,,0.0,0.0,0.4501,1.2096,1.8803,1.8419,1.9656
Kuwait,KW,KWT,Transition Pathways,Emissions and CCS,Industrial processes CCS,MESSAGEix-GLOBIOM,Current Policies (Hot house world scenario),Mt CO2/yr,"NGFS (2023), Scenarios Portal; and IIASA (2023), NGFS Phase 4 Scenario Explorer.",,,,0.0,0.0,0.0,0.0,0.0,0.0,0.0
Kuwait,KW,KWT,Transition Pathways,Emissions and CCS,Industrial processes CCS,MESSAGEix-GLOBIOM,Delayed Transition (Disorderly scenario),Mt CO2/yr,"NGFS (2023), Scenarios Portal; and IIASA (2023), NGFS Phase 4 Scenario Explorer.",,,,0.0,0.0,0.0,0.8787,1.4806,1.5105,2.1458
Kuwait,KW,KWT,Transition Pathways,Emissions and CCS,Industrial processes CCS,MESSAGEix-GLOBIOM,Fragmented World,Mt CO2/yr,"NGFS (2023), Scenarios Portal; and IIASA (2023), NGFS Phase 4 Scenario Explorer.",,,,0.0,0.0,0.0,0.0,0.0,0.1398,0.1452
Kuwait,KW,KWT,Transition Pathways,Emissions and CCS,Industrial processes CCS,MESSAGEix-GLOBIOM,Low Demand,Mt CO2/yr,"NGFS (2023), Scenarios Portal; and IIASA (2023), NGFS Phase 4 Scenario Explorer.",,,,0.0,0.0,0.4478,1.0889,1.811,1.9715,2.1108
Kuwait,KW,KWT,Transition Pathways,Emissions and CCS,Industrial processes CCS,MESSAGEix-GLOBIOM,Nationally Determined Contributions (NDCs),Mt CO2/yr,"NGFS (2023), Scenarios Portal; and IIASA (2023), NGFS Phase 4 Scenario Explorer.",,,,0.0,0.0,0.0,0.0,0.0,0.0,0.0
Kuwait,KW,KWT,Transition Pathways,Emissions and CCS,Industrial processes CCS,MESSAGEix-GLOBIOM,Net Zero 2050 (Orderly scenario),Mt CO2/yr,"NGFS (2023), Scenarios Portal; and IIASA (2023), NGFS Phase 4 Scenario Explorer.",,,,0.0,0.0,0.8278,1.4943,3.2488,3.2735,2.6942
Kuwait,KW,KWT,Transition Pathways,Emissions and CCS,Industrial processes CCS,REMIND-MAgPIE,Below 2°C,Mt CO2/yr,"NGFS (2023), Scenarios Portal; and IIASA (2023), NGFS Phase 4 Scenario Explorer.",,,,0.0,0.0,0.0,0.0,0.3464,0.6917,0.9665
Kuwait,KW,KWT,Transition Pathways,Emissions and CCS,Industrial processes CCS,REMIND-MAgPIE,Current Policies (Hot house world scenario),Mt CO2/yr,"NGFS (2023), Scenarios Portal; and IIASA (2023), NGFS Phase 4 Scenario Explorer.",,,,0.0,0.0,0.0,0.0,0.0,0.0,0.0
Kuwait,KW,KWT,Transition Pathways,Emissions and CCS,Industrial processes CCS,REMIND-MAgPIE,Delayed Transition (Disorderly scenario),Mt CO2/yr,"NGFS (2023), Scenarios Portal; and IIASA (2023), NGFS Phase 4 Scenario Explorer.",,,,0.0,0.0,0.0,0.0,0.0,0.7074,1.0473
Kuwait,KW,KWT,Transition Pathways,Emissions and CCS,Industrial processes CCS,REMIND-MAgPIE,Fragmented World,Mt CO2/yr,"NGFS (2023), Scenarios Portal; and IIASA (2023), NGFS Phase 4 Scenario Explorer.",,,,0.0,0.0,0.0,0.0,0.0,0.0,0.0
Kuwait,KW,KWT,Transition Pathways,Emissions and CCS,Industrial processes CCS,REMIND-MAgPIE,Low Demand,Mt CO2/yr,"NGFS (2023), Scenarios Portal; and IIASA (2023), NGFS Phase 4 Scenario Explorer.",,,,0.0,0.0,0.0,0.1789,0.3201,0.3862,0.4312
Kuwait,KW,KWT,Transition Pathways,Emissions and CCS,Industrial processes CCS,REMIND-MAgPIE,Nationally Determined Contributions (NDCs),Mt CO2/yr,"NGFS (2023), Scenarios Portal; and IIASA (2023), NGFS Phase 4 Scenario Explorer.",,,,0.0,0.0,0.0,0.0,0.0,0.0,0.0
Kuwait,KW,KWT,Transition Pathways,Emissions and CCS,Industrial processes CCS,REMIND-MAgPIE,Net Zero 2050 (Orderly scenario),Mt CO2/yr,"NGFS (2023), Scenarios Portal; and IIASA (2023), NGFS Phase 4 Scenario Explorer.",,,,0.0,0.0,0.3079,0.5153,0.7888,0.9539,0.8809
Kuwait,KW,KWT,Transition Pathways,Final energy,Liquids,GCAM,Below 2°C,EJ/yr,"NGFS (2023), Scenarios Portal; and IIASA (2023), NGFS Phase 4 Scenario Explorer.",,,,0.2913,0.2988,0.2989,0.2888,0.2694,0.2125,0.152
Kuwait,KW,KWT,Transition Pathways,Final energy,Liquids,GCAM,Current Policies (Hot house world scenario),EJ/yr,"NGFS (2023), Scenarios Portal; and IIASA (2023), NGFS Phase 4 Scenario Explorer.",,,,0.2998,0.3081,0.3117,0.3182,0.3236,0.2912,0.2616
Kuwait,KW,KWT,Transition Pathways,Final energy,Liquids,GCAM,Delayed Transition (Disorderly scenario),EJ/yr,"NGFS (2023), Scenarios Portal; and IIASA (2023), NGFS Phase 4 Scenario Explorer.",,,,0.3035,0.3141,0.3203,0.3097,0.3066,0.2605,0.1938
Kuwait,KW,KWT,Transition Pathways,Final energy,Liquids,GCAM,Fragmented World,EJ/yr,"NGFS (2023), Scenarios Portal; and IIASA (2023), NGFS Phase 4 Scenario Explorer.",,,,0.2997,0.3116,0.3194,0.3276,0.3332,0.3037,0.2771
Kuwait,KW,KWT,Transition Pathways,Final energy,Liquids,GCAM,Low Demand,EJ/yr,"NGFS (2023), Scenarios Portal; and IIASA (2023), NGFS Phase 4 Scenario Explorer.",,,,0.2787,0.2794,0.2481,0.2067,0.1777,0.1084,0.0628
Kuwait,KW,KWT,Transition Pathways,Final energy,Liquids,GCAM,Nationally Determined Contributions (NDCs),EJ/yr,"NGFS (2023), Scenarios Portal; and IIASA (2023), NGFS Phase 4 Scenario Explorer.",,,,0.2924,0.2995,0.3037,0.3076,0.3105,0.2773,0.2453
Kuwait,KW,KWT,Transition Pathways,Final energy,Liquids,GCAM,Net Zero 2050 (Orderly scenario),EJ/yr,"NGFS (2023), Scenarios Portal; and IIASA (2023), NGFS Phase 4 Scenario Explorer.",,,,0.2787,0.2762,0.2572,0.2056,0.1663,0.0891,0.0479
Kuwait,KW,KWT,Transition Pathways,Final energy,Liquids,MESSAGEix-GLOBIOM,Below 2°C,EJ/yr,"NGFS (2023), Scenarios Portal; and IIASA (2023), NGFS Phase 4 Scenario Explorer.",,,,0.2783,0.2649,0.4348,0.5032,0.5273,0.4872,0.4215
Kuwait,KW,KWT,Transition Pathways,Final energy,Liquids,MESSAGEix-GLOBIOM,Current Policies (Hot house world scenario),EJ/yr,"NGFS (2023), Scenarios Portal; and IIASA (2023), NGFS Phase 4 Scenario Explorer.",,,,0.3012,0.304,0.3508,0.6295,0.7388,0.7706,0.8184
Kuwait,KW,KWT,Transition Pathways,Final energy,Liquids,MESSAGEix-GLOBIOM,Delayed Transition (Disorderly scenario),EJ/yr,"NGFS (2023), Scenarios Portal; and IIASA (2023), NGFS Phase 4 Scenario Explorer.",,,,0.3023,0.3057,0.3538,0.555,0.5733,0.5398,0.4843
Kuwait,KW,KWT,Transition Pathways,Final energy,Liquids,MESSAGEix-GLOBIOM,Fragmented World,EJ/yr,"NGFS (2023), Scenarios Portal; and IIASA (2023), NGFS Phase 4 Scenario Explorer.",,,,0.2965,0.299,0.343,0.6287,0.7154,0.7307,0.7234
Kuwait,KW,KWT,Transition Pathways,Final energy,Liquids,MESSAGEix-GLOBIOM,Low Demand,EJ/yr,"NGFS (2023), Scenarios Portal; and IIASA (2023), NGFS Phase 4 Scenario Explorer.",,,,0.2624,0.2425,0.3692,0.3567,0.3283,0.2567,0.1632
Kuwait,KW,KWT,Transition Pathways,Final energy,Liquids,MESSAGEix-GLOBIOM,Nationally Determined Contributions (NDCs),EJ/yr,"NGFS (2023), Scenarios Portal; and IIASA (2023), NGFS Phase 4 Scenario Explorer.",,,,0.2915,0.2907,0.3343,0.5897,0.6869,0.6983,0.7151
Kuwait,KW,KWT,Transition Pathways,Final energy,Liquids,MESSAGEix-GLOBIOM,Net Zero 2050 (Orderly scenario),EJ/yr,"NGFS (2023), Scenarios Portal; and IIASA (2023), NGFS Phase 4 Scenario Explorer.",,,,0.2789,0.2646,0.3644,0.3564,0.3234,0.2461,0.1547
Kuwait,KW,KWT,Transition Pathways,Final energy,Liquids,REMIND-MAgPIE,Below 2°C,EJ/yr,"NGFS (2023), Scenarios Portal; and IIASA (2023), NGFS Phase 4 Scenario Explorer.",,,,0.3394,0.3613,0.3518,0.3515,0.352,0.2659,0.2065
Kuwait,KW,KWT,Transition Pathways,Final energy,Liquids,REMIND-MAgPIE,Current Policies (Hot house world scenario),EJ/yr,"NGFS (2023), Scenarios Portal; and IIASA (2023), NGFS Phase 4 Scenario Explorer.",,,,0.3379,0.3449,0.3283,0.3124,0.3142,0.2854,0.2621
Kuwait,KW,KWT,Transition Pathways,Final energy,Liquids,REMIND-MAgPIE,Delayed Transition (Disorderly scenario),EJ/yr,"NGFS (2023), Scenarios Portal; and IIASA (2023), NGFS Phase 4 Scenario Explorer.",,,,0.3414,0.3508,0.3364,0.3354,0.3653,0.2975,0.2368
Kuwait,KW,KWT,Transition Pathways,Final energy,Liquids,REMIND-MAgPIE,Fragmented World,EJ/yr,"NGFS (2023), Scenarios Portal; and IIASA (2023), NGFS Phase 4 Scenario Explorer.",,,,0.3456,0.3562,0.3341,0.3208,0.3215,0.2923,0.2754
Kuwait,KW,KWT,Transition Pathways,Final energy,Liquids,REMIND-MAgPIE,Low Demand,EJ/yr,"NGFS (2023), Scenarios Portal; and IIASA (2023), NGFS Phase 4 Scenario Explorer.",,,,0.3367,0.3315,0.2783,0.2379,0.1735,0.0963,0.0583
Kuwait,KW,KWT,Transition Pathways,Final energy,Liquids,REMIND-MAgPIE,Nationally Determined Contributions (NDCs),EJ/yr,"NGFS (2023), Scenarios Portal; and IIASA (2023), NGFS Phase 4 Scenario Explorer.",,,,0.3414,0.3522,0.3308,0.3176,0.3258,0.3148,0.3007
Kuwait,KW,KWT,Transition Pathways,Final energy,Liquids,REMIND-MAgPIE,Net Zero 2050 (Orderly scenario),EJ/yr,"NGFS (2023), Scenarios Portal; and IIASA (2023), NGFS Phase 4 Scenario Explorer.",,,,0.3287,0.3385,0.3042,0.2502,0.1751,0.0996,0.0709
Kuwait,KW,KWT,Transition Pathways,Emissions and CCS,LULUCF CO2 emissions,GCAM,Below 2°C,Mt CO2/yr,"NGFS (2023), Scenarios Portal; and IIASA (2023), NGFS Phase 4 Scenario Explorer.",,,,0.0042,0.0148,0.0153,0.0158,0.0162,0.0167,0.0171
Kuwait,KW,KWT,Transition Pathways,Emissions and CCS,LULUCF CO2 emissions,GCAM,Current Policies (Hot house world scenario),Mt CO2/yr,"NGFS (2023), Scenarios Portal; and IIASA (2023), NGFS Phase 4 Scenario Explorer.",,,,0.0042,0.0143,0.0141,0.014,0.0139,0.0138,0.0137
Kuwait,KW,KWT,Transition Pathways,Emissions and CCS,LULUCF CO2 emissions,GCAM,Delayed Transition (Disorderly scenario),Mt CO2/yr,"NGFS (2023), Scenarios Portal; and IIASA (2023), NGFS Phase 4 Scenario Explorer.",,,,0.0042,0.0143,0.0141,0.015,0.0159,0.0168,0.0177
Kuwait,KW,KWT,Transition Pathways,Emissions and CCS,LULUCF CO2 emissions,GCAM,Fragmented World,Mt CO2/yr,"NGFS (2023), Scenarios Portal; and IIASA (2023), NGFS Phase 4 Scenario Explorer.",,,,0.0042,0.0143,0.0141,0.0155,0.0169,0.0182,0.0196
Kuwait,KW,KWT,Transition Pathways,Emissions and CCS,LULUCF CO2 emissions,GCAM,Low Demand,Mt CO2/yr,"NGFS (2023), Scenarios Portal; and IIASA (2023), NGFS Phase 4 Scenario Explorer.",,,,0.0042,0.0146,0.0148,0.015,0.0153,0.0155,0.0157
Kuwait,KW,KWT,Transition Pathways,Emissions and CCS,LULUCF CO2 emissions,GCAM,Nationally Determined Contributions (NDCs),Mt CO2/yr,"NGFS (2023), Scenarios Portal; and IIASA (2023), NGFS Phase 4 Scenario Explorer.",,,,0.0042,0.0142,0.014,0.0139,0.0137,0.0135,0.0134
Kuwait,KW,KWT,Transition Pathways,Emissions and CCS,LULUCF CO2 emissions,GCAM,Net Zero 2050 (Orderly scenario),Mt CO2/yr,"NGFS (2023), Scenarios Portal; and IIASA (2023), NGFS Phase 4 Scenario Explorer.",,,,0.0042,0.0147,0.0151,0.0155,0.0158,0.0162,0.0165
Kuwait,KW,KWT,Transition Pathways,Emissions and CCS,LULUCF CO2 emissions,MESSAGEix-GLOBIOM,Below 2°C,Mt CO2/yr,"NGFS (2023), Scenarios Portal; and IIASA (2023), NGFS Phase 4 Scenario Explorer.",,,,0.0042,0.0099,0.0053,0.0045,0.0037,0.0034,0.0033
Kuwait,KW,KWT,Transition Pathways,Emissions and CCS,LULUCF CO2 emissions,MESSAGEix-GLOBIOM,Current Policies (Hot house world scenario),Mt CO2/yr,"NGFS (2023), Scenarios Portal; and IIASA (2023), NGFS Phase 4 Scenario Explorer.",,,,0.0042,0.0099,0.0054,0.0047,0.0039,0.0038,0.0036
Kuwait,KW,KWT,Transition Pathways,Emissions and CCS,LULUCF CO2 emissions,MESSAGEix-GLOBIOM,Delayed Transition (Disorderly scenario),Mt CO2/yr,"NGFS (2023), Scenarios Portal; and IIASA (2023), NGFS Phase 4 Scenario Explorer.",,,,0.0042,0.0099,0.0054,0.0046,0.0038,0.0034,0.0031
Kuwait,KW,KWT,Transition Pathways,Emissions and CCS,LULUCF CO2 emissions,MESSAGEix-GLOBIOM,Fragmented World,Mt CO2/yr,"NGFS (2023), Scenarios Portal; and IIASA (2023), NGFS Phase 4 Scenario Explorer.",,,,0.0042,0.0099,0.0054,0.0046,0.0038,0.0037,0.0036
Kuwait,KW,KWT,Transition Pathways,Emissions and CCS,LULUCF CO2 emissions,MESSAGEix-GLOBIOM,Low Demand,Mt CO2/yr,"NGFS (2023), Scenarios Portal; and IIASA (2023), NGFS Phase 4 Scenario Explorer.",,,,0.0042,0.0099,0.0053,0.0044,0.0037,0.0032,0.0028
Kuwait,KW,KWT,Transition Pathways,Emissions and CCS,LULUCF CO2 emissions,MESSAGEix-GLOBIOM,Nationally Determined Contributions (NDCs),Mt CO2/yr,"NGFS (2023), Scenarios Portal; and IIASA (2023), NGFS Phase 4 Scenario Explorer.",,,,0.0042,0.0099,0.0054,0.0046,0.0038,0.0037,0.0036
Kuwait,KW,KWT,Transition Pathways,Emissions and CCS,LULUCF CO2 emissions,MESSAGEix-GLOBIOM,Net Zero 2050 (Orderly scenario),Mt CO2/yr,"NGFS (2023), Scenarios Portal; and IIASA (2023), NGFS Phase 4 Scenario Explorer.",,,,0.0042,0.0099,0.0053,0.0041,0.0032,0.003,0.0027
Kuwait,KW,KWT,Transition Pathways,Emissions and CCS,LULUCF CO2 emissions,REMIND-MAgPIE,Below 2°C,Mt CO2/yr,"NGFS (2023), Scenarios Portal; and IIASA (2023), NGFS Phase 4 Scenario Explorer.",,,,0.0042,0.0057,0.0049,0.0045,0.0044,0.0043,0.0045
Kuwait,KW,KWT,Transition Pathways,Emissions and CCS,LULUCF CO2 emissions,REMIND-MAgPIE,Current Policies (Hot house world scenario),Mt CO2/yr,"NGFS (2023), Scenarios Portal; and IIASA (2023), NGFS Phase 4 Scenario Explorer.",,,,0.0042,0.0077,0.0068,0.0058,0.0049,0.0044,0.004
Kuwait,KW,KWT,Transition Pathways,Emissions and CCS,LULUCF CO2 emissions,REMIND-MAgPIE,Delayed Transition (Disorderly scenario),Mt CO2/yr,"NGFS (2023), Scenarios Portal; and IIASA (2023), NGFS Phase 4 Scenario Explorer.",,,,0.0042,0.0077,0.0068,0.0057,0.0046,0.0041,0.0041
Kuwait,KW,KWT,Transition Pathways,Emissions and CCS,LULUCF CO2 emissions,REMIND-MAgPIE,Fragmented World,Mt CO2/yr,"NGFS (2023), Scenarios Portal; and IIASA (2023), NGFS Phase 4 Scenario Explorer.",,,,0.0042,0.0077,0.0068,0.0058,0.007,0.008,0.0077
Kuwait,KW,KWT,Transition Pathways,Emissions and CCS,LULUCF CO2 emissions,REMIND-MAgPIE,Low Demand,Mt CO2/yr,"NGFS (2023), Scenarios Portal; and IIASA (2023), NGFS Phase 4 Scenario Explorer.",,,,0.0042,0.0056,0.0047,0.0042,0.004,0.0039,0.0038
Kuwait,KW,KWT,Transition Pathways,Emissions and CCS,LULUCF CO2 emissions,REMIND-MAgPIE,Nationally Determined Contributions (NDCs),Mt CO2/yr,"NGFS (2023), Scenarios Portal; and IIASA (2023), NGFS Phase 4 Scenario Explorer.",,,,0.0042,0.0071,0.0066,0.0057,0.0047,0.0042,0.004
Kuwait,KW,KWT,Transition Pathways,Emissions and CCS,LULUCF CO2 emissions,REMIND-MAgPIE,Net Zero 2050 (Orderly scenario),Mt CO2/yr,"NGFS (2023), Scenarios Portal; and IIASA (2023), NGFS Phase 4 Scenario Explorer.",,,,0.0042,0.0072,0.0068,0.0061,0.0053,0.0049,0.005
Kuwait,KW,KWT,Transition Pathways,Primary energy,Nuclear,GCAM,Below 2°C,EJ/yr,"NGFS (2023), Scenarios Portal; and IIASA (2023), NGFS Phase 4 Scenario Explorer.",,,,0.0,0.0,0.0001,0.0001,0.0003,0.0004,0.0006
Kuwait,KW,KWT,Transition Pathways,Primary energy,Nuclear,GCAM,Current Policies (Hot house world scenario),EJ/yr,"NGFS (2023), Scenarios Portal; and IIASA (2023), NGFS Phase 4 Scenario Explorer.",,,,0.0,0.0,0.0,0.0001,0.0001,0.0001,0.0002
Kuwait,KW,KWT,Transition Pathways,Primary energy,Nuclear,GCAM,Delayed Transition (Disorderly scenario),EJ/yr,"NGFS (2023), Scenarios Portal; and IIASA (2023), NGFS Phase 4 Scenario Explorer.",,,,0.0,0.0,0.0,0.0001,0.0002,0.0003,0.0005
Kuwait,KW,KWT,Transition Pathways,Primary energy,Nuclear,GCAM,Fragmented World,EJ/yr,"NGFS (2023), Scenarios Portal; and IIASA (2023), NGFS Phase 4 Scenario Explorer.",,,,0.0,0.0,0.0,0.0001,0.0001,0.0001,0.0001
Kuwait,KW,KWT,Transition Pathways,Primary energy,Nuclear,GCAM,Low Demand,EJ/yr,"NGFS (2023), Scenarios Portal; and IIASA (2023), NGFS Phase 4 Scenario Explorer.",,,,0.0,0.0,0.0001,0.0002,0.0003,0.0006,0.0008
Kuwait,KW,KWT,Transition Pathways,Primary energy,Nuclear,GCAM,Nationally Determined Contributions (NDCs),EJ/yr,"NGFS (2023), Scenarios Portal; and IIASA (2023), NGFS Phase 4 Scenario Explorer.",,,,0.0,0.0,0.0,0.0001,0.0001,0.0002,0.0002
Kuwait,KW,KWT,Transition Pathways,Primary energy,Nuclear,GCAM,Net Zero 2050 (Orderly scenario),EJ/yr,"NGFS (2023), Scenarios Portal; and IIASA (2023), NGFS Phase 4 Scenario Explorer.",,,,0.0,0.0,0.0001,0.0003,0.0006,0.001,0.0013
Kuwait,KW,KWT,Transition Pathways,Primary energy,Nuclear,MESSAGEix-GLOBIOM,Delayed Transition (Disorderly scenario),EJ/yr,"NGFS (2023), Scenarios Portal; and IIASA (2023), NGFS Phase 4 Scenario Explorer.",,,,0.0,0.0,0.0,0.0001,0.0001,0.0003,0.001
Kuwait,KW,KWT,Transition Pathways,Primary energy,Nuclear,MESSAGEix-GLOBIOM,Low Demand,EJ/yr,"NGFS (2023), Scenarios Portal; and IIASA (2023), NGFS Phase 4 Scenario Explorer.",,,,0.0,0.0,0.0001,0.0003,0.0007,0.0007,0.0007
Kuwait,KW,KWT,Transition Pathways,Primary energy,Nuclear,MESSAGEix-GLOBIOM,Net Zero 2050 (Orderly scenario),EJ/yr,"NGFS (2023), Scenarios Portal; and IIASA (2023), NGFS Phase 4 Scenario Explorer.",,,,0.0,0.0001,0.0004,0.0013,0.0028,0.0046,0.0046
Kuwait,KW,KWT,Transition Pathways,Primary energy,Nuclear,REMIND-MAgPIE,Below 2°C,EJ/yr,"NGFS (2023), Scenarios Portal; and IIASA (2023), NGFS Phase 4 Scenario Explorer.",,,,0.0001,0.0001,0.0002,0.0002,0.0002,0.0002,0.0002
Kuwait,KW,KWT,Transition Pathways,Primary energy,Nuclear,REMIND-MAgPIE,Current Policies (Hot house world scenario),EJ/yr,"NGFS (2023), Scenarios Portal; and IIASA (2023), NGFS Phase 4 Scenario Explorer.",,,,0.0001,0.0001,0.0002,0.0002,0.0002,0.0002,0.0002
Kuwait,KW,KWT,Transition Pathways,Primary energy,Nuclear,REMIND-MAgPIE,Delayed Transition (Disorderly scenario),EJ/yr,"NGFS (2023), Scenarios Portal; and IIASA (2023), NGFS Phase 4 Scenario Explorer.",,,,0.0001,0.0001,0.0001,0.0002,0.0002,0.0002,0.0002
Kuwait,KW,KWT,Transition Pathways,Primary energy,Nuclear,REMIND-MAgPIE,Fragmented World,EJ/yr,"NGFS (2023), Scenarios Portal; and IIASA (2023), NGFS Phase 4 Scenario Explorer.",,,,0.0001,0.0001,0.0001,0.0002,0.0002,0.0002,0.0002
Kuwait,KW,KWT,Transition Pathways,Primary energy,Nuclear,REMIND-MAgPIE,Low Demand,EJ/yr,"NGFS (2023), Scenarios Portal; and IIASA (2023), NGFS Phase 4 Scenario Explorer.",,,,0.0,0.0,0.0,0.0,0.0,0.0,0.0
Kuwait,KW,KWT,Transition Pathways,Primary energy,Nuclear,REMIND-MAgPIE,Nationally Determined Contributions (NDCs),EJ/yr,"NGFS (2023), Scenarios Portal; and IIASA (2023), NGFS Phase 4 Scenario Explorer.",,,,0.0001,0.0001,0.0002,0.0002,0.0002,0.0002,0.0002
Kuwait,KW,KWT,Transition Pathways,Primary energy,Nuclear,REMIND-MAgPIE,Net Zero 2050 (Orderly scenario),EJ/yr,"NGFS (2023), Scenarios Portal; and IIASA (2023), NGFS Phase 4 Scenario Explorer.",,,,0.0001,0.0002,0.0003,0.0003,0.0003,0.0002,0.0002
Kuwait,KW,KWT,Transition Pathways,Primary energy,Oil,GCAM,Below 2°C,EJ/yr,"NGFS (2023), Scenarios Portal; and IIASA (2023), NGFS Phase 4 Scenario Explorer.",,,,0.6945,0.7158,0.6933,0.6422,0.5895,0.5181,0.4225
Kuwait,KW,KWT,Transition Pathways,Primary energy,Oil,GCAM,Current Policies (Hot house world scenario),EJ/yr,"NGFS (2023), Scenarios Portal; and IIASA (2023), NGFS Phase 4 Scenario Explorer.",,,,0.7079,0.7261,0.7343,0.7651,0.7932,0.7752,0.7555
Kuwait,KW,KWT,Transition Pathways,Primary energy,Oil,GCAM,Delayed Transition (Disorderly scenario),EJ/yr,"NGFS (2023), Scenarios Portal; and IIASA (2023), NGFS Phase 4 Scenario Explorer.",,,,0.7103,0.7307,0.7412,0.7063,0.6744,0.6004,0.4894
Kuwait,KW,KWT,Transition Pathways,Primary energy,Oil,GCAM,Fragmented World,EJ/yr,"NGFS (2023), Scenarios Portal; and IIASA (2023), NGFS Phase 4 Scenario Explorer.",,,,0.6999,0.7272,0.735,0.7883,0.8421,0.8361,0.8467
Kuwait,KW,KWT,Transition Pathways,Primary energy,Oil,GCAM,Low Demand,EJ/yr,"NGFS (2023), Scenarios Portal; and IIASA (2023), NGFS Phase 4 Scenario Explorer.",,,,0.6878,0.7201,0.6629,0.5446,0.4776,0.4131,0.3851
Kuwait,KW,KWT,Transition Pathways,Primary energy,Oil,GCAM,Nationally Determined Contributions (NDCs),EJ/yr,"NGFS (2023), Scenarios Portal; and IIASA (2023), NGFS Phase 4 Scenario Explorer.",,,,0.6945,0.7135,0.7214,0.735,0.7504,0.7331,0.7103
Kuwait,KW,KWT,Transition Pathways,Primary energy,Oil,GCAM,Net Zero 2050 (Orderly scenario),EJ/yr,"NGFS (2023), Scenarios Portal; and IIASA (2023), NGFS Phase 4 Scenario Explorer.",,,,0.6887,0.6991,0.6212,0.4792,0.4362,0.4268,0.2543
Kuwait,KW,KWT,Transition Pathways,Primary energy,Oil,MESSAGEix-GLOBIOM,Below 2°C,EJ/yr,"NGFS (2023), Scenarios Portal; and IIASA (2023), NGFS Phase 4 Scenario Explorer.",,,,0.5489,0.2772,0.2872,0.3562,0.3436,0.3033,0.2667
Kuwait,KW,KWT,Transition Pathways,Primary energy,Oil,MESSAGEix-GLOBIOM,Current Policies (Hot house world scenario),EJ/yr,"NGFS (2023), Scenarios Portal; and IIASA (2023), NGFS Phase 4 Scenario Explorer.",,,,0.5591,0.2886,0.3514,0.4041,0.5032,0.5574,0.6577
Kuwait,KW,KWT,Transition Pathways,Primary energy,Oil,MESSAGEix-GLOBIOM,Delayed Transition (Disorderly scenario),EJ/yr,"NGFS (2023), Scenarios Portal; and IIASA (2023), NGFS Phase 4 Scenario Explorer.",,,,0.5599,0.2888,0.3522,0.3547,0.3587,0.3295,0.3024
Kuwait,KW,KWT,Transition Pathways,Primary energy,Oil,MESSAGEix-GLOBIOM,Fragmented World,EJ/yr,"NGFS (2023), Scenarios Portal; and IIASA (2023), NGFS Phase 4 Scenario Explorer.",,,,0.5552,0.2844,0.3438,0.4482,0.4714,0.4122,0.4036
Kuwait,KW,KWT,Transition Pathways,Primary energy,Oil,MESSAGEix-GLOBIOM,Low Demand,EJ/yr,"NGFS (2023), Scenarios Portal; and IIASA (2023), NGFS Phase 4 Scenario Explorer.",,,,0.5312,0.2494,0.2177,0.199,0.1801,0.1319,0.0867
Kuwait,KW,KWT,Transition Pathways,Primary energy,Oil,MESSAGEix-GLOBIOM,Nationally Determined Contributions (NDCs),EJ/yr,"NGFS (2023), Scenarios Portal; and IIASA (2023), NGFS Phase 4 Scenario Explorer.",,,,0.5517,0.2924,0.3417,0.4316,0.4358,0.4529,0.5049
Kuwait,KW,KWT,Transition Pathways,Primary energy,Oil,MESSAGEix-GLOBIOM,Net Zero 2050 (Orderly scenario),EJ/yr,"NGFS (2023), Scenarios Portal; and IIASA (2023), NGFS Phase 4 Scenario Explorer.",,,,0.554,0.2822,0.2545,0.2389,0.2291,0.1609,0.1011
Kuwait,KW,KWT,Transition Pathways,Primary energy,Oil,REMIND-MAgPIE,Below 2°C,EJ/yr,"NGFS (2023), Scenarios Portal; and IIASA (2023), NGFS Phase 4 Scenario Explorer.",,,,0.5413,0.5027,0.4076,0.3585,0.3695,0.2827,0.2151
Kuwait,KW,KWT,Transition Pathways,Primary energy,Oil,REMIND-MAgPIE,Current Policies (Hot house world scenario),EJ/yr,"NGFS (2023), Scenarios Portal; and IIASA (2023), NGFS Phase 4 Scenario Explorer.",,,,0.5437,0.4907,0.399,0.3337,0.3437,0.3071,0.2772
Kuwait,KW,KWT,Transition Pathways,Primary energy,Oil,REMIND-MAgPIE,Delayed Transition (Disorderly scenario),EJ/yr,"NGFS (2023), Scenarios Portal; and IIASA (2023), NGFS Phase 4 Scenario Explorer.",,,,0.5449,0.4932,0.4021,0.3311,0.3628,0.2936,0.2259
Kuwait,KW,KWT,Transition Pathways,Primary energy,Oil,REMIND-MAgPIE,Fragmented World,EJ/yr,"NGFS (2023), Scenarios Portal; and IIASA (2023), NGFS Phase 4 Scenario Explorer.",,,,0.5561,0.5027,0.4021,0.3374,0.3428,0.3077,0.285
Kuwait,KW,KWT,Transition Pathways,Primary energy,Oil,REMIND-MAgPIE,Low Demand,EJ/yr,"NGFS (2023), Scenarios Portal; and IIASA (2023), NGFS Phase 4 Scenario Explorer.",,,,0.5425,0.4754,0.3221,0.233,0.1684,0.0835,0.0486
Kuwait,KW,KWT,Transition Pathways,Primary energy,Oil,REMIND-MAgPIE,Nationally Determined Contributions (NDCs),EJ/yr,"NGFS (2023), Scenarios Portal; and IIASA (2023), NGFS Phase 4 Scenario Explorer.",,,,0.5524,0.5006,0.3993,0.3375,0.3535,0.3396,0.3214
Kuwait,KW,KWT,Transition Pathways,Primary energy,Oil,REMIND-MAgPIE,Net Zero 2050 (Orderly scenario),EJ/yr,"NGFS (2023), Scenarios Portal; and IIASA (2023), NGFS Phase 4 Scenario Explorer.",,,,0.535,0.4951,0.369,0.2852,0.2051,0.1078,0.0507
Kuwait,KW,KWT,Transition Pathways,Carbon price,Price: Carbon,GCAM,Below 2°C,US$2010/t CO2,"NGFS (2023), Scenarios Portal; and IIASA (2023), NGFS Phase 4 Scenario Explorer.",,,,0.0,13.3835,66.0397,141.6786,206.9735,285.4906,387.2225
Kuwait,KW,KWT,Transition Pathways,Carbon price,Price: Carbon,GCAM,Current Policies (Hot house world scenario),US$2010/t CO2,"NGFS (2023), Scenarios Portal; and IIASA (2023), NGFS Phase 4 Scenario Explorer.",,,,0.0,0.0,0.0,0.0,0.0,0.0,0.0
Kuwait,KW,KWT,Transition Pathways,Carbon price,Price: Carbon,GCAM,Delayed Transition (Disorderly scenario),US$2010/t CO2,"NGFS (2023), Scenarios Portal; and IIASA (2023), NGFS Phase 4 Scenario Explorer.",,,,0.0,0.0,0.0,74.7023,145.5809,227.2169,323.7008
Kuwait,KW,KWT,Transition Pathways,Carbon price,Price: Carbon,GCAM,Fragmented World,US$2010/t CO2,"NGFS (2023), Scenarios Portal; and IIASA (2023), NGFS Phase 4 Scenario Explorer.",,,,0.0,0.0,0.0,0.0,0.0,0.0,0.0
Kuwait,KW,KWT,Transition Pathways,Carbon price,Price: Carbon,GCAM,Low Demand,US$2010/t CO2,"NGFS (2023), Scenarios Portal; and IIASA (2023), NGFS Phase 4 Scenario Explorer.",,,,0.0,0.0,70.8755,181.3064,300.7883,548.1698,688.8729
Kuwait,KW,KWT,Transition Pathways,Carbon price,Price: Carbon,GCAM,Nationally Determined Contributions (NDCs),US$2010/t CO2,"NGFS (2023), Scenarios Portal; and IIASA (2023), NGFS Phase 4 Scenario Explorer.",,,,0.0,3.585,5.034,21.707,36.3218,55.5519,73.775
Kuwait,KW,KWT,Transition Pathways,Carbon price,Price: Carbon,GCAM,Net Zero 2050 (Orderly scenario),US$2010/t CO2,"NGFS (2023), Scenarios Portal; and IIASA (2023), NGFS Phase 4 Scenario Explorer.",,,,0.0,19.3137,142.1945,281.177,448.0665,768.9933,938.136
Kuwait,KW,KWT,Transition Pathways,Carbon price,Price: Carbon,MESSAGEix-GLOBIOM,Below 2°C,US$2010/t CO2,"NGFS (2023), Scenarios Portal; and IIASA (2023), NGFS Phase 4 Scenario Explorer.",,,,0.0856,2.6909,42.2417,55.3527,70.9567,89.9239,114.8786
Kuwait,KW,KWT,Transition Pathways,Carbon price,Price: Carbon,MESSAGEix-GLOBIOM,Current Policies (Hot house world scenario),US$2010/t CO2,"NGFS (2023), Scenarios Portal; and IIASA (2023), NGFS Phase 4 Scenario Explorer.",,,,0.0856,2.7092,2.7092,4.6736,6.6381,8.6025,10.5669
Kuwait,KW,KWT,Transition Pathways,Carbon price,Price: Carbon,MESSAGEix-GLOBIOM,Delayed Transition (Disorderly scenario),US$2010/t CO2,"NGFS (2023), Scenarios Portal; and IIASA (2023), NGFS Phase 4 Scenario Explorer.",,,,0.0856,2.7092,2.7092,76.7247,97.9106,125.7698,156.1485
Kuwait,KW,KWT,Transition Pathways,Carbon price,Price: Carbon,MESSAGEix-GLOBIOM,Fragmented World,US$2010/t CO2,"NGFS (2023), Scenarios Portal; and IIASA (2023), NGFS Phase 4 Scenario Explorer.",,,,0.0856,2.7092,2.7092,17.253,2.4427,0.0,113.9122
Kuwait,KW,KWT,Transition Pathways,Carbon price,Price: Carbon,MESSAGEix-GLOBIOM,Low Demand,US$2010/t CO2,"NGFS (2023), Scenarios Portal; and IIASA (2023), NGFS Phase 4 Scenario Explorer.",,,,0.0856,2.6909,211.9251,269.5871,335.2799,458.9734,550.0846
Kuwait,KW,KWT,Transition Pathways,Carbon price,Price: Carbon,MESSAGEix-GLOBIOM,Nationally Determined Contributions (NDCs),US$2010/t CO2,"NGFS (2023), Scenarios Portal; and IIASA (2023), NGFS Phase 4 Scenario Explorer.",,,,0.0856,2.6909,7.6555,15.0844,22.5133,29.9423,37.3712
Kuwait,KW,KWT,Transition Pathways,Carbon price,Price: Carbon,MESSAGEix-GLOBIOM,Net Zero 2050 (Orderly scenario),US$2010/t CO2,"NGFS (2023), Scenarios Portal; and IIASA (2023), NGFS Phase 4 Scenario Explorer.",,,,0.0856,2.6909,670.4011,639.6497,817.1597,1044.6347,1277.9759
Kuwait,KW,KWT,Transition Pathways,Carbon price,Price: Carbon,REMIND-MAgPIE,Below 2°C,US$2010/t CO2,"NGFS (2023), Scenarios Portal; and IIASA (2023), NGFS Phase 4 Scenario Explorer.",,,,2.7693,39.4033,53.4027,68.9223,86.6072,107.1079,131.0753
Kuwait,KW,KWT,Transition Pathways,Carbon price,Price: Carbon,REMIND-MAgPIE,Current Policies (Hot house world scenario),US$2010/t CO2,"NGFS (2023), Scenarios Portal; and IIASA (2023), NGFS Phase 4 Scenario Explorer.",,,,2.7693,2.9646,3.2071,3.5013,3.8522,4.2651,4.7459
Kuwait,KW,KWT,Transition Pathways,Carbon price,Price: Carbon,REMIND-MAgPIE,Delayed Transition (Disorderly scenario),US$2010/t CO2,"NGFS (2023), Scenarios Portal; and IIASA (2023), NGFS Phase 4 Scenario Explorer.",,,,2.7693,2.9646,3.2071,85.135,106.9705,132.2897,161.8932
Kuwait,KW,KWT,Transition Pathways,Carbon price,Price: Carbon,REMIND-MAgPIE,Fragmented World,US$2010/t CO2,"NGFS (2023), Scenarios Portal; and IIASA (2023), NGFS Phase 4 Scenario Explorer.",,,,2.7693,2.9646,3.2071,7.2058,7.775,8.4899,9.3724
Kuwait,KW,KWT,Transition Pathways,Carbon price,Price: Carbon,REMIND-MAgPIE,Low Demand,US$2010/t CO2,"NGFS (2023), Scenarios Portal; and IIASA (2023), NGFS Phase 4 Scenario Explorer.",,,,2.7693,93.7135,127.0036,163.9127,205.9699,254.7224,311.7146
Kuwait,KW,KWT,Transition Pathways,Carbon price,Price: Carbon,REMIND-MAgPIE,Nationally Determined Contributions (NDCs),US$2010/t CO2,"NGFS (2023), Scenarios Portal; and IIASA (2023), NGFS Phase 4 Scenario Explorer.",,,,2.7693,5.3945,8.0201,10.5801,15.35,22.4714,29.5925
Kuwait,KW,KWT,Transition Pathways,Carbon price,Price: Carbon,REMIND-MAgPIE,Net Zero 2050 (Orderly scenario),US$2010/t CO2,"NGFS (2023), Scenarios Portal; and IIASA (2023), NGFS Phase 4 Scenario Explorer.",,,,2.7693,158.2619,214.4824,276.8053,347.8382,430.1799,526.4279
Kuwait,KW,KWT,Transition Pathways,Energy prices,Price: Coal,GCAM,Below 2°C,US$2010/GJ,"NGFS (2023), Scenarios Portal; and IIASA (2023), NGFS Phase 4 Scenario Explorer.",,,,2.1794,2.3978,2.4807,2.5115,2.5342,2.6745,2.861
Kuwait,KW,KWT,Transition Pathways,Energy prices,Price: Coal,GCAM,Current Policies (Hot house world scenario),US$2010/GJ,"NGFS (2023), Scenarios Portal; and IIASA (2023), NGFS Phase 4 Scenario Explorer.",,,,2.1794,2.228,2.2956,2.3359,2.3396,2.3389,2.3239
Kuwait,KW,KWT,Transition Pathways,Energy prices,Price: Coal,GCAM,Delayed Transition (Disorderly scenario),US$2010/GJ,"NGFS (2023), Scenarios Portal; and IIASA (2023), NGFS Phase 4 Scenario Explorer.",,,,2.1794,2.228,2.2956,2.5298,2.5037,2.6682,3.1619
Kuwait,KW,KWT,Transition Pathways,Energy prices,Price: Coal,GCAM,Fragmented World,US$2010/GJ,"NGFS (2023), Scenarios Portal; and IIASA (2023), NGFS Phase 4 Scenario Explorer.",,,,2.1794,2.228,2.2956,2.3467,2.2799,2.2891,2.2677
Kuwait,KW,KWT,Transition Pathways,Energy prices,Price: Coal,GCAM,Low Demand,US$2010/GJ,"NGFS (2023), Scenarios Portal; and IIASA (2023), NGFS Phase 4 Scenario Explorer.",,,,2.1794,2.3751,2.4138,2.4278,2.5286,3.0962,3.3813
Kuwait,KW,KWT,Transition Pathways,Energy prices,Price: Coal,GCAM,Nationally Determined Contributions (NDCs),US$2010/GJ,"NGFS (2023), Scenarios Portal; and IIASA (2023), NGFS Phase 4 Scenario Explorer.",,,,2.1794,2.1943,2.1732,2.2406,2.2394,2.2366,2.2069
Kuwait,KW,KWT,Transition Pathways,Energy prices,Price: Coal,GCAM,Net Zero 2050 (Orderly scenario),US$2010/GJ,"NGFS (2023), Scenarios Portal; and IIASA (2023), NGFS Phase 4 Scenario Explorer.",,,,2.1794,2.3814,2.4238,2.5392,2.8542,3.4498,3.82
Kuwait,KW,KWT,Transition Pathways,Energy prices,Price: Coal,MESSAGEix-GLOBIOM,Below 2°C,US$2010/GJ,"NGFS (2023), Scenarios Portal; and IIASA (2023), NGFS Phase 4 Scenario Explorer.",,,,2.7138,2.5792,2.1101,2.225,1.8613,2.5486,2.6432
Kuwait,KW,KWT,Transition Pathways,Energy prices,Price: Coal,MESSAGEix-GLOBIOM,Current Policies (Hot house world scenario),US$2010/GJ,"NGFS (2023), Scenarios Portal; and IIASA (2023), NGFS Phase 4 Scenario Explorer.",,,,2.7138,2.5948,2.3433,2.4986,2.6047,2.4499,2.5293
Kuwait,KW,KWT,Transition Pathways,Energy prices,Price: Coal,MESSAGEix-GLOBIOM,Delayed Transition (Disorderly scenario),US$2010/GJ,"NGFS (2023), Scenarios Portal; and IIASA (2023), NGFS Phase 4 Scenario Explorer.",,,,2.7138,2.5948,2.3433,2.0493,1.5822,2.6182,3.4154
Kuwait,KW,KWT,Transition Pathways,Energy prices,Price: Coal,MESSAGEix-GLOBIOM,Fragmented World,US$2010/GJ,"NGFS (2023), Scenarios Portal; and IIASA (2023), NGFS Phase 4 Scenario Explorer.",,,,2.7138,2.5948,2.3433,3.192,2.5276,2.1836,2.7033
Kuwait,KW,KWT,Transition Pathways,Energy prices,Price: Coal,MESSAGEix-GLOBIOM,Low Demand,US$2010/GJ,"NGFS (2023), Scenarios Portal; and IIASA (2023), NGFS Phase 4 Scenario Explorer.",,,,2.7138,2.5792,0.3864,2.1509,4.197,5.3328,6.3019
Kuwait,KW,KWT,Transition Pathways,Energy prices,Price: Coal,MESSAGEix-GLOBIOM,Nationally Determined Contributions (NDCs),US$2010/GJ,"NGFS (2023), Scenarios Portal; and IIASA (2023), NGFS Phase 4 Scenario Explorer.",,,,2.7138,2.5792,2.335,2.5614,2.3307,2.0838,2.1049
Kuwait,KW,KWT,Transition Pathways,Energy prices,Price: Coal,MESSAGEix-GLOBIOM,Net Zero 2050 (Orderly scenario),US$2010/GJ,"NGFS (2023), Scenarios Portal; and IIASA (2023), NGFS Phase 4 Scenario Explorer.",,,,2.7138,2.5792,6.4066,5.8309,7.5194,9.118,10.9641
Kuwait,KW,KWT,Transition Pathways,Energy prices,Price: Coal,REMIND-MAgPIE,Below 2°C,US$2010/GJ,"NGFS (2023), Scenarios Portal; and IIASA (2023), NGFS Phase 4 Scenario Explorer.",,,,2.0344,2.161,1.7827,1.6152,1.4186,1.4234,1.4937
Kuwait,KW,KWT,Transition Pathways,Energy prices,Price: Coal,REMIND-MAgPIE,Current Policies (Hot house world scenario),US$2010/GJ,"NGFS (2023), Scenarios Portal; and IIASA (2023), NGFS Phase 4 Scenario Explorer.",,,,2.0344,2.2228,2.2627,2.307,2.3841,2.4996,2.7928
Kuwait,KW,KWT,Transition Pathways,Energy prices,Price: Coal,REMIND-MAgPIE,Delayed Transition (Disorderly scenario),US$2010/GJ,"NGFS (2023), Scenarios Portal; and IIASA (2023), NGFS Phase 4 Scenario Explorer.",,,,2.0344,2.2228,2.2627,2.2998,1.8855,1.4268,1.4782
Kuwait,KW,KWT,Transition Pathways,Energy prices,Price: Coal,REMIND-MAgPIE,Fragmented World,US$2010/GJ,"NGFS (2023), Scenarios Portal; and IIASA (2023), NGFS Phase 4 Scenario Explorer.",,,,2.0344,2.2228,2.2627,2.2464,2.1067,2.0358,2.4772
Kuwait,KW,KWT,Transition Pathways,Energy prices,Price: Coal,REMIND-MAgPIE,Low Demand,US$2010/GJ,"NGFS (2023), Scenarios Portal; and IIASA (2023), NGFS Phase 4 Scenario Explorer.",,,,2.0344,2.3285,1.6288,1.2207,1.2602,1.1936,1.557
Kuwait,KW,KWT,Transition Pathways,Energy prices,Price: Coal,REMIND-MAgPIE,Nationally Determined Contributions (NDCs),US$2010/GJ,"NGFS (2023), Scenarios Portal; and IIASA (2023), NGFS Phase 4 Scenario Explorer.",,,,2.0344,2.1324,2.088,2.0799,1.9486,1.8346,1.9253
Kuwait,KW,KWT,Transition Pathways,Energy prices,Price: Coal,REMIND-MAgPIE,Net Zero 2050 (Orderly scenario),US$2010/GJ,"NGFS (2023), Scenarios Portal; and IIASA (2023), NGFS Phase 4 Scenario Explorer.",,,,2.0344,2.6167,1.7773,1.444,1.3735,1.4422,1.7394
Kuwait,KW,KWT,Transition Pathways,Energy prices,Price: Gas,GCAM,Below 2°C,US$2010/GJ,"NGFS (2023), Scenarios Portal; and IIASA (2023), NGFS Phase 4 Scenario Explorer.",,,,5.5099,5.7916,5.91,6.1149,6.3602,6.7078,7.1104
Kuwait,KW,KWT,Transition Pathways,Energy prices,Price: Gas,GCAM,Current Policies (Hot house world scenario),US$2010/GJ,"NGFS (2023), Scenarios Portal; and IIASA (2023), NGFS Phase 4 Scenario Explorer.",,,,5.5099,5.5536,5.3983,5.4384,5.6068,5.6191,5.6315
Kuwait,KW,KWT,Transition Pathways,Energy prices,Price: Gas,GCAM,Delayed Transition (Disorderly scenario),US$2010/GJ,"NGFS (2023), Scenarios Portal; and IIASA (2023), NGFS Phase 4 Scenario Explorer.",,,,5.5099,5.5535,5.3983,5.8247,6.1345,6.4571,6.8942
Kuwait,KW,KWT,Transition Pathways,Energy prices,Price: Gas,GCAM,Fragmented World,US$2010/GJ,"NGFS (2023), Scenarios Portal; and IIASA (2023), NGFS Phase 4 Scenario Explorer.",,,,5.5099,5.5536,5.3983,5.4405,5.5933,5.5874,5.5488
Kuwait,KW,KWT,Transition Pathways,Energy prices,Price: Gas,GCAM,Low Demand,US$2010/GJ,"NGFS (2023), Scenarios Portal; and IIASA (2023), NGFS Phase 4 Scenario Explorer.",,,,5.5099,5.6695,5.8327,6.2165,6.7404,7.7491,8.3015
Kuwait,KW,KWT,Transition Pathways,Energy prices,Price: Gas,GCAM,Nationally Determined Contributions (NDCs),US$2010/GJ,"NGFS (2023), Scenarios Portal; and IIASA (2023), NGFS Phase 4 Scenario Explorer.",,,,5.5099,5.5534,5.3819,5.4093,5.5445,5.5167,5.4773
Kuwait,KW,KWT,Transition Pathways,Energy prices,Price: Gas,GCAM,Net Zero 2050 (Orderly scenario),US$2010/GJ,"NGFS (2023), Scenarios Portal; and IIASA (2023), NGFS Phase 4 Scenario Explorer.",,,,5.5099,5.8132,6.302,6.9104,7.6167,8.8348,9.4597
Kuwait,KW,KWT,Transition Pathways,Energy prices,Price: Gas,MESSAGEix-GLOBIOM,Below 2°C,US$2010/GJ,"NGFS (2023), Scenarios Portal; and IIASA (2023), NGFS Phase 4 Scenario Explorer.",,,,1.5379,1.8034,1.9453,2.8195,3.1762,3.2566,3.8358
Kuwait,KW,KWT,Transition Pathways,Energy prices,Price: Gas,MESSAGEix-GLOBIOM,Current Policies (Hot house world scenario),US$2010/GJ,"NGFS (2023), Scenarios Portal; and IIASA (2023), NGFS Phase 4 Scenario Explorer.",,,,1.5379,1.8032,1.8865,2.8911,3.0405,3.3779,3.6166
Kuwait,KW,KWT,Transition Pathways,Energy prices,Price: Gas,MESSAGEix-GLOBIOM,Delayed Transition (Disorderly scenario),US$2010/GJ,"NGFS (2023), Scenarios Portal; and IIASA (2023), NGFS Phase 4 Scenario Explorer.",,,,1.5379,1.8032,1.8865,2.8969,3.2341,3.3867,3.9201
Kuwait,KW,KWT,Transition Pathways,Energy prices,Price: Gas,MESSAGEix-GLOBIOM,Fragmented World,US$2010/GJ,"NGFS (2023), Scenarios Portal; and IIASA (2023), NGFS Phase 4 Scenario Explorer.",,,,1.5379,1.8032,1.8865,3.233,3.0726,3.3681,4.089
Kuwait,KW,KWT,Transition Pathways,Energy prices,Price: Gas,MESSAGEix-GLOBIOM,Low Demand,US$2010/GJ,"NGFS (2023), Scenarios Portal; and IIASA (2023), NGFS Phase 4 Scenario Explorer.",,,,1.5379,1.8034,0.2783,1.3388,2.2452,3.2081,3.3418
Kuwait,KW,KWT,Transition Pathways,Energy prices,Price: Gas,MESSAGEix-GLOBIOM,Nationally Determined Contributions (NDCs),US$2010/GJ,"NGFS (2023), Scenarios Portal; and IIASA (2023), NGFS Phase 4 Scenario Explorer.",,,,1.5379,1.8034,1.9027,2.9273,3.095,3.4537,3.7089
Kuwait,KW,KWT,Transition Pathways,Energy prices,Price: Gas,MESSAGEix-GLOBIOM,Net Zero 2050 (Orderly scenario),US$2010/GJ,"NGFS (2023), Scenarios Portal; and IIASA (2023), NGFS Phase 4 Scenario Explorer.",,,,1.5379,1.8034,5.0141,1.0589,4.0674,5.3838,5.8278
Kuwait,KW,KWT,Transition Pathways,Energy prices,Price: Gas,REMIND-MAgPIE,Below 2°C,US$2010/GJ,"NGFS (2023), Scenarios Portal; and IIASA (2023), NGFS Phase 4 Scenario Explorer.",,,,3.9711,4.5987,4.4679,5.2041,5.1447,4.8653,4.9049
Kuwait,KW,KWT,Transition Pathways,Energy prices,Price: Gas,REMIND-MAgPIE,Current Policies (Hot house world scenario),US$2010/GJ,"NGFS (2023), Scenarios Portal; and IIASA (2023), NGFS Phase 4 Scenario Explorer.",,,,3.9711,4.6647,4.6303,5.0297,5.2841,5.5602,5.7592
Kuwait,KW,KWT,Transition Pathways,Energy prices,Price: Gas,REMIND-MAgPIE,Delayed Transition (Disorderly scenario),US$2010/GJ,"NGFS (2023), Scenarios Portal; and IIASA (2023), NGFS Phase 4 Scenario Explorer.",,,,3.9711,4.6647,4.6303,5.7319,5.3499,4.7767,4.1935
Kuwait,KW,KWT,Transition Pathways,Energy prices,Price: Gas,REMIND-MAgPIE,Fragmented World,US$2010/GJ,"NGFS (2023), Scenarios Portal; and IIASA (2023), NGFS Phase 4 Scenario Explorer.",,,,3.9711,4.6647,4.6303,4.854,5.2447,5.5672,5.6393
Kuwait,KW,KWT,Transition Pathways,Energy prices,Price: Gas,REMIND-MAgPIE,Low Demand,US$2010/GJ,"NGFS (2023), Scenarios Portal; and IIASA (2023), NGFS Phase 4 Scenario Explorer.",,,,3.9711,4.6568,4.3352,5.2357,4.7106,4.1262,4.1033
Kuwait,KW,KWT,Transition Pathways,Energy prices,Price: Gas,REMIND-MAgPIE,Nationally Determined Contributions (NDCs),US$2010/GJ,"NGFS (2023), Scenarios Portal; and IIASA (2023), NGFS Phase 4 Scenario Explorer.",,,,3.9711,4.541,4.3304,4.7696,5.0737,5.4085,5.3735
Kuwait,KW,KWT,Transition Pathways,Energy prices,Price: Gas,REMIND-MAgPIE,Net Zero 2050 (Orderly scenario),US$2010/GJ,"NGFS (2023), Scenarios Portal; and IIASA (2023), NGFS Phase 4 Scenario Explorer.",,,,3.9711,5.1474,5.5306,5.9206,5.9116,4.9651,4.4127
Kuwait,KW,KWT,Transition Pathways,Energy prices,Price: Oil,GCAM,Below 2°C,US$2010/GJ,"NGFS (2023), Scenarios Portal; and IIASA (2023), NGFS Phase 4 Scenario Explorer.",,,,15.1774,15.4114,15.5509,15.6866,15.7257,15.683,15.3471
Kuwait,KW,KWT,Transition Pathways,Energy prices,Price: Oil,GCAM,Current Policies (Hot house world scenario),US$2010/GJ,"NGFS (2023), Scenarios Portal; and IIASA (2023), NGFS Phase 4 Scenario Explorer.",,,,15.1774,15.1482,15.0729,15.2194,15.4721,15.7415,15.6276
Kuwait,KW,KWT,Transition Pathways,Energy prices,Price: Oil,GCAM,Delayed Transition (Disorderly scenario),US$2010/GJ,"NGFS (2023), Scenarios Portal; and IIASA (2023), NGFS Phase 4 Scenario Explorer.",,,,15.1774,15.1483,15.073,15.6054,15.704,15.3715,14.7301
Kuwait,KW,KWT,Transition Pathways,Energy prices,Price: Oil,GCAM,Fragmented World,US$2010/GJ,"NGFS (2023), Scenarios Portal; and IIASA (2023), NGFS Phase 4 Scenario Explorer.",,,,15.1774,15.1482,15.0729,15.3852,15.5502,15.589,15.0357
Kuwait,KW,KWT,Transition Pathways,Energy prices,Price: Oil,GCAM,Low Demand,US$2010/GJ,"NGFS (2023), Scenarios Portal; and IIASA (2023), NGFS Phase 4 Scenario Explorer.",,,,15.1774,15.1683,15.01,14.8333,15.0069,15.8077,15.7817
Kuwait,KW,KWT,Transition Pathways,Energy prices,Price: Oil,GCAM,Nationally Determined Contributions (NDCs),US$2010/GJ,"NGFS (2023), Scenarios Portal; and IIASA (2023), NGFS Phase 4 Scenario Explorer.",,,,15.1774,15.1494,15.0189,15.1477,15.4244,15.7281,15.6749
Kuwait,KW,KWT,Transition Pathways,Energy prices,Price: Oil,GCAM,Net Zero 2050 (Orderly scenario),US$2010/GJ,"NGFS (2023), Scenarios Portal; and IIASA (2023), NGFS Phase 4 Scenario Explorer.",,,,15.1774,15.4396,15.7417,15.9352,16.3085,17.7397,17.8417
Kuwait,KW,KWT,Transition Pathways,Energy prices,Price: Oil,MESSAGEix-GLOBIOM,Below 2°C,US$2010/GJ,"NGFS (2023), Scenarios Portal; and IIASA (2023), NGFS Phase 4 Scenario Explorer.",,,,1.8334,2.9525,2.8619,3.0567,3.4044,3.8656,4.024
Kuwait,KW,KWT,Transition Pathways,Energy prices,Price: Oil,MESSAGEix-GLOBIOM,Current Policies (Hot house world scenario),US$2010/GJ,"NGFS (2023), Scenarios Portal; and IIASA (2023), NGFS Phase 4 Scenario Explorer.",,,,1.8334,2.956,3.2643,3.4954,4.0756,4.4317,4.6459
Kuwait,KW,KWT,Transition Pathways,Energy prices,Price: Oil,MESSAGEix-GLOBIOM,Delayed Transition (Disorderly scenario),US$2010/GJ,"NGFS (2023), Scenarios Portal; and IIASA (2023), NGFS Phase 4 Scenario Explorer.",,,,1.8334,2.956,3.2643,3.0125,3.5349,4.1514,3.6428
Kuwait,KW,KWT,Transition Pathways,Energy prices,Price: Oil,MESSAGEix-GLOBIOM,Fragmented World,US$2010/GJ,"NGFS (2023), Scenarios Portal; and IIASA (2023), NGFS Phase 4 Scenario Explorer.",,,,1.8334,2.956,3.2643,3.6591,3.9186,4.1148,5.0698
Kuwait,KW,KWT,Transition Pathways,Energy prices,Price: Oil,MESSAGEix-GLOBIOM,Low Demand,US$2010/GJ,"NGFS (2023), Scenarios Portal; and IIASA (2023), NGFS Phase 4 Scenario Explorer.",,,,1.8334,2.9525,2.828,3.1963,3.2131,6.6579,1.1293
Kuwait,KW,KWT,Transition Pathways,Energy prices,Price: Oil,MESSAGEix-GLOBIOM,Nationally Determined Contributions (NDCs),US$2010/GJ,"NGFS (2023), Scenarios Portal; and IIASA (2023), NGFS Phase 4 Scenario Explorer.",,,,1.8334,2.9525,3.277,3.3099,4.0245,4.1469,4.6724
Kuwait,KW,KWT,Transition Pathways,Energy prices,Price: Oil,MESSAGEix-GLOBIOM,Net Zero 2050 (Orderly scenario),US$2010/GJ,"NGFS (2023), Scenarios Portal; and IIASA (2023), NGFS Phase 4 Scenario Explorer.",,,,1.8334,2.9525,4.4972,4.1013,8.449,2.4273,3.2723
Kuwait,KW,KWT,Transition Pathways,Energy prices,Price: Oil,REMIND-MAgPIE,Below 2°C,US$2010/GJ,"NGFS (2023), Scenarios Portal; and IIASA (2023), NGFS Phase 4 Scenario Explorer.",,,,11.1918,12.3944,13.1936,13.1533,14.3813,15.7881,17.0372
Kuwait,KW,KWT,Transition Pathways,Energy prices,Price: Oil,REMIND-MAgPIE,Current Policies (Hot house world scenario),US$2010/GJ,"NGFS (2023), Scenarios Portal; and IIASA (2023), NGFS Phase 4 Scenario Explorer.",,,,11.1918,12.923,13.7395,14.0862,15.7503,17.553,19.4513
Kuwait,KW,KWT,Transition Pathways,Energy prices,Price: Oil,REMIND-MAgPIE,Delayed Transition (Disorderly scenario),US$2010/GJ,"NGFS (2023), Scenarios Portal; and IIASA (2023), NGFS Phase 4 Scenario Explorer.",,,,11.1918,12.923,13.7395,13.6337,14.3796,15.898,17.1657
Kuwait,KW,KWT,Transition Pathways,Energy prices,Price: Oil,REMIND-MAgPIE,Fragmented World,US$2010/GJ,"NGFS (2023), Scenarios Portal; and IIASA (2023), NGFS Phase 4 Scenario Explorer.",,,,11.1918,12.923,13.7395,13.8446,15.3055,17.0406,18.6781
Kuwait,KW,KWT,Transition Pathways,Energy prices,Price: Oil,REMIND-MAgPIE,Low Demand,US$2010/GJ,"NGFS (2023), Scenarios Portal; and IIASA (2023), NGFS Phase 4 Scenario Explorer.",,,,11.1918,11.7366,11.065,11.3465,12.1038,12.9514,13.7653
Kuwait,KW,KWT,Transition Pathways,Energy prices,Price: Oil,REMIND-MAgPIE,Nationally Determined Contributions (NDCs),US$2010/GJ,"NGFS (2023), Scenarios Portal; and IIASA (2023), NGFS Phase 4 Scenario Explorer.",,,,11.1918,12.8033,13.4785,13.705,15.3123,17.1199,18.7941
Kuwait,KW,KWT,Transition Pathways,Energy prices,Price: Oil,REMIND-MAgPIE,Net Zero 2050 (Orderly scenario),US$2010/GJ,"NGFS (2023), Scenarios Portal; and IIASA (2023), NGFS Phase 4 Scenario Explorer.",,,,11.1918,12.1243,12.6335,12.2863,12.9663,13.827,14.5051
Kuwait,KW,KWT,Transition Pathways,Primary energy,Solar,GCAM,Below 2°C,EJ/yr,"NGFS (2023), Scenarios Portal; and IIASA (2023), NGFS Phase 4 Scenario Explorer.",,,,0.0585,0.1351,0.2331,0.3242,0.3741,0.3709,0.3555
Kuwait,KW,KWT,Transition Pathways,Primary energy,Solar,GCAM,Current Policies (Hot house world scenario),EJ/yr,"NGFS (2023), Scenarios Portal; and IIASA (2023), NGFS Phase 4 Scenario Explorer.",,,,0.0613,0.1269,0.1905,0.2206,0.2342,0.2195,0.2014
Kuwait,KW,KWT,Transition Pathways,Primary energy,Solar,GCAM,Delayed Transition (Disorderly scenario),EJ/yr,"NGFS (2023), Scenarios Portal; and IIASA (2023), NGFS Phase 4 Scenario Explorer.",,,,0.0635,0.1301,0.1946,0.2767,0.3513,0.3616,0.3523
Kuwait,KW,KWT,Transition Pathways,Primary energy,Solar,GCAM,Fragmented World,EJ/yr,"NGFS (2023), Scenarios Portal; and IIASA (2023), NGFS Phase 4 Scenario Explorer.",,,,0.0635,0.1296,0.1938,0.2257,0.2409,0.2297,0.2086
Kuwait,KW,KWT,Transition Pathways,Primary energy,Solar,GCAM,Low Demand,EJ/yr,"NGFS (2023), Scenarios Portal; and IIASA (2023), NGFS Phase 4 Scenario Explorer.",,,,0.0567,0.1068,0.1812,0.2843,0.3533,0.3267,0.2813
Kuwait,KW,KWT,Transition Pathways,Primary energy,Solar,GCAM,Nationally Determined Contributions (NDCs),EJ/yr,"NGFS (2023), Scenarios Portal; and IIASA (2023), NGFS Phase 4 Scenario Explorer.",,,,0.0609,0.1295,0.1912,0.2287,0.2562,0.2702,0.2622
Kuwait,KW,KWT,Transition Pathways,Primary energy,Solar,GCAM,Net Zero 2050 (Orderly scenario),EJ/yr,"NGFS (2023), Scenarios Portal; and IIASA (2023), NGFS Phase 4 Scenario Explorer.",,,,0.0548,0.1322,0.261,0.3723,0.4075,0.3542,0.3422
Kuwait,KW,KWT,Transition Pathways,Primary energy,Solar,MESSAGEix-GLOBIOM,Below 2°C,EJ/yr,"NGFS (2023), Scenarios Portal; and IIASA (2023), NGFS Phase 4 Scenario Explorer.",,,,0.0029,0.0094,0.0514,0.1423,0.2345,0.2948,0.4213
Kuwait,KW,KWT,Transition Pathways,Primary energy,Solar,MESSAGEix-GLOBIOM,Current Policies (Hot house world scenario),EJ/yr,"NGFS (2023), Scenarios Portal; and IIASA (2023), NGFS Phase 4 Scenario Explorer.",,,,0.0031,0.0084,0.0149,0.0501,0.1228,0.2125,0.27
Kuwait,KW,KWT,Transition Pathways,Primary energy,Solar,MESSAGEix-GLOBIOM,Delayed Transition (Disorderly scenario),EJ/yr,"NGFS (2023), Scenarios Portal; and IIASA (2023), NGFS Phase 4 Scenario Explorer.",,,,0.0034,0.0092,0.0159,0.1012,0.2305,0.3188,0.4647
Kuwait,KW,KWT,Transition Pathways,Primary energy,Solar,MESSAGEix-GLOBIOM,Fragmented World,EJ/yr,"NGFS (2023), Scenarios Portal; and IIASA (2023), NGFS Phase 4 Scenario Explorer.",,,,0.0033,0.0082,0.0144,0.0927,0.1386,0.2125,0.3532
Kuwait,KW,KWT,Transition Pathways,Primary energy,Solar,MESSAGEix-GLOBIOM,Low Demand,EJ/yr,"NGFS (2023), Scenarios Portal; and IIASA (2023), NGFS Phase 4 Scenario Explorer.",,,,0.0045,0.0121,0.117,0.259,0.3248,0.2997,0.27
Kuwait,KW,KWT,Transition Pathways,Primary energy,Solar,MESSAGEix-GLOBIOM,Nationally Determined Contributions (NDCs),EJ/yr,"NGFS (2023), Scenarios Portal; and IIASA (2023), NGFS Phase 4 Scenario Explorer.",,,,0.0029,0.0096,0.0133,0.0801,0.1827,0.229,0.3324
Kuwait,KW,KWT,Transition Pathways,Primary energy,Solar,MESSAGEix-GLOBIOM,Net Zero 2050 (Orderly scenario),EJ/yr,"NGFS (2023), Scenarios Portal; and IIASA (2023), NGFS Phase 4 Scenario Explorer.",,,,0.0025,0.0083,0.0815,0.1795,0.2954,0.3965,0.5468
Kuwait,KW,KWT,Transition Pathways,Primary energy,Solar,REMIND-MAgPIE,Below 2°C,EJ/yr,"NGFS (2023), Scenarios Portal; and IIASA (2023), NGFS Phase 4 Scenario Explorer.",,,,0.0006,0.0057,0.0401,0.11,0.2151,0.3728,0.7352
Kuwait,KW,KWT,Transition Pathways,Primary energy,Solar,REMIND-MAgPIE,Current Policies (Hot house world scenario),EJ/yr,"NGFS (2023), Scenarios Portal; and IIASA (2023), NGFS Phase 4 Scenario Explorer.",,,,0.0006,0.0035,0.0144,0.0364,0.0746,0.1411,0.2975
Kuwait,KW,KWT,Transition Pathways,Primary energy,Solar,REMIND-MAgPIE,Delayed Transition (Disorderly scenario),EJ/yr,"NGFS (2023), Scenarios Portal; and IIASA (2023), NGFS Phase 4 Scenario Explorer.",,,,0.0006,0.0035,0.0145,0.0468,0.1544,0.3329,0.718
Kuwait,KW,KWT,Transition Pathways,Primary energy,Solar,REMIND-MAgPIE,Fragmented World,EJ/yr,"NGFS (2023), Scenarios Portal; and IIASA (2023), NGFS Phase 4 Scenario Explorer.",,,,0.0006,0.0035,0.0144,0.0368,0.0744,0.1404,0.3044
Kuwait,KW,KWT,Transition Pathways,Primary energy,Solar,REMIND-MAgPIE,Low Demand,EJ/yr,"NGFS (2023), Scenarios Portal; and IIASA (2023), NGFS Phase 4 Scenario Explorer.",,,,0.0006,0.0049,0.0333,0.0721,0.1109,0.163,0.2803
Kuwait,KW,KWT,Transition Pathways,Primary energy,Solar,REMIND-MAgPIE,Nationally Determined Contributions (NDCs),EJ/yr,"NGFS (2023), Scenarios Portal; and IIASA (2023), NGFS Phase 4 Scenario Explorer.",,,,0.0006,0.0046,0.0241,0.0651,0.1321,0.2555,0.5376
Kuwait,KW,KWT,Transition Pathways,Primary energy,Solar,REMIND-MAgPIE,Net Zero 2050 (Orderly scenario),EJ/yr,"NGFS (2023), Scenarios Portal; and IIASA (2023), NGFS Phase 4 Scenario Explorer.",,,,0.0006,0.0064,0.0654,0.1425,0.2536,0.4121,0.8072
Kuwait,KW,KWT,Transition Pathways,Final energy,Solids,GCAM,Below 2°C,EJ/yr,"NGFS (2023), Scenarios Portal; and IIASA (2023), NGFS Phase 4 Scenario Explorer.",,,,0.0007,0.001,0.0013,0.0018,0.0012,0.0009,0.0007
Kuwait,KW,KWT,Transition Pathways,Final energy,Solids,GCAM,Current Policies (Hot house world scenario),EJ/yr,"NGFS (2023), Scenarios Portal; and IIASA (2023), NGFS Phase 4 Scenario Explorer.",,,,0.0008,0.0011,0.0015,0.002,0.0025,0.0028,0.0029
Kuwait,KW,KWT,Transition Pathways,Final energy,Solids,GCAM,Delayed Transition (Disorderly scenario),EJ/yr,"NGFS (2023), Scenarios Portal; and IIASA (2023), NGFS Phase 4 Scenario Explorer.",,,,0.0008,0.0011,0.0015,0.0018,0.002,0.0014,0.001
Kuwait,KW,KWT,Transition Pathways,Final energy,Solids,GCAM,Fragmented World,EJ/yr,"NGFS (2023), Scenarios Portal; and IIASA (2023), NGFS Phase 4 Scenario Explorer.",,,,0.0009,0.0012,0.0016,0.002,0.0027,0.0029,0.0031
Kuwait,KW,KWT,Transition Pathways,Final energy,Solids,GCAM,Low Demand,EJ/yr,"NGFS (2023), Scenarios Portal; and IIASA (2023), NGFS Phase 4 Scenario Explorer.",,,,0.0006,0.0009,0.0011,0.0011,0.0006,0.0003,0.0002
Kuwait,KW,KWT,Transition Pathways,Final energy,Solids,GCAM,Nationally Determined Contributions (NDCs),EJ/yr,"NGFS (2023), Scenarios Portal; and IIASA (2023), NGFS Phase 4 Scenario Explorer.",,,,0.0007,0.001,0.0014,0.0018,0.0024,0.0024,0.0022
Kuwait,KW,KWT,Transition Pathways,Final energy,Solids,GCAM,Net Zero 2050 (Orderly scenario),EJ/yr,"NGFS (2023), Scenarios Portal; and IIASA (2023), NGFS Phase 4 Scenario Explorer.",,,,0.0006,0.001,0.0012,0.0012,0.0006,0.0003,0.0002
Kuwait,KW,KWT,Transition Pathways,Final energy,Solids,MESSAGEix-GLOBIOM,Below 2°C,EJ/yr,"NGFS (2023), Scenarios Portal; and IIASA (2023), NGFS Phase 4 Scenario Explorer.",,,,0.006,0.0073,0.0056,0.0042,0.0024,0.0018,0.0015
Kuwait,KW,KWT,Transition Pathways,Final energy,Solids,MESSAGEix-GLOBIOM,Current Policies (Hot house world scenario),EJ/yr,"NGFS (2023), Scenarios Portal; and IIASA (2023), NGFS Phase 4 Scenario Explorer.",,,,0.0066,0.0097,0.0097,0.0108,0.0101,0.0088,0.0078
Kuwait,KW,KWT,Transition Pathways,Final energy,Solids,MESSAGEix-GLOBIOM,Delayed Transition (Disorderly scenario),EJ/yr,"NGFS (2023), Scenarios Portal; and IIASA (2023), NGFS Phase 4 Scenario Explorer.",,,,0.0065,0.0096,0.0096,0.0056,0.0035,0.0026,0.0021
Kuwait,KW,KWT,Transition Pathways,Final energy,Solids,MESSAGEix-GLOBIOM,Fragmented World,EJ/yr,"NGFS (2023), Scenarios Portal; and IIASA (2023), NGFS Phase 4 Scenario Explorer.",,,,0.0061,0.0082,0.0075,0.0067,0.004,0.0027,0.0019
Kuwait,KW,KWT,Transition Pathways,Final energy,Solids,MESSAGEix-GLOBIOM,Low Demand,EJ/yr,"NGFS (2023), Scenarios Portal; and IIASA (2023), NGFS Phase 4 Scenario Explorer.",,,,0.0054,0.0061,0.0063,0.0067,0.0062,0.0069,0.0081
Kuwait,KW,KWT,Transition Pathways,Final energy,Solids,MESSAGEix-GLOBIOM,Nationally Determined Contributions (NDCs),EJ/yr,"NGFS (2023), Scenarios Portal; and IIASA (2023), NGFS Phase 4 Scenario Explorer.",,,,0.006,0.0075,0.0067,0.0055,0.0031,0.0021,0.0016
Kuwait,KW,KWT,Transition Pathways,Final energy,Solids,MESSAGEix-GLOBIOM,Net Zero 2050 (Orderly scenario),EJ/yr,"NGFS (2023), Scenarios Portal; and IIASA (2023), NGFS Phase 4 Scenario Explorer.",,,,0.0058,0.007,0.0053,0.0067,0.0098,0.0088,0.0098
Kuwait,KW,KWT,Transition Pathways,Final energy,Solids,REMIND-MAgPIE,Below 2°C,EJ/yr,"NGFS (2023), Scenarios Portal; and IIASA (2023), NGFS Phase 4 Scenario Explorer.",,,,0.032,0.0619,0.0775,0.0471,0.0295,0.0303,0.0289
Kuwait,KW,KWT,Transition Pathways,Final energy,Solids,REMIND-MAgPIE,Current Policies (Hot house world scenario),EJ/yr,"NGFS (2023), Scenarios Portal; and IIASA (2023), NGFS Phase 4 Scenario Explorer.",,,,0.0376,0.0757,0.123,0.1733,0.2351,0.2738,0.3057
Kuwait,KW,KWT,Transition Pathways,Final energy,Solids,REMIND-MAgPIE,Delayed Transition (Disorderly scenario),EJ/yr,"NGFS (2023), Scenarios Portal; and IIASA (2023), NGFS Phase 4 Scenario Explorer.",,,,0.0369,0.0751,0.1231,0.1362,0.0631,0.0238,0.024
Kuwait,KW,KWT,Transition Pathways,Final energy,Solids,REMIND-MAgPIE,Fragmented World,EJ/yr,"NGFS (2023), Scenarios Portal; and IIASA (2023), NGFS Phase 4 Scenario Explorer.",,,,0.0434,0.0855,0.1357,0.1887,0.2588,0.3082,0.3318
Kuwait,KW,KWT,Transition Pathways,Final energy,Solids,REMIND-MAgPIE,Low Demand,EJ/yr,"NGFS (2023), Scenarios Portal; and IIASA (2023), NGFS Phase 4 Scenario Explorer.",,,,0.0288,0.0532,0.0411,0.0392,0.0349,0.0237,0.0133
Kuwait,KW,KWT,Transition Pathways,Final energy,Solids,REMIND-MAgPIE,Nationally Determined Contributions (NDCs),EJ/yr,"NGFS (2023), Scenarios Portal; and IIASA (2023), NGFS Phase 4 Scenario Explorer.",,,,0.0382,0.072,0.1077,0.1474,0.1846,0.1639,0.1477
Kuwait,KW,KWT,Transition Pathways,Final energy,Solids,REMIND-MAgPIE,Net Zero 2050 (Orderly scenario),EJ/yr,"NGFS (2023), Scenarios Portal; and IIASA (2023), NGFS Phase 4 Scenario Explorer.",,,,0.0302,0.0575,0.0423,0.0341,0.022,0.0121,0.0088
Kuwait,KW,KWT,Transition Pathways,Emissions and CCS,Total non-CO2 emissions,GCAM,Below 2°C,Mt CO2-equiv/yr,"NGFS (2023), Scenarios Portal; and IIASA (2023), NGFS Phase 4 Scenario Explorer.",,,,23.9397,19.9497,15.9598,11.9698,7.9799,3.99,0.0
Kuwait,KW,KWT,Transition Pathways,Emissions and CCS,Total non-CO2 emissions,GCAM,Current Policies (Hot house world scenario),Mt CO2-equiv/yr,"NGFS (2023), Scenarios Portal; and IIASA (2023), NGFS Phase 4 Scenario Explorer.",,,,23.9397,19.9497,15.9598,11.9698,7.9799,3.99,0.0
Kuwait,KW,KWT,Transition Pathways,Emissions and CCS,Total non-CO2 emissions,GCAM,Delayed Transition (Disorderly scenario),Mt CO2-equiv/yr,"NGFS (2023), Scenarios Portal; and IIASA (2023), NGFS Phase 4 Scenario Explorer.",,,,23.9397,19.9497,15.9598,11.9698,7.9799,3.99,0.0
Kuwait,KW,KWT,Transition Pathways,Emissions and CCS,Total non-CO2 emissions,GCAM,Fragmented World,Mt CO2-equiv/yr,"NGFS (2023), Scenarios Portal; and IIASA (2023), NGFS Phase 4 Scenario Explorer.",,,,23.9397,19.9497,15.9598,11.9698,7.9799,3.99,0.0
Kuwait,KW,KWT,Transition Pathways,Emissions and CCS,Total non-CO2 emissions,GCAM,Low Demand,Mt CO2-equiv/yr,"NGFS (2023), Scenarios Portal; and IIASA (2023), NGFS Phase 4 Scenario Explorer.",,,,23.9397,19.9497,15.9598,11.9698,7.9799,3.99,0.0
Kuwait,KW,KWT,Transition Pathways,Emissions and CCS,Total non-CO2 emissions,GCAM,Nationally Determined Contributions (NDCs),Mt CO2-equiv/yr,"NGFS (2023), Scenarios Portal; and IIASA (2023), NGFS Phase 4 Scenario Explorer.",,,,23.9397,19.9497,15.9598,11.9698,7.9799,3.99,0.0
Kuwait,KW,KWT,Transition Pathways,Emissions and CCS,Total non-CO2 emissions,GCAM,Net Zero 2050 (Orderly scenario),Mt CO2-equiv/yr,"NGFS (2023), Scenarios Portal; and IIASA (2023), NGFS Phase 4 Scenario Explorer.",,,,23.9397,19.9497,15.9598,11.9698,7.9799,3.99,0.0
Kuwait,KW,KWT,Transition Pathways,Emissions and CCS,Total non-CO2 emissions,MESSAGEix-GLOBIOM,Below 2°C,Mt CO2-equiv/yr,"NGFS (2023), Scenarios Portal; and IIASA (2023), NGFS Phase 4 Scenario Explorer.",,,,23.9397,19.9497,15.9598,11.9698,7.9799,3.99,0.0
Kuwait,KW,KWT,Transition Pathways,Emissions and CCS,Total non-CO2 emissions,MESSAGEix-GLOBIOM,Current Policies (Hot house world scenario),Mt CO2-equiv/yr,"NGFS (2023), Scenarios Portal; and IIASA (2023), NGFS Phase 4 Scenario Explorer.",,,,23.9397,19.9497,15.9598,11.9698,7.9799,3.99,0.0
Kuwait,KW,KWT,Transition Pathways,Emissions and CCS,Total non-CO2 emissions,MESSAGEix-GLOBIOM,Delayed Transition (Disorderly scenario),Mt CO2-equiv/yr,"NGFS (2023), Scenarios Portal; and IIASA (2023), NGFS Phase 4 Scenario Explorer.",,,,23.9397,19.9497,15.9598,11.9698,7.9799,3.99,0.0
Kuwait,KW,KWT,Transition Pathways,Emissions and CCS,Total non-CO2 emissions,MESSAGEix-GLOBIOM,Fragmented World,Mt CO2-equiv/yr,"NGFS (2023), Scenarios Portal; and IIASA (2023), NGFS Phase 4 Scenario Explorer.",,,,23.9397,19.9497,15.9598,11.9698,7.9799,3.99,0.0
Kuwait,KW,KWT,Transition Pathways,Emissions and CCS,Total non-CO2 emissions,MESSAGEix-GLOBIOM,Low Demand,Mt CO2-equiv/yr,"NGFS (2023), Scenarios Portal; and IIASA (2023), NGFS Phase 4 Scenario Explorer.",,,,23.9397,19.9497,15.9598,11.9698,7.9799,3.99,0.0
Kuwait,KW,KWT,Transition Pathways,Emissions and CCS,Total non-CO2 emissions,MESSAGEix-GLOBIOM,Nationally Determined Contributions (NDCs),Mt CO2-equiv/yr,"NGFS (2023), Scenarios Portal; and IIASA (2023), NGFS Phase 4 Scenario Explorer.",,,,23.9397,19.9497,15.9598,11.9698,7.9799,3.99,0.0
Kuwait,KW,KWT,Transition Pathways,Emissions and CCS,Total non-CO2 emissions,MESSAGEix-GLOBIOM,Net Zero 2050 (Orderly scenario),Mt CO2-equiv/yr,"NGFS (2023), Scenarios Portal; and IIASA (2023), NGFS Phase 4 Scenario Explorer.",,,,23.9397,19.9497,15.9598,11.9698,7.9799,3.99,0.0
Kuwait,KW,KWT,Transition Pathways,Emissions and CCS,Total non-CO2 emissions,REMIND-MAgPIE,Below 2°C,Mt CO2-equiv/yr,"NGFS (2023), Scenarios Portal; and IIASA (2023), NGFS Phase 4 Scenario Explorer.",,,,23.9397,19.9497,15.9598,11.9698,7.9799,3.99,0.0
Kuwait,KW,KWT,Transition Pathways,Emissions and CCS,Total non-CO2 emissions,REMIND-MAgPIE,Current Policies (Hot house world scenario),Mt CO2-equiv/yr,"NGFS (2023), Scenarios Portal; and IIASA (2023), NGFS Phase 4 Scenario Explorer.",,,,23.9397,19.9497,15.9598,11.9698,7.9799,3.99,0.0
Kuwait,KW,KWT,Transition Pathways,Emissions and CCS,Total non-CO2 emissions,REMIND-MAgPIE,Delayed Transition (Disorderly scenario),Mt CO2-equiv/yr,"NGFS (2023), Scenarios Portal; and IIASA (2023), NGFS Phase 4 Scenario Explorer.",,,,23.9397,19.9497,15.9598,11.9698,7.9799,3.99,0.0
Kuwait,KW,KWT,Transition Pathways,Emissions and CCS,Total non-CO2 emissions,REMIND-MAgPIE,Fragmented World,Mt CO2-equiv/yr,"NGFS (2023), Scenarios Portal; and IIASA (2023), NGFS Phase 4 Scenario Explorer.",,,,23.9397,19.9497,15.9598,11.9698,7.9799,3.99,0.0
Kuwait,KW,KWT,Transition Pathways,Emissions and CCS,Total non-CO2 emissions,REMIND-MAgPIE,Low Demand,Mt CO2-equiv/yr,"NGFS (2023), Scenarios Portal; and IIASA (2023), NGFS Phase 4 Scenario Explorer.",,,,23.9397,19.9497,15.9598,11.9698,7.9799,3.99,0.0
Kuwait,KW,KWT,Transition Pathways,Emissions and CCS,Total non-CO2 emissions,REMIND-MAgPIE,Nationally Determined Contributions (NDCs),Mt CO2-equiv/yr,"NGFS (2023), Scenarios Portal; and IIASA (2023), NGFS Phase 4 Scenario Explorer.",,,,23.9397,19.9497,15.9598,11.9698,7.9799,3.99,0.0
Kuwait,KW,KWT,Transition Pathways,Emissions and CCS,Total non-CO2 emissions,REMIND-MAgPIE,Net Zero 2050 (Orderly scenario),Mt CO2-equiv/yr,"NGFS (2023), Scenarios Portal; and IIASA (2023), NGFS Phase 4 Scenario Explorer.",,,,23.9397,19.9497,15.9598,11.9698,7.9799,3.99,0.0
Kuwait,KW,KWT,Transition Pathways,Primary energy,Wind,GCAM,Below 2°C,EJ/yr,"NGFS (2023), Scenarios Portal; and IIASA (2023), NGFS Phase 4 Scenario Explorer.",,,,0.0012,0.0222,0.0719,0.1006,0.1143,0.1205,0.1437
Kuwait,KW,KWT,Transition Pathways,Primary energy,Wind,GCAM,Current Policies (Hot house world scenario),EJ/yr,"NGFS (2023), Scenarios Portal; and IIASA (2023), NGFS Phase 4 Scenario Explorer.",,,,0.0012,0.0181,0.0459,0.0686,0.0945,0.1056,0.1115
Kuwait,KW,KWT,Transition Pathways,Primary energy,Wind,GCAM,Delayed Transition (Disorderly scenario),EJ/yr,"NGFS (2023), Scenarios Portal; and IIASA (2023), NGFS Phase 4 Scenario Explorer.",,,,0.0012,0.0182,0.0461,0.0827,0.1179,0.1182,0.1294
Kuwait,KW,KWT,Transition Pathways,Primary energy,Wind,GCAM,Fragmented World,EJ/yr,"NGFS (2023), Scenarios Portal; and IIASA (2023), NGFS Phase 4 Scenario Explorer.",,,,0.0012,0.0185,0.0476,0.0672,0.0962,0.1111,0.1159
Kuwait,KW,KWT,Transition Pathways,Primary energy,Wind,GCAM,Low Demand,EJ/yr,"NGFS (2023), Scenarios Portal; and IIASA (2023), NGFS Phase 4 Scenario Explorer.",,,,0.0012,0.016,0.0548,0.0859,0.1128,0.143,0.152
Kuwait,KW,KWT,Transition Pathways,Primary energy,Wind,GCAM,Nationally Determined Contributions (NDCs),EJ/yr,"NGFS (2023), Scenarios Portal; and IIASA (2023), NGFS Phase 4 Scenario Explorer.",,,,0.0012,0.0197,0.049,0.0732,0.1022,0.1149,0.1265
Kuwait,KW,KWT,Transition Pathways,Primary energy,Wind,GCAM,Net Zero 2050 (Orderly scenario),EJ/yr,"NGFS (2023), Scenarios Portal; and IIASA (2023), NGFS Phase 4 Scenario Explorer.",,,,0.0012,0.0232,0.0812,0.1037,0.1437,0.1768,0.2
Kuwait,KW,KWT,Transition Pathways,Primary energy,Wind,MESSAGEix-GLOBIOM,Below 2°C,EJ/yr,"NGFS (2023), Scenarios Portal; and IIASA (2023), NGFS Phase 4 Scenario Explorer.",,,,0.0001,0.0001,0.0094,0.0499,0.1068,0.1415,0.1886
Kuwait,KW,KWT,Transition Pathways,Primary energy,Wind,MESSAGEix-GLOBIOM,Current Policies (Hot house world scenario),EJ/yr,"NGFS (2023), Scenarios Portal; and IIASA (2023), NGFS Phase 4 Scenario Explorer.",,,,0.0001,0.0001,0.0001,0.0001,0.0147,0.0346,0.09
Kuwait,KW,KWT,Transition Pathways,Primary energy,Wind,MESSAGEix-GLOBIOM,Delayed Transition (Disorderly scenario),EJ/yr,"NGFS (2023), Scenarios Portal; and IIASA (2023), NGFS Phase 4 Scenario Explorer.",,,,0.0001,0.0001,0.0001,0.0248,0.1013,0.1527,0.25
Kuwait,KW,KWT,Transition Pathways,Primary energy,Wind,MESSAGEix-GLOBIOM,Fragmented World,EJ/yr,"NGFS (2023), Scenarios Portal; and IIASA (2023), NGFS Phase 4 Scenario Explorer.",,,,0.0,0.0001,0.0001,0.012,0.0219,0.0628,0.1627
Kuwait,KW,KWT,Transition Pathways,Primary energy,Wind,MESSAGEix-GLOBIOM,Low Demand,EJ/yr,"NGFS (2023), Scenarios Portal; and IIASA (2023), NGFS Phase 4 Scenario Explorer.",,,,0.0,0.0,0.0431,0.123,0.1945,0.2158,0.2399
Kuwait,KW,KWT,Transition Pathways,Primary energy,Wind,MESSAGEix-GLOBIOM,Nationally Determined Contributions (NDCs),EJ/yr,"NGFS (2023), Scenarios Portal; and IIASA (2023), NGFS Phase 4 Scenario Explorer.",,,,0.0001,0.0001,0.0001,0.012,0.0347,0.071,0.1204
Kuwait,KW,KWT,Transition Pathways,Primary energy,Wind,MESSAGEix-GLOBIOM,Net Zero 2050 (Orderly scenario),EJ/yr,"NGFS (2023), Scenarios Portal; and IIASA (2023), NGFS Phase 4 Scenario Explorer.",,,,0.0001,0.0001,0.0475,0.1569,0.2761,0.3928,0.5278
Kuwait,KW,KWT,Transition Pathways,Primary energy,Wind,REMIND-MAgPIE,Below 2°C,EJ/yr,"NGFS (2023), Scenarios Portal; and IIASA (2023), NGFS Phase 4 Scenario Explorer.",,,,0.0004,0.0015,0.006,0.0166,0.0355,0.0737,0.1698
Kuwait,KW,KWT,Transition Pathways,Primary energy,Wind,REMIND-MAgPIE,Current Policies (Hot house world scenario),EJ/yr,"NGFS (2023), Scenarios Portal; and IIASA (2023), NGFS Phase 4 Scenario Explorer.",,,,0.0004,0.0014,0.005,0.0085,0.0125,0.0201,0.0405
Kuwait,KW,KWT,Transition Pathways,Primary energy,Wind,REMIND-MAgPIE,Delayed Transition (Disorderly scenario),EJ/yr,"NGFS (2023), Scenarios Portal; and IIASA (2023), NGFS Phase 4 Scenario Explorer.",,,,0.0004,0.0014,0.0051,0.0106,0.0345,0.0745,0.1728
Kuwait,KW,KWT,Transition Pathways,Primary energy,Wind,REMIND-MAgPIE,Fragmented World,EJ/yr,"NGFS (2023), Scenarios Portal; and IIASA (2023), NGFS Phase 4 Scenario Explorer.",,,,0.0004,0.0015,0.005,0.0085,0.0124,0.0199,0.0412
Kuwait,KW,KWT,Transition Pathways,Primary energy,Wind,REMIND-MAgPIE,Low Demand,EJ/yr,"NGFS (2023), Scenarios Portal; and IIASA (2023), NGFS Phase 4 Scenario Explorer.",,,,0.0003,0.0013,0.0051,0.0122,0.0224,0.0402,0.0818
Kuwait,KW,KWT,Transition Pathways,Primary energy,Wind,REMIND-MAgPIE,Nationally Determined Contributions (NDCs),EJ/yr,"NGFS (2023), Scenarios Portal; and IIASA (2023), NGFS Phase 4 Scenario Explorer.",,,,0.0004,0.0015,0.0054,0.0112,0.0201,0.0396,0.0954
Kuwait,KW,KWT,Transition Pathways,Primary energy,Wind,REMIND-MAgPIE,Net Zero 2050 (Orderly scenario),EJ/yr,"NGFS (2023), Scenarios Portal; and IIASA (2023), NGFS Phase 4 Scenario Explorer.",,,,0.0004,0.002,0.0098,0.0251,0.051,0.093,0.206
