Data Source,World Development Indicators,,,,,,,,,,,,,,,,,,,,,,,,,,,,,,,,,,,,,,,,,,,,,,,,,,,,,,,,,,,,,,,,,,,,
Last Updated Date,04/08/2026,,,,,,,,,,,,,,,,,,,,,,,,,,,,,,,,,,,,,,,,,,,,,,,,,,,,,,,,,,,,,,,,,,,,
,,,,,,,,,,,,,,,,,,,,,,,,,,,,,,,,,,,,,,,,,,,,,,,,,,,,,,,,,,,,,,,,,,,,,
Country Name,Country Code,Indicator Name,Indicator Code,1960,1961,1962,1963,1964,1965,1966,1967,1968,1969,1970,1971,1972,1973,1974,1975,1976,1977,1978,1979,1980,1981,1982,1983,1984,1985,1986,1987,1988,1989,1990,1991,1992,1993,1994,1995,1996,1997,1998,1999,2000,2001,2002,2003,2004,2005,2006,2007,2008,2009,2010,2011,2012,2013,2014,2015,2016,2017,2018,2019,2020,2021,2022,2023,2024,2025
Aruba,ABW,"Water productivity, total (constant 2015 US$ GDP per cubic meter of total freshwater withdrawal)",ER.GDP.FWTL.M3.KD,,,,,,,,,,,,,,,,,,,,,,,,,,,,,,,,,,,,,,,,,,,,,,,,,,,,,,,,,,,,,,,,,,
Africa Eastern and Southern,AFE,"Water productivity, total (constant 2015 US$ GDP per cubic meter of total freshwater withdrawal)",ER.GDP.FWTL.M3.KD,,,,,,,,,,,,,,,4.91892938421221,4.96349932521081,5.91673908984517,6.08070108580903,6.09752097887501,6.10303120634917,2.77035175697724,2.90399333366925,5.96692939234008,6.02498102282192,0.812156496245353,1.17640168374737,1.23745460340225,3.53716164804024,3.7212762175612,3.81477921620356,8.08169328794225,8.07004052811435,7.67487311995721,7.57546357096752,7.74214879245047,8.34346546482016,8.62785376933157,8.71661008777395,8.72131871094485,8.80595362322537,8.9064582027002,8.92145660646876,8.43845952854464,8.4612276983361,8.76163306881133,9.12943408313298,9.64666647051696,10.2148044734813,10.5337692213292,10.5685858458687,11.0306121065983,11.5024053449044,9.00368007167594,9.4701821683778,9.58134429678797,9.59821881136154,9.61402211260534,9.8525819217246,10.0556997655121,10.1655459876727,9.76354898316359,10.1623505788541,10.5230664093729,,,
Afghanistan,AFG,"Water productivity, total (constant 2015 US$ GDP per cubic meter of total freshwater withdrawal)",ER.GDP.FWTL.M3.KD,,,,,,,,,,,,,,,,,,,,,,,,,,,,,,,,,,,,,,,,,0.306012601818067,0.27714957256339,0.356414353561051,0.387893859396912,0.393379136257915,0.43755449144972,0.460996049984167,0.524734836954617,0.545330594402961,0.661979690032529,0.757056135563847,0.760283880560709,0.857237463729101,0.905249145190703,0.929913050687329,0.943409015123385,0.964733023082698,0.990269537101636,1.00204610099418,1.04124217051312,1.01676151884468,0.80589698069956,0.755607623022327,,,
Africa Western and Central,AFW,"Water productivity, total (constant 2015 US$ GDP per cubic meter of total freshwater withdrawal)",ER.GDP.FWTL.M3.KD,,,,,,,,,,,34.2766621315934,33.5241871552017,30.539050380628,29.4800489974759,29.6683940828913,24.5523736523866,22.4517772898297,21.8254064932612,22.5583683656607,21.000294256408,10.3623150635195,8.72663768442131,7.41274015070589,6.44806223468106,6.16054640736939,7.29335979136133,7.54413898187905,16.639678146128,16.1598464000855,15.5605578276091,15.6065645425462,15.1217145886202,14.8053226988924,13.9117307073863,13.2454634796642,12.9087763669358,12.9477527409323,13.0053350827378,12.9368912866479,12.6649223269488,12.6952059213057,12.9174026407856,13.8214076263701,14.3798089973638,15.3105457222772,15.9217517493885,16.5945837035532,17.3368276180514,18.2441095054385,19.187844406623,20.3455145753305,21.280025133162,22.2998694192257,23.5810453056008,24.851539969515,25.3009101722092,25.2807834457474,25.9619210423146,25.5253157920322,26.1989268345988,25.1748813395109,25.844911752693,26.9946323641865,,,
Angola,AGO,"Water productivity, total (constant 2015 US$ GDP per cubic meter of total freshwater withdrawal)",ER.GDP.FWTL.M3.KD,,,,,,,,,,,,,,,,,,,,,,,,,,,,63.207504069945,65.4002996188085,63.8279326627274,60.1551192680569,59.3354450012834,54.5986604270585,40.5797262362454,40.2273586866288,45.2751351052705,50.3342055399289,52.8915116128047,54.26311689428,54.3575905773547,54.9387227040849,56.1052617054356,62.5228552958663,63.4597720877354,69.3735869685553,77.7276778914757,86.9320479463983,98.2355517350801,108.831863172117,111.00369996861,116.879864790881,121.08037472293,131.375987719138,137.79115772885,144.206333127177,145.306883719331,142.835896042283,142.622504604834,141.774740425258,141.484555538153,135.765117018724,138.619921437077,144.464140907844,,,
Albania,ALB,"Water productivity, total (constant 2015 US$ GDP per cubic meter of total freshwater withdrawal)",ER.GDP.FWTL.M3.KD,,,,,,,,,,,,,,,,,,,,,,,,,,,,,,,4.60904947895975,3.34130485321186,3.12269959529994,3.44513830209826,3.75746218144004,4.28824583719699,4.12012067301652,3.29230783114604,3.25676557575915,3.36410326137923,3.34806683840619,3.82669094359213,4.21406820421568,4.68484369439848,5.22093825861527,5.83097013114162,6.80711503269126,7.39297885505083,8.06310276301951,8.45058428107035,8.88481117173949,9.29922972840651,9.59687926206416,9.97978267382098,10.437606802824,12.4675780727799,10.9144079184752,11.2830796230141,13.321279439569,11.5163638151101,16.0221252673563,17.2399047895251,18.0493655390501,,,
Andorra,AND,"Water productivity, total (constant 2015 US$ GDP per cubic meter of total freshwater withdrawal)",ER.GDP.FWTL.M3.KD,,,,,,,,,,,,,,,,,,,,,,,,,,,,,,,,,,,,,,,,,,,,,,,,,,,,,,,,,,,,,,,,,,
Arab World,ARB,"Water productivity, total (constant 2015 US$ GDP per cubic meter of total freshwater withdrawal)",ER.GDP.FWTL.M3.KD,,,,,,,,,,,19.4780590725405,16.4484382085781,20.0065595700458,19.8664256112724,20.4655896174328,1.92762769862952,2.20286118540894,2.29274624514587,2.4382912130441,2.60408164910185,3.74225348224092,3.700292351158,3.70718180168696,3.61964055013871,3.69374891199705,3.73039462783796,3.57227869670749,3.54178208280275,3.65217834221534,3.7153640876274,4.22970311502311,4.15987095653013,5.71774716176604,5.98186584492804,5.98677917228514,5.97747865503071,6.0771838722161,6.19236031166438,6.29408382706491,6.30586215570363,6.9114190055074,6.97584115962884,6.96570057731566,7.34026287580074,8.01670947995886,8.4360275703042,8.92435354313661,9.35351246359502,9.90323711998502,10.0024891515133,10.5138581538337,11.1530492528814,10.6565459630531,10.9788391535346,12.0055443947937,12.597621650667,12.8407102186365,11.7471279473653,12.5198738021117,11.5421706533257,11.4690187255199,12.1638734047479,12.958326652227,,,
United Arab Emirates,ARE,"Water productivity, total (constant 2015 US$ GDP per cubic meter of total freshwater withdrawal)",ER.GDP.FWTL.M3.KD,,,,,,,,,,,,,,,,,,,,,132.123623399757,126.922300965589,109.40806782549,96.8639331026727,94.1155946471405,85.1233676261457,68.1757437933394,66.6036078186611,61.4769144753888,65.6388126496976,81.8219552024666,80.6365613064316,81.4688721861144,80.6905660724029,84.4074897410439,88.1640587601857,85.3857869784373,85.1742014071307,79.2424707615635,76.0406386398376,85.2350719092742,88.0078886788076,91.828584116548,101.806166087979,98.3615043492986,92.2355034034322,102.241795198323,106.477955789967,110.907212187138,106.087546661028,108.81836456951,117.269914463878,123.958387061778,131.335216904383,138.785708071078,150.114450553731,160.216285370058,163.313402011125,162.110833493131,168.069469907459,157.454453371184,170.420610443256,186.066375067803,,,
Argentina,ARG,"Water productivity, total (constant 2015 US$ GDP per cubic meter of total freshwater withdrawal)",ER.GDP.FWTL.M3.KD,,,,,,,,,,,,,,,,,9.12714032684922,9.74183715630863,9.2855496771951,10.2157828006851,10.3517146800276,9.79632383969848,9.70629777620671,10.1097632624178,10.2495594501117,9.69996183627571,10.2778258889863,10.5366497882831,10.4027715287159,9.64047810230757,9.38573523329864,10.2242711628042,11.015790295957,11.8982788978941,12.5699346869192,12.1902691064611,12.7050657864999,13.5679610436057,13.9204768933834,13.2889915042598,13.0289343528443,12.1873785936826,10.6315944051211,11.3331377975877,12.1074660386433,12.918839269451,13.6880472609999,14.6374744885047,14.9473071099742,13.8051989337043,14.9297087438794,15.5458820383334,15.38631592527,15.7564066412087,15.360508753932,15.7800287984402,15.4517524655901,15.8872605689487,15.471427972778,15.1618662038854,13.6607679429044,15.0871996476537,15.9955615227094,,,
Armenia,ARM,"Water productivity, total (constant 2015 US$ GDP per cubic meter of total freshwater withdrawal)",ER.GDP.FWTL.M3.KD,,,,,,,,,,,,,,,,,,,,,,,,,,,,,,,,,,0.855847389151665,0.967079458230125,1.2184310714983,1.43378530820417,1.82332616418916,1.81514222758733,1.90174648560015,2.11620778869978,2.51421179073216,2.83459172038097,2.83404660662713,2.47226691353261,2.54356830468162,2.82228292825439,3.01183970588598,3.37542840813171,3.38078059917177,4.00258991588954,3.65612947591704,3.24903978444622,3.34035704374152,3.57556022609358,3.22633369563253,3.32425155404982,3.96081097843675,4.40627816451583,4.49127242500766,4.219447286897,4.25804378148573,4.63068082779887,,,
American Samoa,ASM,"Water productivity, total (constant 2015 US$ GDP per cubic meter of total freshwater withdrawal)",ER.GDP.FWTL.M3.KD,,,,,,,,,,,,,,,,,,,,,,,,,,,,,,,,,,,,,,,,,,,,,,,,,,,,,,,,,,,,,,,,,,
Antigua and Barbuda,ATG,"Water productivity, total (constant 2015 US$ GDP per cubic meter of total freshwater withdrawal)",ER.GDP.FWTL.M3.KD,,,,,,,,,,,,,,,,,,,,,,,,,,,,,,,488.447064697241,440.364484321689,398.575268451721,379.655762182313,369.785414080559,325.370560881361,321.16765396771,315.378177101102,308.990008138849,301.025539673953,301.431229697722,272.169320912487,260.864341958493,263.217753996132,265.449096585335,270.071941669645,310.480943985787,346.329399223108,353.495075469423,317.828308756497,299.276544531398,299.934809235386,317.098675714379,315.192968705942,322.121830166622,326.701178451178,340.162467773313,349.390145450886,372.841229034431,384.668580293509,312.086325532136,337.59271370873,368.34000393295,,,
Australia,AUS,"Water productivity, total (constant 2015 US$ GDP per cubic meter of total freshwater withdrawal)",ER.GDP.FWTL.M3.KD,,,,,,,,,,,,,,,,,,,,,,,,,,,,,,,,,,35.408035328313,32.3521438230091,35.7441513577855,33.2558650059908,34.9244475895268,36.7353762206192,38.7708388617703,40.3950805340321,41.4553970680969,44.541104044878,47.5149158760216,51.3037686786427,54.9007652742165,60.203118349493,66.9726353913833,74.7703167999222,82.626111190085,89.9135361851795,91.7880536473103,79.4631826241967,67.5993502336757,71.9309949648056,147.158984808666,131.243013581346,118.269355259478,118.990935207226,141.983705742799,178.680886014002,138.10097500178,137.035943640226,,,
Austria,AUT,"Water productivity, total (constant 2015 US$ GDP per cubic meter of total freshwater withdrawal)",ER.GDP.FWTL.M3.KD,,,,,,,,,,,,,,,,,,,,,57.3654357611872,56.48110230151,56.8219693515283,57.7148751671393,56.9690017056476,57.6186962793327,58.20275352831,58.2593151389713,59.4405567700865,61.0020403602662,62.8901386276412,66.3022146122098,69.0138307171823,70.7610082486473,73.9352758866411,77.4845912726463,77.0228424162619,76.5694000084314,78.9836346717698,81.6866743182168,84.9875688127794,86.7991368122669,88.8263390667738,90.1143202154405,92.7087004563487,95.1509338900335,98.5641563178365,102.600948080386,104.414400142782,100.982540685297,103.1296555872,107.344881704432,109.250360954775,110.232757460421,112.361232378216,115.169078733817,119.011849066927,123.187112066815,127.791797417297,131.644990031544,123.327323745383,129.39884100571,136.297046369585,,,
Azerbaijan,AZE,"Water productivity, total (constant 2015 US$ GDP per cubic meter of total freshwater withdrawal)",ER.GDP.FWTL.M3.KD,,,,,,,,,,,,,,,,,,,,,,,,,,,,,,,,,0.975649872253457,0.744029362870727,0.667069574860436,0.616278034612736,0.648088455536066,0.737111622234331,0.991683398143446,0.910843148464606,1.10199986044968,1.34132473225847,1.4685232180691,1.52626463754435,1.56946644560239,1.90194087189967,2.4850230596636,3.13301115806025,3.63162328561367,4.11094006951173,4.37456335356528,4.18148857287221,4.03128460778882,4.26009010933909,4.53113884625418,4.54069940582993,4.33155351453836,4.25158644266392,4.29870741174274,4.25729721402924,4.20785206579643,4.18208768166497,4.35937877514089,,,
Burundi,BDI,"Water productivity, total (constant 2015 US$ GDP per cubic meter of total freshwater withdrawal)",ER.GDP.FWTL.M3.KD,,,,,,,,,,,,,,,,,,,,,,,,,,,,18.9277141526471,17.3682550816269,15.6281196511443,14.5436843001837,13.8713651010557,12.8355034013587,11.1027315542705,9.91015390778643,8.51344704730556,7.34023032269207,6.7964697385723,6.72190634320956,6.30222800240707,5.93448007087165,6.08989135463853,6.39596207837025,6.35293245156983,6.69736881368597,6.79576394531607,7.16367349933911,7.4104257778896,7.77418445362014,8.06859871408208,8.47959191000288,8.82084697591189,9.21099578842889,9.66453829909598,10.0747890615011,10.0340339610845,10.3551405779028,10.7519348159445,11.3263294871568,11.8314092577076,11.8676658789522,12.2518311002586,12.5357919394153,,,
Belgium,BEL,"Water productivity, total (constant 2015 US$ GDP per cubic meter of total freshwater withdrawal)",ER.GDP.FWTL.M3.KD,,,,,,,,,,,,,,,,,,,,,26.7838358901034,26.8636017441382,27.1807351335492,27.4251330717735,28.2670424074849,28.9041831538394,29.6064341573021,30.4709477907946,32.1026192894699,33.4178715357167,34.6767453592668,35.5293063096754,36.2960901825245,36.1705226182083,37.571392133011,38.7096208760576,40.6016607151168,43.679395931989,44.8363878255231,46.7397361038599,48.8241999070832,52.1195749948074,56.1469251868565,57.7284564518622,60.8615533230929,63.410983831657,65.9145221655063,69.2810896866205,70.5626413843737,70.682019779879,73.1952849989277,87.395943125291,83.9820125412304,92.4548430238641,99.7249663928536,115.434343401235,111.267079081109,107.790925699582,115.525087013687,117.670806877963,110.774470416567,116.24136547284,120.840150517257,,,
Benin,BEN,"Water productivity, total (constant 2015 US$ GDP per cubic meter of total freshwater withdrawal)",ER.GDP.FWTL.M3.KD,,,,,,,,,,,,,,,,,,,,,,,,,,32.6624306793187,31.9713772975027,30.2236837070042,30.0430896434338,28.0979526069198,29.5199439948148,29.6960477091145,29.5455663409943,30.2519413620561,29.8901138620163,32.4041326709627,34.5767222725029,37.4132536126408,39.8251109111595,42.9799211903046,46.6399517930937,50.3926221235015,52.7323671252735,54.5482466729905,56.9645619302604,57.9404586190663,60.2254789828392,63.8307865354648,66.9563102016866,68.5092226408447,69.9575519510831,72.0309209391237,75.4964894018516,80.9257693992069,86.0707701251306,87.6012384367214,90.5268337178996,95.6611191749457,102.067786943553,109.075441343725,113.273528640757,121.37876121009,128.968510883038,,,
Burkina Faso,BFA,"Water productivity, total (constant 2015 US$ GDP per cubic meter of total freshwater withdrawal)",ER.GDP.FWTL.M3.KD,,,,,,,,,,,,,,,,,,,,,,,,,,9.06793086399362,9.39163067454932,9.00366464326272,9.16758999497544,9.02560841962938,8.6576838574388,9.12358306692969,8.84566244598844,8.70624173152738,8.41118880882828,8.49747183052869,9.03267318846728,9.21189146170918,8.04818971210079,8.16474924820456,7.88245089691487,7.98479411085245,7.93669814201793,8.16808840950911,8.16380006959116,8.50221938444536,9.03387716470464,9.40529409493144,9.95080037565929,10.2455381928304,11.1109051976837,11.8467318512788,12.6111626453234,13.3416749415072,13.9189486186186,14.4647424396452,15.326548425005,16.2773292336554,17.3523766853381,18.3742937156223,18.7437589835209,20.0450491229693,20.3711284681545,,,
Bangladesh,BGD,"Water productivity, total (constant 2015 US$ GDP per cubic meter of total freshwater withdrawal)",ER.GDP.FWTL.M3.KD,,,,,,,,,,,,,,,,,,,,,,,,,,,,,,,,,,,,,,,,,,,,,,,,,3.61062713680645,3.79278778189188,4.00411388341802,4.26295498543801,4.54096183758342,4.81403737559155,5.10581903848336,5.4403849729058,5.82738557264051,6.21142485022144,6.66606466522029,7.19147822605556,7.43944165748244,7.95564064274391,8.52047750639283,,,
Bulgaria,BGR,"Water productivity, total (constant 2015 US$ GDP per cubic meter of total freshwater withdrawal)",ER.GDP.FWTL.M3.KD,,,,,,,,,,,,,,,,,,,,,2.14179134174814,2.24959820956876,2.30504628510031,2.387154375122,2.47138187628726,2.54094186059565,2.75144617225311,3.03684277308552,3.51221849408133,3.54722884213948,5.0609223736558,4.72591602841659,4.47140269287298,4.49671969893971,4.67559003982395,4.915313029238,5.2857262137684,4.64246569683527,4.93005900734185,4.62328958590632,4.95313949632371,5.40638587155616,5.0676883369937,5.39646898314201,5.8169300168997,6.3032005008354,6.81494134335637,7.35912239360376,7.53888307937077,7.64930771699624,7.97721747756853,7.60187525817545,8.55728018581034,8.89466352252241,9.13277425451189,9.01799803871595,9.19360412408417,9.49780838468753,10.1365513311643,10.5268842407438,11.1266689992028,11.4383136829908,11.3992654184793,,,
Bahrain,BHR,"Water productivity, total (constant 2015 US$ GDP per cubic meter of total freshwater withdrawal)",ER.GDP.FWTL.M3.KD,,,,,,,,,,,,,,,,,,,,,,,,,,,,,,,48.4575801091874,52.9834421959333,53.9438559281923,58.0581933222408,55.3423361055778,55.0726570296875,54.9985697722305,54.4785994884618,54.936133313755,55.2169296342002,56.1053478218388,60.9684324150765,67.0509527237325,76.4121140911579,83.645049243592,91.4305376731879,99.71437580233,110.680532089003,120.603462293404,126.916303079089,135.99073181483,142.457291288206,152.0933097464,164.84546556167,177.150251300773,204.420476884604,217.69219534962,228.476308257964,233.165987028746,237.952599683472,223.886357861474,233.625506035335,248.063939040548,,,
"Bahamas, The",BHS,"Water productivity, total (constant 2015 US$ GDP per cubic meter of total freshwater withdrawal)",ER.GDP.FWTL.M3.KD,,,,,,,,,,,,,,,,,,,,,,,,,,,,,,,,,,,,,,,,,,,,,,,,,,,,,,,,,,,,,,,,,,
Bosnia and Herzegovina,BIH,"Water productivity, total (constant 2015 US$ GDP per cubic meter of total freshwater withdrawal)",ER.GDP.FWTL.M3.KD,,,,,,,,,,,,,,,,,,,,,,,,,,,,,,,,,,,,,,,,,28.7239165615903,29.2782418956353,30.594595799491,31.6177470070854,33.4757327291815,34.8078957871104,36.5284187218707,37.7555411315372,39.5765005226916,34.9942744423157,34.8513318690304,36.1658847787803,34.7131926055546,35.6838024384598,38.1436372637627,39.197965020532,40.3627733428205,43.615982590298,58.1896588412411,61.1427334668148,60.129821489388,63.5783533542737,64.9840615681781,,,
Belarus,BLR,"Water productivity, total (constant 2015 US$ GDP per cubic meter of total freshwater withdrawal)",ER.GDP.FWTL.M3.KD,,,,,,,,,,,,,,,,,,,,,,,,,,,,,,,,,,,,9.70658969779466,10.1246191513883,11.4465891437624,12.5954481264041,13.2233489374565,14.2081167189531,15.0947812900418,16.0891430750135,17.4789435733833,19.7748816656151,21.9659620412713,24.6185633013973,27.250035815309,30.6185000054284,31.2934856361468,34.4070514013754,36.5844790702657,37.4857556513861,38.1435423061419,37.3665413047754,38.9881007215215,37.9245143476214,40.3013515437126,41.8695892268212,43.4761028952482,44.1591540871893,42.1569033179847,40.5057437734981,,,
Belize,BLZ,"Water productivity, total (constant 2015 US$ GDP per cubic meter of total freshwater withdrawal)",ER.GDP.FWTL.M3.KD,,,,,,,,,,,,,,,,,,,,,,,,,,,,27.2507085042609,25.9153756675505,25.831214016366,25.7255458656529,26.0103450749201,26.7675522781631,26.133003851233,20.8864405610677,17.5238755116918,15.419590427833,14.2272671310985,13.2588892319332,13.1536591904722,13.502973971412,14.1772533568144,14.9426936442393,16.3869388744076,17.1703435343892,17.5513861732243,18.3432089924392,18.9557616335657,18.6472608278896,18.5639617167669,18.8270893507531,18.8026007442048,19.5441552397943,20.3389115925755,21.1305550497079,21.7138133663366,21.7097438729137,21.3117527525465,21.4869499784391,22.4015607194695,19.3722201308976,22.8572678898296,24.9716824949229,,,
Bermuda,BMU,"Water productivity, total (constant 2015 US$ GDP per cubic meter of total freshwater withdrawal)",ER.GDP.FWTL.M3.KD,,,,,,,,,,,,,,,,,,,,,,,,,,,,,,,,,,,,,,,,,,,,,,,,,,,,,,,,,,,,,,,,,,
Bolivia,BOL,"Water productivity, total (constant 2015 US$ GDP per cubic meter of total freshwater withdrawal)",ER.GDP.FWTL.M3.KD,,,,,,,,,,,,,,,,,,,,,,,,,,,,8.64054366384757,8.48525145998235,8.4216734370779,8.44282542928671,8.53002934697151,8.33524591898828,8.36758292812606,8.44380627931814,8.53261013067039,8.60657226532561,8.74029237136666,8.89177946820262,8.65802129942832,8.80719199795069,8.88743722783746,9.03965059847233,9.21525026593074,9.528509365317,9.87643053737399,10.2744342918027,10.6653226119747,11.2438029395283,11.6212573563441,12.0338274298266,12.5903612558802,13.1627882128756,13.9807639142373,14.6643181667146,15.2937393632286,15.8603932996314,16.4376746806944,16.8194605676595,16.9828316283577,88.8179940946149,99.8372349979703,103.578553325706,,,
Brazil,BRA,"Water productivity, total (constant 2015 US$ GDP per cubic meter of total freshwater withdrawal)",ER.GDP.FWTL.M3.KD,,,,,,,,,,,,,,,,,,,,,,,,,,,,26.5441919986944,24.9588406683487,24.3093852242596,22.0218730492821,21.1313097245562,20.0109264885601,20.0378018055253,20.2844902852082,20.256811091894,19.8873641483898,20.4431985063783,20.3939833553067,20.3718913848487,21.1445190540194,21.3168342839829,21.8438647554159,21.9691867840921,23.1050507092224,23.7126857537467,24.5162379747345,24.2531655467202,23.8837517168427,22.4394716210129,22.7782928592663,24.4876598813387,25.835220048021,27.5808015960705,28.7358630416871,28.2212965777704,26.2882375490646,26.8914879487404,27.0336336563431,26.9822510132891,26.2381808652999,27.3938628404462,27.9585687228691,,,
Barbados,BRB,"Water productivity, total (constant 2015 US$ GDP per cubic meter of total freshwater withdrawal)",ER.GDP.FWTL.M3.KD,,,74.2196463363108,67.0956763536007,67.2512892469662,71.6830485312724,71.4464209534541,75.8837371758522,78.0156479622973,80.774469802205,85.296509662348,85.5775830829142,83.778748547839,82.1631973402172,75.8937325527495,72.1956379463394,73.1275342156033,73.6255326352548,75.0713105910898,78.807595377853,80.0893262164692,76.5532682916247,70.9814037173225,69.5972685143258,70.3862916978522,69.5044344845265,71.3917826463103,71.613930845965,72.5128756510737,73.5249702559055,69.6119577757214,65.5319081362414,60.5654607143953,59.8488099560232,59.8781578566846,59.9315726179858,61.1607608272489,64.0598440864442,66.4482925077151,66.6706657435851,69.635636675694,67.9884302941806,68.523772576153,70.0144940879806,71.0028175009273,85.4102226947327,90.5950897372334,92.4787282233478,93.0645445215703,88.3952400394457,86.4348892046539,86.1666642941274,83.2250134661818,81.750952883332,82.3662231824784,81.4021428571429,82.6203309924509,83.20560245292,82.1438788487524,82.3309304310933,70.5043294419561,70.4360967892782,82.5697447154656,,,
Brunei Darussalam,BRN,"Water productivity, total (constant 2015 US$ GDP per cubic meter of total freshwater withdrawal)",ER.GDP.FWTL.M3.KD,,,,,,,,,,,,,,,,,,,,,,,,,,,,,,,,152.724242457491,138.256117889795,128.925900001953,122.657631071122,124.310189685436,124.27623377802,132.1602496886,123.362131318809,128.618248988251,133.087316773386,135.038457780819,140.387923777342,145.41862549057,145.57064375512,145.564929646465,151.530781025099,145.82773330052,140.139414841605,137.476410465122,141.245139832535,146.533931683659,147.871984578661,144.730025897042,141.100359993153,140.546705110051,137.064073401597,138.885280218426,138.958015886657,144.334085249516,145.970217974185,143.648178338059,141.309109736146,,,
Bhutan,BTN,"Water productivity, total (constant 2015 US$ GDP per cubic meter of total freshwater withdrawal)",ER.GDP.FWTL.M3.KD,,,,,,,,,,,,,,,,,,,,,,,,,,,,,,,,,,,,,,,,,,,,,,,,,4.09852537310545,4.41277949400737,4.93930677596483,5.35861729550808,5.63538024010675,5.73322962363078,6.07040576008525,6.47474342518002,7.02353901269686,7.17010940137303,7.4211974446393,7.84829837898156,7.04632805984255,7.35787211083411,7.74150183837192,,,
Botswana,BWA,"Water productivity, total (constant 2015 US$ GDP per cubic meter of total freshwater withdrawal)",ER.GDP.FWTL.M3.KD,,,,,,,,,,,,,,,,,,,,,,,,,,33.580834589538,35.048063584123,37.8804605621585,43.7616792468863,47.9029595140657,49.5706191079741,51.6655388167803,51.6198289866927,48.2794368866651,46.2267179540522,45.9803883508339,45.4532351846166,46.1926162408924,43.6953042900019,45.2821456612844,43.7731240155965,43.8171029602876,46.4071108501134,48.4813730139311,49.7189712843745,51.9071161245188,56.1649660634376,59.330178931051,61.1688678331929,52.4392974417306,57.6606966181783,61.5128940178128,62.2922692831041,70.3852297327753,75.6819490834965,72.0103717110429,72.0594210847287,78.2506485797854,77.1321922197093,80.2575037743546,67.1281090270438,70.8844206029024,81.9138966486293,,,
Central African Republic,CAF,"Water productivity, total (constant 2015 US$ GDP per cubic meter of total freshwater withdrawal)",ER.GDP.FWTL.M3.KD,,,,,,,,,,,,,,,,,,,,,,,,,,,,75.8149310320969,65.041866881172,57.3512094419803,49.4298253270322,43.9210789763184,37.1434476649441,33.9956701205196,32.7829388134228,32.5185126618567,29.0481691271113,28.6000549020903,28.1171884820465,27.4542270361163,25.3149601946865,25.9512705329621,26.396777173334,24.5223902925274,25.5327582039719,25.3168775608912,26.5247674176415,27.7469053214897,28.3168630946966,30.7485058732282,32.1724133508419,33.5219223356745,35.2160402581263,22.4002269524297,22.4183869318543,23.3906995061079,24.5018318440265,25.6110979390003,26.5816160488838,27.4056461463992,27.6522969608555,27.9240969171101,28.0508449169979,,,
Canada,CAN,"Water productivity, total (constant 2015 US$ GDP per cubic meter of total freshwater withdrawal)",ER.GDP.FWTL.M3.KD,,,,,,,,,,,,,,,,,,,,,,,,,,,18.6681365050603,19.1655292973909,19.7438454590739,19.9392359735983,19.7212014189179,19.0607529992329,19.4793145915304,20.2591602480278,21.4508174436884,22.3227161866747,23.0094927550044,24.0406094981142,25.0247423134351,26.3622018214291,27.7705956714195,28.3463043300139,29.2533347547514,29.8398678320008,30.82276133567,31.8746220263044,32.7796613532419,33.5173916839716,34.9158079287863,34.9988693894404,37.6312180399259,40.5546604938396,40.3154007061577,40.3235399799348,42.3628898031288,43.5630790992762,43.6957046225983,44.6966122627101,45.9226240000472,46.7990260268625,44.4411818504683,47.2485794862071,49.2278396231455,,,
Central Europe and the Baltics,CEB,"Water productivity, total (constant 2015 US$ GDP per cubic meter of total freshwater withdrawal)",ER.GDP.FWTL.M3.KD,,,,,,,,,,,,,,,,,,,,,,,,,,,,,,,8.77095490641491,8.09573910419101,7.8744874537901,10.1809176221937,11.2498527313038,12.1215205579002,13.3662305576905,14.3484177185377,14.8996260167461,15.5028542759286,17.6101177554377,18.8529876765869,20.4756715673209,21.7146798790767,23.8747401424997,25.7901495782824,28.1567276946343,28.8435850900765,30.4997188489044,29.5548503768689,32.1453413044935,32.1786617504539,34.0682807782992,34.6287893718373,38.7007046582962,39.9845222927801,41.3247116377458,42.1347016162529,45.7145404484377,49.2798139535202,48.4721075851655,49.4991378873267,49.9255156663463,,,
Switzerland,CHE,"Water productivity, total (constant 2015 US$ GDP per cubic meter of total freshwater withdrawal)",ER.GDP.FWTL.M3.KD,,,,,,,,,,,,,,,,133.729387586618,131.943676155439,135.24849688183,135.896061482316,139.378696632954,145.894234988946,147.580658138723,145.012484864631,145.30500162601,149.0287846714,153.837838507898,156.283670386678,158.343720113186,163.1043659881,169.72261426357,175.499861008001,173.439758795645,172.91361250507,174.468290094542,178.515871494021,181.253946543429,184.036669179811,190.212671979513,196.592402135287,200.49169231515,209.088253900666,213.057083813839,213.579193604319,217.954786135975,228.602265759967,239.990408032845,255.312657066873,271.336537390617,285.437532081038,285.514271193096,301.957946064345,315.111673680712,327.730902085771,387.911990473392,400.755419636053,406.888603829863,415.773085528418,421.439239703119,433.494280711118,438.44470819002,429.054375123686,452.90816885804,466.69496992655,,,
Channel Islands,CHI,"Water productivity, total (constant 2015 US$ GDP per cubic meter of total freshwater withdrawal)",ER.GDP.FWTL.M3.KD,,,,,,,,,,,,,,,,,,,,,,,,,,,,,,,,,,,,,,,,,,,,,,,,,,,,,,,,,,,,,,,,,,
Chile,CHL,"Water productivity, total (constant 2015 US$ GDP per cubic meter of total freshwater withdrawal)",ER.GDP.FWTL.M3.KD,,,,,,,,,,,,,,,,,,,,,,,,,,,,,,,,,4.21068864385817,4.26483430693248,4.26546377682123,4.44606291058704,4.55312973989885,4.68387116275616,4.68260093251692,4.48849166237933,4.53555752861493,4.5108068688256,4.49409315342008,4.55385311531983,4.70032083675492,4.81848670448245,4.95444602419874,5.20932465853108,5.406726432401,5.34627721761492,5.65912270307129,6.01134065905212,6.38135911629042,6.59248690893001,6.71066709065457,6.85507678779925,6.97524894016794,7.0699515723145,7.35204472412308,7.39868370892547,6.94414744031,7.72987220174395,7.89637315131452,,,
China,CHN,"Water productivity, total (constant 2015 US$ GDP per cubic meter of total freshwater withdrawal)",ER.GDP.FWTL.M3.KD,,,,,,,,,,,,,,,,,,,,,0.965515308209519,0.996061928763162,1.06652258008092,1.15981858169743,1.31301335725688,1.47756476328769,1.59701082769868,1.76889485404881,1.95227633853204,2.01886537065602,2.08254379239132,2.23958175439329,2.51790663592157,2.82240072078167,3.16939001567757,3.49499718346044,3.8175581034066,4.14397266640835,4.44223905414534,4.7540772977248,5.12814702813495,5.54798607984657,6.05378351818512,6.65859941147342,7.32472939951155,8.15458471006932,8.96330093443384,10.2190128626237,11.0632599247318,11.9561544084107,13.1412661296343,14.1870891107604,15.2045468860327,16.2785256517931,17.77032153425,19.0618702052533,19.9416454235411,21.5947405703489,23.1825374426754,24.640903760793,26.2462465426494,28.4955722152207,29.3886772685908,,,
Cote d'Ivoire,CIV,"Water productivity, total (constant 2015 US$ GDP per cubic meter of total freshwater withdrawal)",ER.GDP.FWTL.M3.KD,,,,,,,,,,,,,,,,,,,,,,,,,,,,31.1558383779039,26.6169971295131,23.7185970319391,20.679166815748,20.0850774759988,19.468901892926,18.8966172361419,18.5396424684047,19.3968022138445,20.4190743379812,21.8896285054423,22.3247715810389,22.1027817988507,21.5829586727902,20.7053627203067,19.7539586980014,18.4664524569712,18.7028662514818,18.5467839092221,19.6136665831468,20.427345953069,22.0613464484164,23.5666789723895,25.9882726152645,25.4076058233848,28.2691941545493,32.4288991971846,36.7813180589382,39.4277152919665,42.2557705412306,45.3872453072853,47.5854158896246,50.7838085550652,51.1391573843903,54.7512843704663,58.2553028545764,,,
Cameroon,CMR,"Water productivity, total (constant 2015 US$ GDP per cubic meter of total freshwater withdrawal)",ER.GDP.FWTL.M3.KD,,,,,,,,,,,,,,,,,,,,,,,,,,,,45.8152628850037,42.1457024952197,41.295763787976,38.6965091311348,37.1481195095844,35.9245335588043,28.1010838065847,24.8860633933536,22.6459077205343,21.154735085464,20.0361323889639,19.1817918193859,18.462351199985,17.7654878772505,18.0772922744951,18.4326838252809,18.9816291540745,19.8536419480931,19.8410335908163,20.5968942882104,21.4882432217724,22.1001591727786,22.670177921048,23.3273919833237,24.1156738457345,25.2312597865282,26.4916947269295,28.0069714888628,29.5941133962302,30.9364414860849,32.0319554971657,33.2989840578608,34.4561437272513,34.5457065863507,35.6991384918935,37.0331381892102,,,
"Congo, Dem. Rep.",COD,"Water productivity, total (constant 2015 US$ GDP per cubic meter of total freshwater withdrawal)",ER.GDP.FWTL.M3.KD,,,,,,,,,,,,,,,,,,,,,,,,,,,,,,,,,,,,43.981454258875,41.642198949659,37.6683446935059,35.5767569658845,32.749768293624,29.3590674215356,27.7954972725489,27.7021402970174,28.3432754565508,29.3460582097539,30.2397907047847,31.7847247779598,34.4959394703464,37.0492334856861,37.2587400682816,40.180945966183,43.2320126525591,46.9796201368096,51.5011684114804,55.2619266491109,58.776440155505,59.0079210544251,61.5105711819239,65.2453015856596,65.6076637436183,66.1164039334162,70.3674308896978,76.9194616108692,,,
"Congo, Rep.",COG,"Water productivity, total (constant 2015 US$ GDP per cubic meter of total freshwater withdrawal)",ER.GDP.FWTL.M3.KD,,,,,,,,,,,,,,,,,,,,,,,,,,,,133.398747917872,134.41081308553,136.553315230702,136.579835260129,138.506698948199,140.770856054291,138.076731127789,129.272519628184,133.179778044281,137.619576523017,135.516442569693,139.314941652931,134.505788265532,143.415425544095,147.563075316334,152.982273914297,154.226423791155,159.588308408895,171.965592966262,185.699175123484,173.417041328984,184.353371926706,205.807106343872,226.246356350652,231.237168533172,254.238683809723,252.427399836265,269.203889940339,270.321605812104,246.843516278736,233.033180102534,227.663355050593,230.223370103,215.793493530449,217.983949343468,221.19998890791,,,
Colombia,COL,"Water productivity, total (constant 2015 US$ GDP per cubic meter of total freshwater withdrawal)",ER.GDP.FWTL.M3.KD,,,,,,,,,,,,,,,,,,,,,,,,,,,,,,,,,,,,,,,,,20.2706969957308,19.3540309706412,18.7000761473443,18.3773020267629,18.3601353039289,18.303749270954,18.6208951261696,18.9887425431968,18.7697100459515,15.6790218301258,13.9487438499078,14.3229580087668,14.6456133240062,14.7155905651443,14.9829285462578,14.858191465211,14.9367137874418,14.4115300012805,14.5496031879441,14.7046250434448,13.1632742760585,14.039989441247,14.6207618023932,,,
Comoros,COM,"Water productivity, total (constant 2015 US$ GDP per cubic meter of total freshwater withdrawal)",ER.GDP.FWTL.M3.KD,,,,,,,,,,,,,,,,,,,,,,,,,,,,,,,,,,,,,,,,62.3211951197632,61.6936089242142,65.0371555795489,68.027357586388,69.3432979229647,71.4932259250788,75.5434618774047,74.2180920320468,74.8145084624578,77.7806128357449,80.3011729191202,83.3348554386726,86.787889168189,89.5376387011074,93.5365362167356,95.5070416212075,96.6029600862228,99.8105646566284,103.619038481036,107.393461301512,109.284339742943,109.070604210569,111.25222583942,114.148132758447,,,
Cabo Verde,CPV,"Water productivity, total (constant 2015 US$ GDP per cubic meter of total freshwater withdrawal)",ER.GDP.FWTL.M3.KD,,,,,,,,,,,,,,,,,,,,,,,,,,,,,,,,,,,,,,,,,,43.8125745970097,38.8139032389069,34.9091256343496,33.8438089210966,29.8847748346729,27.4861454327229,27.5685788661038,26.1346432647289,23.1000949162417,21.3349354173417,20.2844285626563,18.8954041530825,17.6314242945807,16.5501507887914,15.6440728921961,15.3394912440155,15.1338443278138,14.857558087912,14.4070651668325,8.10207528021935,10.4564852243833,11.6045274167584,,,
Costa Rica,CRI,"Water productivity, total (constant 2015 US$ GDP per cubic meter of total freshwater withdrawal)",ER.GDP.FWTL.M3.KD,,,,,,,,,,,,,,,,,,,,,,,,,,,,,,,,,,,,,,,,,,,,,,,,,,,,,21.9432489585622,21.3251634114949,19.8467189262501,17.6711342329691,20.1234202576773,25.1066676260303,20.5860439874088,20.5161972881302,19.6523054570421,19.2995035340964,20.1779188509514,,,
Caribbean small states,CSS,"Water productivity, total (constant 2015 US$ GDP per cubic meter of total freshwater withdrawal)",ER.GDP.FWTL.M3.KD,,,74.2196463363108,67.0956763536007,67.2512892469662,71.6830485312724,71.4464209534541,75.8837371758522,78.0156479622973,80.774469802205,85.296509662348,85.5775830829142,83.778748547839,82.1631973402172,75.8937325527494,72.1956379463394,73.1275342156033,73.6255326352548,75.0713105910898,78.807595377853,80.0893262164692,76.5532682916247,70.9814037173225,69.5972685143258,70.3862916978522,69.5044344845265,71.3917826463103,14.3721446164839,14.5813509386825,14.6972140869477,15.1550133690523,14.6262528958315,5.27156220945772,5.22170269396165,5.29703235898668,5.45883090903684,5.70295501217503,9.18069965496083,9.44163740639053,9.67170837830709,9.96762613818702,10.2547199905623,10.8076597662878,11.8592224964166,12.6452312903588,13.8247410428247,15.3085793145468,16.5088692481963,17.054469838443,16.6237446390776,17.0697859140611,17.1999936331143,18.1187888863958,18.5543537397918,19.0640394722065,18.9965735106689,18.32613092107,18.0090576449804,18.1733364865108,18.4118882560212,17.2583247187009,17.9791762696747,20.8286361799249,,,
Cuba,CUB,"Water productivity, total (constant 2015 US$ GDP per cubic meter of total freshwater withdrawal)",ER.GDP.FWTL.M3.KD,,,,,,,,,,,,,,,,,,,,,,,,,,,,,,,,,,,,7.0212645708207,7.56429024734476,7.76729290348434,7.77211319311491,8.24511802225764,8.72434839657808,8.99420708054432,9.11354936320772,9.45007705895401,9.98576380833169,11.093642729464,12.4202274099959,14.2128804876356,12.7307909868522,12.2362310115164,12.60667393039,12.3188949892409,12.0921659593993,11.8661930532154,11.9905005187343,12.5226789307272,12.5869006250202,12.8146973183673,13.1027651182482,13.0813961824012,11.649057092189,11.7951930405623,12.0045167024619,,,
Curacao,CUW,"Water productivity, total (constant 2015 US$ GDP per cubic meter of total freshwater withdrawal)",ER.GDP.FWTL.M3.KD,,,,,,,,,,,,,,,,,,,,,,,,,,,,,,,,,,,,,,,,,,,,,,,,,,,,,,,,,,,,,,,,,,
Cayman Islands,CYM,"Water productivity, total (constant 2015 US$ GDP per cubic meter of total freshwater withdrawal)",ER.GDP.FWTL.M3.KD,,,,,,,,,,,,,,,,,,,,,,,,,,,,,,,,,,,,,,,,,,,,,,,,,,,,,,,,,,,,,,,,,,
Cyprus,CYP,"Water productivity, total (constant 2015 US$ GDP per cubic meter of total freshwater withdrawal)",ER.GDP.FWTL.M3.KD,,,,,,,,,,,,,,,,19.985222301291,23.3720219941486,26.465608677509,27.7777783850143,29.751057636489,30.6805849489649,30.6561025297699,31.6991712354251,32.6617797546837,34.6860182082772,35.5428469109967,36.0306317618942,37.5128715311323,39.7735302039684,41.9233632644152,44.5831526804869,45.9429568746869,51.4414436683517,53.046763354312,58.0504018219363,65.0755736786564,68.2430040976492,72.6415692701919,80.0476775831203,87.4132245091279,96.4906012782798,107.701141651645,98.1267763815123,101.485711006185,107.423826772302,113.528785210237,119.828914055972,126.951093209437,134.532335111108,114.798341887704,107.716708547064,98.4169582895744,82.183048876202,94.7736548652841,88.7147404563808,85.8158552450754,97.3304262066761,103.880770449775,115.195641305801,124.982984270703,105.772573157543,115.822480594217,132.15358333904,,,
Czechia,CZE,"Water productivity, total (constant 2015 US$ GDP per cubic meter of total freshwater withdrawal)",ER.GDP.FWTL.M3.KD,,,,,,,,,,,,,,,,,,,,,,,,,,,,,,,,,,35.6833228736353,38.5602046030431,43.1182389764237,47.066346831486,49.1388115691219,51.3537364661884,54.7555369419902,60.0594149015773,65.3791821648836,70.4340593114576,72.2929576016338,75.2351230341432,79.5252727761718,84.2595197591574,88.329302064382,89.7978092325195,87.2892502673955,89.4750397345358,94.1493234671638,95.7892882099253,106.778703665945,109.195962348396,117.94168551947,118.661807367909,125.168365173571,131.949025676365,144.276170439395,150.624798695124,158.66813952644,152.344289848256,,,
Germany,DEU,"Water productivity, total (constant 2015 US$ GDP per cubic meter of total freshwater withdrawal)",ER.GDP.FWTL.M3.KD,,,,,,,,,,,,,,,,,,,,,,,,,,,,,,,,53.703299468482,50.7522185184232,50.6732650083155,52.3480461250415,53.5374526391892,55.3000236969113,56.7800514545954,59.9644303467996,61.8301075009975,64.2935734058668,65.5813654715415,65.8263521005815,67.782567088198,70.8791575609908,73.6506465222422,77.6638408686513,98.4316311839307,82.4071139385458,76.2323038485739,95.4987203571959,89.7513811600373,97.6055879100603,130.189801200673,107.610253388302,114.807531314179,143.239901021801,129.707408459409,135.211586691237,142.50768382599,136.619388270706,141.961206272907,144.529650930763,,,
Djibouti,DJI,"Water productivity, total (constant 2015 US$ GDP per cubic meter of total freshwater withdrawal)",ER.GDP.FWTL.M3.KD,,,,,,,,,,,,,,,,,,,,,,,,,,,,,,,,,,,,,,,,,,,,,,,,,,,,,,110.929419198568,118.908558216443,127.599567654683,136.689036519235,144.14964922645,151.031842651537,159.406680377737,161.322932269169,168.432686647962,177.1348237718,,,
Dominica,DMA,"Water productivity, total (constant 2015 US$ GDP per cubic meter of total freshwater withdrawal)",ER.GDP.FWTL.M3.KD,,,,,,,,,,,,,,,,,,,,,,,,,,,,,,,,,,,,,26.0708106788171,26.640621466684,27.6460999110956,27.7439885745223,28.3932587713093,28.3751315373615,27.4990719026806,29.095380565783,30.287661726133,29.5559422168225,29.8706135977349,30.4965480764847,31.6870984775372,30.4137264037977,29.5207935242751,29.5334103831234,29.4869272189454,29.4882553093505,30.1768701843881,29.1588888888889,29.5808896151053,27.3491997006571,28.1598328816622,29.2716105620207,24.6740936022105,26.001519962095,28.7048479816498,,,
Denmark,DNK,"Water productivity, total (constant 2015 US$ GDP per cubic meter of total freshwater withdrawal)",ER.GDP.FWTL.M3.KD,,,,,,,,,,,180.420757722718,164.052667723231,152.211148197449,144.101676249097,130.218397512082,118.047928148245,125.123014977625,127.607245172637,130.691504048633,135.988822509435,134.966961697241,123.701213970948,119.368771992113,114.395733751983,111.923014231801,109.734246158438,128.775210481951,147.093490131775,170.906885552818,162.058937411433,155.668531193175,164.843015071912,175.865757808087,184.145249771493,203.651146028342,220.955641685688,240.073406144737,262.357837816843,284.86033755859,312.396098620799,346.578307953749,376.038654083701,408.292633731482,415.219745731802,432.149575902412,448.01772614277,494.092783290409,532.121229964872,422.855174445296,423.930500708288,351.210027428104,332.468179838423,395.061177982668,289.207344994346,298.76622028578,371.715844219805,350.658246436019,357.824796422868,295.25751684284,351.195670598741,344.331163146888,362.16847533471,373.437264824825,,,
Dominican Republic,DOM,"Water productivity, total (constant 2015 US$ GDP per cubic meter of total freshwater withdrawal)",ER.GDP.FWTL.M3.KD,,,,,,,,,,,,,,,,,,,,,,,,,,,,,,,,,,,,,,,,,7.27513319432904,7.27941875339921,7.43120048128156,7.16622498693016,7.18997715890355,7.69895101055815,7.9153900244978,8.03452296751313,7.86417927424528,7.54919708105783,7.79677635318827,8.04564651302908,8.26896719073667,8.67701864404412,9.29406107563233,9.94350323279229,10.6116808751643,11.0291297316318,11.8119240233434,12.3900031422018,11.4075933078427,13.006074210015,13.6873267232684,,,
Algeria,DZA,"Water productivity, total (constant 2015 US$ GDP per cubic meter of total freshwater withdrawal)",ER.GDP.FWTL.M3.KD,,,,,,,,,,,19.4780590725405,16.4484382085781,20.0065595700458,19.8664256112724,20.4655896174328,20.6382225856126,21.5087500544048,21.8012948309762,22.9598823184763,23.8258589603683,23.2137536003323,23.1388696454682,23.8503908094396,24.3765455849781,24.9845244890223,25.1686954604265,23.9034585760296,22.5188972671968,21.2062091528164,21.1095487293624,20.6260659466139,19.8430715075109,19.6830414867663,18.7886345382396,18.1660273801203,18.4079782591877,18.7176455756384,18.4940107815155,19.0058097355614,19.1881278086107,19.4940136430215,19.4769504730482,19.7255768868747,20.4111721943202,20.7406912509406,21.2732626225941,21.3173612127622,21.4177365523277,21.4072761387835,21.1385176149585,21.6283886411016,21.7617349507659,21.8079403049943,21.3233588824722,21.201193323115,20.9396756320465,21.1057547105568,20.1722309443055,19.8951214791323,19.5396848338428,18.0812707439433,19.9648607037114,20.080692589082,,,
East Asia & Pacific (excluding high income),EAP,"Water productivity, total (constant 2015 US$ GDP per cubic meter of total freshwater withdrawal)",ER.GDP.FWTL.M3.KD,,,,,,,,,,,,,,,,,,,,,0.965515308209519,0.996061928763162,1.06652258008092,1.15981858169743,1.26861802713825,1.41825203124077,1.52620101141828,1.61468587318882,1.77150044905968,1.83088133915525,2.16454454603061,2.30499997742573,2.5377562093228,2.79357081280459,3.08290780987253,3.35702801231115,3.63933335786364,3.89299163431851,3.99489196913628,4.2081974826775,4.50381440396746,4.7767027930884,5.11870495314418,5.52869969229891,5.97065312194421,6.50527213288732,6.67800114271561,7.34009867159711,7.85145098810352,8.36966597843967,9.08636835106067,9.71467203945607,10.340666694844,10.979234642007,11.7735125543705,12.4711059127793,13.0432387468968,13.9547349098081,14.9070044110354,15.8911946183479,16.4320715815198,17.6757719518082,18.2683202269927,,,
Early-demographic dividend,EAR,"Water productivity, total (constant 2015 US$ GDP per cubic meter of total freshwater withdrawal)",ER.GDP.FWTL.M3.KD,,,,,,,,,,,18.4814715675175,18.0096954885239,19.2222062240634,19.5862727080147,19.9387036813373,1.20803780110989,1.61437775494401,1.64743451075797,1.604579399924,1.58148474028797,2.1310046068254,2.15229747335861,2.18640703311181,2.18311149585568,2.19150351055691,2.20614952071047,2.19780362896216,2.22415904857032,2.27588603089968,2.30993564659685,2.67206306587422,2.75939978781025,3.27359085640934,3.32343582397935,3.14281381049584,3.14228661075401,3.26432392059204,3.36353561831907,3.38535613159446,3.3995982433325,3.52817292791567,3.50948135684969,3.48370255509923,3.59046996925378,3.85553312884085,4.02964683085098,4.13271238285054,4.30743422270818,4.428897858865,4.40980851361903,4.6510614974604,4.86630945864117,5.00215563248063,5.18911348726125,5.34957516163252,5.50123647872849,5.6749929441254,5.83539043338431,6.05559983797998,6.2475591606677,5.95031251828614,6.49826560750413,6.6488226713305,,,
East Asia & Pacific,EAS,"Water productivity, total (constant 2015 US$ GDP per cubic meter of total freshwater withdrawal)",ER.GDP.FWTL.M3.KD,,,,,,,,,,,,,,,,118.777222364186,93.9688115623298,79.4599380514131,70.8568712780912,66.1997025980383,5.23454601337839,5.37966566483146,5.51326082613551,5.6884798017115,5.58477742935649,5.89175804454792,6.09414831566167,6.14573541929033,6.54800387120586,6.79985511333925,7.0764534813699,7.33106276589479,7.51680044085495,8.29712461758152,8.60672325227114,9.00574058982523,9.39461750380936,9.67243826238074,9.6224452816145,9.8597128192467,10.275937570474,10.5506275765099,10.9360345952084,11.3754067128454,11.9049761570684,12.4652682715268,12.2142003902387,12.651349523521,13.0740884612042,13.3127295122405,14.1762918267346,14.7379525716292,15.3347279685887,15.9522897564973,16.7540450098645,17.6078878520008,18.1313763202425,19.0924236057759,20.0689043860258,21.0723796235001,21.4825735489317,22.7638449378827,23.424189405492,,,
Europe & Central Asia (excluding high income),ECA,"Water productivity, total (constant 2015 US$ GDP per cubic meter of total freshwater withdrawal)",ER.GDP.FWTL.M3.KD,,,,,,,,,,,,,,,,,,,,,,,,,,,,,,,4.60904947895975,3.34130485321186,5.91480609317121,4.72464634709619,2.52351927294162,2.6478915281285,2.79064697839213,2.99024236183449,3.11638125880886,3.10731002104998,3.32331287436729,3.37296597097991,3.61788477870305,3.88551998836634,4.23163912635275,4.58776345660884,5.16040053827056,5.47663769149751,5.69094336709481,5.32649944781846,5.72789783746628,6.16919953290988,6.33131141214758,6.72356256868373,6.97494377772327,7.06110042840389,7.10703480186317,7.3069104060561,7.55773563401707,7.73618153057394,7.96874379968215,9.15781829107182,9.29526497292949,,,
Europe & Central Asia,ECS,"Water productivity, total (constant 2015 US$ GDP per cubic meter of total freshwater withdrawal)",ER.GDP.FWTL.M3.KD,,,,,,,,,,,,,,,,,,,,,,,,,,36.2921929539748,37.3546826389338,39.01321534448,41.1636927322931,43.0689373897137,39.3579692004134,41.4077835584864,28.1033420079256,26.8603489686456,23.4824902292216,24.2322775275955,25.0985239803436,26.3501745182498,27.3720009844928,28.308543185144,29.1727780626539,30.7412450246495,31.471686806627,32.2672840300126,33.371356015987,34.0988766283909,36.2111635144438,38.5861246092023,37.4308268800434,36.6541968251144,37.9736844687563,39.079691377933,39.1882427169187,40.9465943499494,40.8622175052775,42.330477846629,43.2202482560089,43.7915279546449,44.8200064837247,45.8306947861618,44.1040775865105,48.111498202184,49.2599861181929,,,
Ecuador,ECU,"Water productivity, total (constant 2015 US$ GDP per cubic meter of total freshwater withdrawal)",ER.GDP.FWTL.M3.KD,,,,,,,,,,,,,,,,,,,,,,,,,,,,,,,,,,,,,,,,,5.35595611275354,5.51651386632475,5.72201204163961,5.82033616090472,6.1483161300392,6.40841791496947,6.68661579485843,6.81382388591166,7.26114601944977,7.34036606428034,7.63611953389711,8.28377522251232,8.76284353308141,9.39475290760086,9.79178129121991,9.8035012807842,9.73605767747835,10.3173391491515,10.4250825654509,10.4423261174524,9.47692302324726,10.3698285408434,10.9783740008861,,,
"Egypt, Arab Rep.",EGY,"Water productivity, total (constant 2015 US$ GDP per cubic meter of total freshwater withdrawal)",ER.GDP.FWTL.M3.KD,,,,,,,,,,,,,,,,0.846038024384896,0.950827341797137,1.02831709694411,1.10837135499076,1.14984505480754,1.25528437721429,1.33730085357469,1.45871677024783,1.52156690083974,1.65746195452025,1.74053613746637,1.80978351278911,1.86550523322086,1.95320598028057,2.03465534831673,2.13567330890539,2.1444640547651,2.22468009095584,2.28156531310881,2.29674102026375,2.32925821045679,2.37221380012096,2.42973045062327,2.49271105222139,2.57095422540023,3.15067810433151,3.16887977899062,3.1545119801152,3.16728717716172,3.2101507805911,3.26772397440382,3.40409328446213,3.5564736044728,3.72026266044107,3.80358668743946,3.90848631989348,4.09680576045508,4.15035731026986,4.20039424296141,5.1988435708661,5.4083181743745,5.66666063603481,4.62004015469706,4.86633951358283,5.13652321255552,5.31887825353661,5.49390370867092,5.85583360289813,,,
Euro area,EMU,"Water productivity, total (constant 2015 US$ GDP per cubic meter of total freshwater withdrawal)",ER.GDP.FWTL.M3.KD,,,,,,,,,,,21.0598262209509,21.311895253973,22.0407561131761,23.3589592007824,24.0375074203695,19.6356629865776,20.3913988441565,20.5735878378411,20.8540565019866,21.3746914617841,28.2381091020659,28.1091287150705,28.1528532243561,28.2616567701631,28.6452122736134,29.024366710622,29.6872511397197,30.9529966827407,32.7623365159217,34.5636398087889,36.024285029792,39.7901783475219,38.8118333589133,38.7250574219918,39.9844919033804,40.803910529158,42.252720616615,43.8931599879516,45.2552285463965,46.4593951079118,47.9628520634332,49.5129218418079,50.4385206509196,51.119142018995,52.594569351796,53.7866541180692,56.9949200553803,62.6560959688853,55.9581948114481,58.6403877952222,62.7181072027611,62.8565456014871,63.4698864001984,68.7209026468421,67.980253569213,71.1962373834464,76.0624402748899,77.8578289112818,79.9184733184246,82.168795420461,78.0991316249927,83.432873166312,86.2577063096081,,,
Eritrea,ERI,"Water productivity, total (constant 2015 US$ GDP per cubic meter of total freshwater withdrawal)",ER.GDP.FWTL.M3.KD,,,,,,,,,,,,,,,,,,,,,,,,,,,,,,,,,,,,,,,,,4.59370771517023,4.53365796194822,4.2744208371057,3.83604029979549,3.60987998213557,3.70281452113627,3.66692620921951,3.71924672684109,3.35539170311727,3.48546351374363,3.56194121777595,3.87111059520759,,,,,,,,,,,,,,
Spain,ESP,"Water productivity, total (constant 2015 US$ GDP per cubic meter of total freshwater withdrawal)",ER.GDP.FWTL.M3.KD,,,,,,,,,,,,,,,,14.0347242553251,14.1962210671765,14.3011219476492,14.2200199116841,13.9468740806183,13.9806796077959,13.5990194490302,13.4194998546884,13.3193995298295,13.2300252141143,13.2182433807464,13.4690844464079,14.8006118767737,16.2214098655719,17.7660302709073,19.3023639282778,20.7675712184318,21.1811840374248,21.1857093235302,21.9238384915272,22.7732607929825,23.6238341493356,24.7431951272883,25.4135476580568,26.1349051792965,27.0866834087808,28.3832879895583,29.4109750215356,29.7366651909137,30.1266867976499,30.6604585653274,32.9843418994138,35.3512784370834,35.8294101120711,33.1944500281934,34.2781424705849,34.0014907725603,31.8502926056947,35.2932156954049,35.2748244279327,38.2739346815106,39.7593402602889,42.4428688792149,44.4718182087543,45.645874494949,40.9246456682294,43.659698753512,46.4409600183132,,,
Estonia,EST,"Water productivity, total (constant 2015 US$ GDP per cubic meter of total freshwater withdrawal)",ER.GDP.FWTL.M3.KD,,,,,,,,,,,,,,,,,,,,,,,,,,,,,,,,,4.04209682173559,4.54236585748313,5.53079719100115,7.58617448209788,7.91503201465729,8.89639844187839,9.22931897806961,9.13775320957019,10.0025707300738,10.5311597607278,11.1982279645879,11.3722108862641,11.4997707603377,11.9589926375456,12.4956037387645,12.8252217876047,13.9119027625944,13.8243852883152,10.5953748172253,11.2066752043826,13.3491608487002,12.6744357141444,13.3087644515662,14.4315188454008,13.7221009932076,14.2232406241508,16.3665850466001,27.132391943035,31.0918947481955,28.7162787565193,23.5235289623532,,,
Ethiopia,ETH,"Water productivity, total (constant 2015 US$ GDP per cubic meter of total freshwater withdrawal)",ER.GDP.FWTL.M3.KD,,,,,,,,,,,,,,,,,,,,,,,,,,,,,,,,,,,,,,,,,,,3.30037168909324,2.83715597727032,2.87349822659726,2.89932405055614,3.11661347784493,3.37189495128874,3.62942148526694,3.83999372419053,4.20569526724044,4.55335784929495,4.82086242845883,5.19834614088132,5.59238846505219,6.02721848440091,6.44188941868767,7.05927527889579,7.54044591449573,8.17113527544525,8.66626774156933,9.15517789611032,9.64239448069744,,,
European Union,EUU,"Water productivity, total (constant 2015 US$ GDP per cubic meter of total freshwater withdrawal)",ER.GDP.FWTL.M3.KD,,,,,,,,,,,24.8097949439561,25.013476651664,25.6894870518256,26.9578508712853,27.5109749746169,22.2091858636234,22.952180196397,23.0883178502477,23.3755114963405,23.9393841924539,27.2449881645201,27.1378299278959,27.2283962925209,27.3653837331263,27.7971434540177,28.1815384784114,28.9539474387158,30.2283668483801,31.9616257346993,33.6274290184131,31.0243790974711,35.0373008333464,34.5213219921288,34.5807508418722,36.1002102768296,37.3690620304368,39.0134739094261,40.7822468839913,42.0803152893879,43.3431946475289,45.4581462416312,47.09498787026,47.897214764562,48.7467085695879,50.5587599553827,52.0135305101295,55.2459636765158,59.8135218374837,54.5007027733933,56.3226554236245,60.4520183421583,60.3894304790624,61.3536287109803,65.7433869518878,66.1515818517199,69.1383226152179,73.4253106474239,74.9537106688237,77.3131723842998,79.838503213323,76.3149782856061,80.8620304440275,83.1396807058455,,,
Fragile and conflict affected situations,FCS,"Water productivity, total (constant 2015 US$ GDP per cubic meter of total freshwater withdrawal)",ER.GDP.FWTL.M3.KD,,,,,,,,,,,13.2551185492577,12.9299145527889,12.6072025162728,13.0178973262864,12.8241118770481,2.64276533407791,2.97295711779855,3.1058295017443,3.2163540702839,3.3844317050052,3.45275575624316,3.15085673075608,3.18025464087399,2.88508440425136,2.82025869176679,2.90608058083688,2.82209468111381,3.53819230997387,3.74006952952914,3.51877457774279,3.97177025890516,3.76196260214788,4.021976778212,3.84301222180749,3.60504175301509,3.64365366740494,3.65057489920829,3.72514640538332,3.81186877738739,3.81744920974959,3.660254378411,3.78087846350869,3.86061243470906,3.8779748009704,4.3269956407298,4.58334899794819,4.85403031385635,5.14944479215973,5.44537104046607,5.61624067089737,6.00821301037646,6.12108417410328,6.12092057792913,6.39198096011702,6.57267738708162,6.77023937139367,6.65162699296584,6.57182257504526,6.92091334969684,6.23304533138917,6.06905123825427,6.27172841599104,6.41592717373382,,,
Finland,FIN,"Water productivity, total (constant 2015 US$ GDP per cubic meter of total freshwater withdrawal)",ER.GDP.FWTL.M3.KD,,,,,,,,,,,23.932443187924,24.1308924402486,25.6152172858288,27.0069786433572,27.4827675580021,27.5847358123129,27.4477799347859,27.2848760725586,27.8500736082631,29.5896643640798,30.9314200321768,30.8302941797976,31.2827448856752,31.7549452163839,32.2803483319705,32.9217438660015,36.9168664862361,42.072083919661,49.2170912812338,58.2210803373715,67.0532946403398,61.7358941502804,58.4194641765319,56.7543733091029,57.7982576330994,59.0388713311619,62.7686588187112,68.5397481782926,74.2291034637051,79.6368760573482,66.7799991463573,56.7848873100934,49.2879095318163,43.9053055241907,40.5261763681275,37.4393616689344,35.3674564645625,39.8336428884736,43.142865410797,42.8578070122749,48.0954147089996,53.981770772575,58.8170934513761,65.1771388398352,73.6352773604265,85.5442496905032,104.003808695827,107.43943934849,89.3066735423726,84.4779413895332,82.3735654106966,84.5781673754644,85.2235342415864,,,
Fiji,FJI,"Water productivity, total (constant 2015 US$ GDP per cubic meter of total freshwater withdrawal)",ER.GDP.FWTL.M3.KD,,,,,,,,,,,,,,,,,,,,,,,,,,,,76.7084005151302,68.3771848198612,65.765775088997,62.980859844856,55.971736024909,54.6516154032279,51.6945000497667,50.595171971762,48.5236088392809,47.7788656064355,44.0641987467674,42.2298836556329,43.5951489142689,40.7680200072171,41.2601674055061,42.2520817540742,42.347984912931,44.2537245237992,44.2275686122488,45.0468771877662,44.6636839854274,45.124967932184,44.4995188610853,45.8143338728509,47.0536771319,47.7177524444187,49.9768155806249,52.7772736414367,55.1528844991235,56.5017320097764,59.5264757067764,61.7958340308482,61.4362152081941,50.8793015055243,48.6681063967502,57.3043236743299,,,
France,FRA,"Water productivity, total (constant 2015 US$ GDP per cubic meter of total freshwater withdrawal)",ER.GDP.FWTL.M3.KD,,,,,,,,,,,,,,,,,,,,,41.1484660484807,40.6094807083241,40.5990498939091,40.1442186919416,39.8527269849378,39.5685285965601,39.8743602612651,40.2566429935349,41.5488732768806,42.7252364308862,43.2817351175147,42.9406444157391,42.7369125775484,44.6052181745018,47.9447199218649,51.6227946621251,55.2418812247517,59.9572370532476,60.4540619436149,60.9628261137128,61.954753238673,63.4663732529772,64.4860287680843,64.3844554613105,65.501118701871,66.0105380691624,70.3862465216063,75.0268542310476,81.4400605450927,79.6670588244168,80.9544171104535,78.6143779972942,84.604845086701,88.1108643575318,88.5336541368797,86.8716550235631,93.1869257583339,93.328108219704,94.9455119855078,99.4974847088266,97.8447513003337,105.622900322868,108.492423820088,,,
Faroe Islands,FRO,"Water productivity, total (constant 2015 US$ GDP per cubic meter of total freshwater withdrawal)",ER.GDP.FWTL.M3.KD,,,,,,,,,,,,,,,,,,,,,,,,,,,,,,,,,,,,,,,,,,,,,,,,,,,,,,,,,,,,,,,,,,
"Micronesia, Fed. Sts.",FSM,"Water productivity, total (constant 2015 US$ GDP per cubic meter of total freshwater withdrawal)",ER.GDP.FWTL.M3.KD,,,,,,,,,,,,,,,,,,,,,,,,,,,,,,,,,,,,,,,,,,,,,,,,,,,,,,,,,,,,,,,,,,
Gabon,GAB,"Water productivity, total (constant 2015 US$ GDP per cubic meter of total freshwater withdrawal)",ER.GDP.FWTL.M3.KD,,,,,,,,,,,,,,,,,,,,,,,,,,,,106.305600146675,111.352522596854,112.775184900066,111.186225257254,111.01583696941,101.586771475327,100.019285235699,98.5292906556281,98.4895348291622,97.4070667623876,98.5058996622994,97.6731369663193,85.3812006796239,80.543408934549,79.7699726436758,77.2306198508905,76.7097253339461,75.0928361995997,75.0183229392115,72.9128749247976,77.2935592143227,74.7363554117373,74.8337601406555,80.1393894078696,85.8226772349306,90.3292920291981,95.422688918615,99.5401440141705,103.401206058197,105.563782525585,106.06272133122,106.951438459325,111.144799864313,109.102224008216,110.703798086236,114.066552703759,,,
United Kingdom,GBR,"Water productivity, total (constant 2015 US$ GDP per cubic meter of total freshwater withdrawal)",ER.GDP.FWTL.M3.KD,,,,,,,,,,,,,,,,,,,,,97.677018785306,99.3014691164205,104.54404455209,111.823149664383,118.631710154883,127.133811848448,131.049694692318,135.811090733594,141.389307990685,143.352864303815,143.219974896805,141.204478563948,142.866486536819,147.681614532865,154.817200105912,160.101887059342,163.224676683371,170.088720562705,174.487824174672,178.484661485167,185.38253723808,188.624594766352,190.652508077593,195.569762042228,198.886827137884,203.186264444489,206.373028509717,323.303588627339,329.57032475061,316.957784163705,324.789514115506,352.233396104861,342.806827616063,365.378477825259,395.86187009636,360.977927727752,357.592909577301,368.403737799559,374.118899007903,378.818950986002,340.75561434819,369.866747601181,388.913789872573,,,
Georgia,GEO,"Water productivity, total (constant 2015 US$ GDP per cubic meter of total freshwater withdrawal)",ER.GDP.FWTL.M3.KD,,,,,,,,,,,,,,,,,,,,,,,,,,,,,,,,,2.33657426611745,1.73737655417821,1.64160756153219,1.78137066922694,2.10217152565352,2.4748063873873,2.72951282123481,3.01827538658983,3.32294479610728,3.52037592175635,3.7537021423933,4.21485940572178,4.5088842156818,4.9972285270835,5.45800651003166,6.13312641927893,6.27016117822903,6.14012924638647,6.63221510242822,7.27956313394642,7.89201164750639,8.44240978221821,8.94439226945138,9.41189324544472,9.91660099772337,12.0489807505826,13.6049793337057,11.7742820731587,10.4893222072479,11.9285469504084,16.4654176755589,,,
Ghana,GHA,"Water productivity, total (constant 2015 US$ GDP per cubic meter of total freshwater withdrawal)",ER.GDP.FWTL.M3.KD,,,,,,,,,,,34.2766621315934,33.5241871552017,30.539050380628,29.4800489974759,29.6683940828913,24.5523736523866,22.4517772898297,21.8254064932612,22.5583683656607,21.000294256408,20.1897590162013,18.677319221783,16.6942227012899,15.3241558545242,16.0371361963762,16.2559627797713,16.5154104674641,16.7341512362846,17.1093758694056,17.4211052115598,17.4587651244996,17.8433980748626,18.0089855583085,18.3607568782411,18.4567570784797,18.7126991287209,19.0745636905209,19.3805542880433,19.7989614855618,20.1802611437301,20.4424716707355,20.6887030780131,21.0537749951681,21.5835965989385,22.2253449107281,22.9654017488201,23.8561729239563,24.3169639848023,25.9414589931534,26.596496563172,28.0764214075737,31.26872887141,33.3399128064765,35.1861175124052,35.5708465334381,34.3675115872601,35.2785723846471,38.1463304493159,40.5114325697285,43.1478253671553,43.3695800216869,45.5712221946338,47.305138755503,,,
Gibraltar,GIB,"Water productivity, total (constant 2015 US$ GDP per cubic meter of total freshwater withdrawal)",ER.GDP.FWTL.M3.KD,,,,,,,,,,,,,,,,,,,,,,,,,,,,,,,,,,,,,,,,,,,,,,,,,,,,,,,,,,,,,,,,,,
Guinea,GIN,"Water productivity, total (constant 2015 US$ GDP per cubic meter of total freshwater withdrawal)",ER.GDP.FWTL.M3.KD,,,,,,,,,,,,,,,,,,,,,,,,,,,,4.13381192177847,4.46984949300573,4.72981277001205,5.02184782928175,5.24613505254853,5.51735570064806,5.90422718381005,6.25581894792076,6.67142594466067,7.10739938287752,7.62705909355164,8.06838312648639,8.55272247876929,8.95581242121885,9.63345135677623,10.054265824734,10.1032974756376,10.2625982089526,10.4919326011083,10.1854140057981,10.45504042997,10.4780717678805,9.98525153377107,10.1001159385399,10.3067453914663,10.5598354325389,10.6292890870258,10.6842462664033,10.7630034520582,11.5830374772844,12.4173522984195,12.8462013750088,13.5677615187455,14.2060692007849,14.9990992630033,15.5949246583573,,,
"Gambia, The",GMB,"Water productivity, total (constant 2015 US$ GDP per cubic meter of total freshwater withdrawal)",ER.GDP.FWTL.M3.KD,,,,,,,,,,,,,,,,,,,,,,,24.9660991438129,23.0834915580428,20.4943060287032,17.7927050263667,16.4669803950737,15.1871284664294,14.4269880757714,14.0063873979394,13.3906808588879,12.8218372344435,12.3724630106886,11.9494807721939,11.2646920031949,10.7333408463884,10.3950880500735,10.3597274351877,10.2121794141579,10.3722745449601,10.6102351747163,10.9568529991318,10.3528757924064,10.811315287343,11.3149781098206,10.807458059608,10.747413878505,11.0744844985173,11.7672937871156,12.551669149458,13.2932639125283,12.2124625046832,12.8525871835455,13.221812296904,13.0357308251011,13.5647304028744,13.8283419008046,14.4952290729011,15.5439429997826,16.5110953963812,16.6087564267395,17.4817074806317,18.4419773631343,,,
Guinea-Bissau,GNB,"Water productivity, total (constant 2015 US$ GDP per cubic meter of total freshwater withdrawal)",ER.GDP.FWTL.M3.KD,,,,,,,,,,,,,,,,,,,,,,,,,,,,,,,,35.0871198811962,12.1966258891966,7.51899716011564,5.55766769483514,4.51966351125555,4.13084641540461,4.39935143212561,3.41188501700742,3.98559420830095,4.0294468308324,4.22229501380981,4.37657497288367,4.36406098600959,4.41520304675317,4.70483026103548,4.83028479202096,4.95393170074153,5.17807606322818,5.30483283115668,5.60218797391155,6.05512720613126,5.95141077391682,6.14519298828701,6.20446495679068,6.58505238169357,6.94279709117471,7.26658689161652,7.53991618558458,7.94160489699918,8.171228314034,8.58392096487722,9.05860085236096,,,
Equatorial Guinea,GNQ,"Water productivity, total (constant 2015 US$ GDP per cubic meter of total freshwater withdrawal)",ER.GDP.FWTL.M3.KD,,,,,,,,,,,,,,,,,,,,,,,,,,,,17.4412950140804,16.9401228194775,15.8768150190766,14.8392525185143,14.0065574786249,18.0368837408006,19.1771646381509,21.4630721793341,24.2299053840212,38.8429477406135,93.5747249397423,111.767324898906,135.701133409686,155.169474916968,246.709904352175,287.021371858679,318.742778234077,428.932752903421,488.633453897991,526.282258919054,606.709313265107,714.69816605555,724.299108809914,659.661382380748,702.697187183203,761.111503808342,729.653254539594,732.681799317692,665.93418590997,607.222649588308,572.808254279413,537.084815079884,507.642763380431,483.321188239772,487.479055215027,503.192983101498,,,
Greece,GRC,"Water productivity, total (constant 2015 US$ GDP per cubic meter of total freshwater withdrawal)",ER.GDP.FWTL.M3.KD,,,,,,,,,,,22.0473737782089,23.7518036423407,26.1382607602159,28.224599187691,26.3804766537088,28.0314583014304,28.9315109016149,28.8009789544484,29.9027717806308,29.9294145008961,29.2284731156737,28.2619212068753,27.452922692099,26.6898243468857,26.7661772444576,26.9817584020766,24.9678105967882,22.6085528727995,21.9623168342172,21.334928188033,20.0491808601449,20.4287449796208,20.3337302889146,20.2188463707378,20.8424520068333,21.5087268545073,20.6172820099654,20.2558171765793,20.6894772763137,20.9767368080896,21.5777042752375,22.3084747534352,23.0745707251236,24.0583380627789,24.98996417004,24.9295604354375,26.5686566450745,27.5344040407455,27.3270184185554,25.9894378994534,24.3155001798645,21.7383911840165,19.9273366391639,19.4941859631513,19.6664573531249,19.6374014612534,19.1895729511981,19.4761022515977,19.9017862512023,20.3690723728023,18.4830942548644,20.1523965037049,21.3498718983749,,,
Grenada,GRD,"Water productivity, total (constant 2015 US$ GDP per cubic meter of total freshwater withdrawal)",ER.GDP.FWTL.M3.KD,,,,,,,,,,,,,,,,,,,,,,,,,,,,,,,,,,,,,,,,,,,,,,89.5749020659748,82.2491799613062,83.6413625843437,81.0499380922805,72.7732599305096,69.7148971988625,67.7348236047872,64.6399935754872,63.9508292974285,66.4282934600034,70.7097452061991,73.3540096351151,76.6099562133781,79.9512537892243,80.4921334064852,69.419134666985,72.6802540329802,77.9933536325408,,,
Greenland,GRL,"Water productivity, total (constant 2015 US$ GDP per cubic meter of total freshwater withdrawal)",ER.GDP.FWTL.M3.KD,,,,,,,,,,,,,,,,,,,,,,,,,,,,,,,,,,,,,,,,,,,,,,,,,,,,,,,,,,,,,,,,,,
Guatemala,GTM,"Water productivity, total (constant 2015 US$ GDP per cubic meter of total freshwater withdrawal)",ER.GDP.FWTL.M3.KD,,,,,,,,,,,,,,,,,,,,,,,,,,,,,,,,,,,,,,,,,,15.6124508354288,15.0965011484366,14.486382716601,14.0373651445162,13.6704795938104,13.625028325656,14.488544292391,14.9657279759528,15.0370992493085,15.4707955709416,16.1149850925646,16.5943589349218,17.2074904534439,17.9721875149291,18.70764012745,19.2085938341506,19.8001899552023,20.4747573764619,21.297412212966,20.9171358963579,22.5992300047898,23.5448988911711,,,
Guam,GUM,"Water productivity, total (constant 2015 US$ GDP per cubic meter of total freshwater withdrawal)",ER.GDP.FWTL.M3.KD,,,,,,,,,,,,,,,,,,,,,,,,,,,,,,,,,,,,,,,,,,,,,,,,,,,,,,,,,,,,,,,,,,
Guyana,GUY,"Water productivity, total (constant 2015 US$ GDP per cubic meter of total freshwater withdrawal)",ER.GDP.FWTL.M3.KD,,,,,,,,,,,,,,,,,,,,,,,,,,,,,,,,,1.39542973022679,1.48659768689441,1.58931928895256,1.64469655294222,1.74976669816123,1.8313301026623,1.77518012308932,1.80230380121838,1.75333440675501,1.81025664311938,1.84823404598224,1.85424716477353,1.90156018828554,1.88278175079471,2.00983258896293,2.18804854957959,2.26181791171285,2.38132784455028,2.52055957954492,2.65153419603076,2.79143790672812,2.89341986188862,2.94221722728023,2.96244216356655,3.07523585328437,3.190080276236,3.33174896225755,3.51009215458685,5.03626799834165,6.04654323576499,9.87609928588774,,,
High income,HIC,"Water productivity, total (constant 2015 US$ GDP per cubic meter of total freshwater withdrawal)",ER.GDP.FWTL.M3.KD,,,,,,,,,,,24.80840067738,25.0416109113374,25.7371197228449,26.9541239137133,27.5027921962761,25.4345097070529,26.0331799859858,26.1657587929467,26.4352223296908,27.0418302400278,20.1812239510255,20.6494053848532,20.7633494586217,21.5280578429436,22.6816070663803,23.6115627381261,24.1958363700575,25.2589022699679,26.6113551083642,27.8244669265786,27.8992352637211,29.2910399871981,27.0630521175175,27.8275724202476,28.9440182653952,29.8308511651306,30.7566043479557,31.9051883343911,32.7198360315821,33.8086491404474,34.9718551608854,35.9635980806912,36.6311579593571,37.4892610092178,38.8216813815803,39.796234064464,41.9469883235177,44.4023548733115,44.3943481598982,44.3968108310696,46.593240506981,47.511510512706,47.8165394519802,48.9781161486886,49.1931767596228,51.1672392514507,52.365528317748,53.5167657209195,54.8159492196477,56.1509114157004,54.1373255090271,57.0735223291999,58.3950395581373,,,
"Hong Kong SAR, China",HKG,"Water productivity, total (constant 2015 US$ GDP per cubic meter of total freshwater withdrawal)",ER.GDP.FWTL.M3.KD,,,,,,,,,,,,,,,,,,,,,,,,,,,,,,,,,,,,,,,,,,,,,,,,,,,,,,,,,,,,,,,,,,
Honduras,HND,"Water productivity, total (constant 2015 US$ GDP per cubic meter of total freshwater withdrawal)",ER.GDP.FWTL.M3.KD,,,,,,,,,,,,,,,,,,,,,,,,,,,,,,,,,,,,,,,,,,,,8.16161064916416,8.67026695129209,9.19487005600614,9.79871956685338,10.4050963918056,10.8453984621765,10.5816787294862,10.9764960136694,11.3975204462888,11.8680884766068,12.1993932585004,12.5724605324381,13.0552530711985,13.5634904435428,14.220358608983,14.7671306537263,15.1451152018464,13.7873431697678,15.5197620470997,16.1628330004832,,,
Heavily indebted poor countries (HIPC),HPC,"Water productivity, total (constant 2015 US$ GDP per cubic meter of total freshwater withdrawal)",ER.GDP.FWTL.M3.KD,,,,,,,,,,,34.2766621315934,33.5241871552017,30.539050380628,29.4800489974759,29.6683940828913,24.5523736523866,22.4517772898297,21.8254064932612,22.5583683656607,21.000294256408,10.3623150635195,8.72663768442131,9.02436398220103,8.1351686688213,1.27353410495755,1.59535403058802,1.66627875998246,4.70152905303664,4.73624607264068,4.71534661142354,4.57902148233366,4.83513264664321,4.51654346960424,4.44666134692455,4.57301230648487,5.10973026025159,5.18460004152052,5.24394987317886,5.28498448445296,5.31713091043332,3.82769140720896,3.86422640782382,3.89722608592972,4.06542062722171,4.24175874148282,4.41100809472656,4.63161034418654,4.85683360922772,5.11389102369117,5.31229643621029,5.63099916146176,5.91568894917223,5.18229963235965,5.46382195435674,5.74700746851913,5.98957314003408,6.23761508532121,6.55880826444995,6.75128291070821,7.0204635696236,7.13310660568664,7.4474857354367,7.81114151534708,,,
Croatia,HRV,"Water productivity, total (constant 2015 US$ GDP per cubic meter of total freshwater withdrawal)",ER.GDP.FWTL.M3.KD,,,,,,,,,,,,,,,,,,,,,,,,,,,,,,,,,,,,,,,,,,,75.4815091517553,74.6578207981198,78.4432933244238,80.6978217420893,82.2603651810082,84.2084366783967,84.2991406916441,75.5157468047942,75.2481760356074,77.2686093479465,76.8885512926757,79.6969985541477,85.9484761111366,82.1447218210574,82.88695955193,80.6239167461237,83.872606719171,86.0500614125224,80.5772505433465,89.800619584188,94.3644636774333,,,
Haiti,HTI,"Water productivity, total (constant 2015 US$ GDP per cubic meter of total freshwater withdrawal)",ER.GDP.FWTL.M3.KD,,,,,,,,,,,,,,,,,,,,,,,,,,,,,,,,11.5971838593734,10.189290925277,8.98807719183693,7.41507721697873,7.66577546927271,7.91044658771973,8.05103210041071,8.15306447354186,8.29975058694734,8.29835250537096,8.19783032546062,8.21247757326969,8.4255341966605,8.24387594887251,8.42557684398602,8.50298976764656,8.82944261671574,8.98967279733639,9.44163822260137,8.9080429494069,9.36219400156784,9.40923194894237,9.81616091758821,10.0997274755788,10.2411236611052,10.4267407583399,10.6884802438605,10.8667438882742,10.6794993505124,10.326487915349,10.1407928904899,9.97022637974444,,,
Hungary,HUN,"Water productivity, total (constant 2015 US$ GDP per cubic meter of total freshwater withdrawal)",ER.GDP.FWTL.M3.KD,,,,,,,,,,,16.5649177378022,16.5008200954662,16.4849101551002,16.6499819084488,16.7102724864457,16.864408464591,16.7621230799187,17.3322937021975,17.4153816154471,17.2382354765227,16.6693712662554,16.110847736039,15.6242310624763,14.8886002050224,14.5023435433188,13.7615517796756,13.729866894141,14.041974786722,13.7970468648806,13.6690003909756,12.9766255011322,11.250565309916,10.7341382436467,11.1106850850833,11.9281062443832,12.6475582808551,13.2535070361174,13.7436830317729,14.3731302059248,14.9218441391824,15.6911608907921,16.4460884021342,17.3488930540068,18.2050063662815,19.2934068634349,20.3196579808956,21.3273639471835,21.6114488184878,22.0457993469709,17.6097832941535,21.0193568483403,22.0167294832296,22.4701055816703,22.0577038244165,30.7984334042136,31.0779470529254,32.4067647796393,28.2041758422159,28.6835350728133,33.2151482279155,31.6441061914649,34.0246384992828,33.7321801607904,,,
IBRD only,IBD,"Water productivity, total (constant 2015 US$ GDP per cubic meter of total freshwater withdrawal)",ER.GDP.FWTL.M3.KD,,,74.2196463363108,67.0956763536007,67.2512892469662,29.2612333090846,26.7694854861411,23.5927228129615,21.9685282395396,21.3384465431676,16.0795533967449,14.866116445444,15.4627170635462,15.498616106867,15.0258064422054,1.35401978854276,1.83270413002978,1.86710958942516,1.80765525673098,1.78160790662566,1.84332035670439,1.86173147171701,1.90761962785938,1.92903296373073,1.95015446799115,2.01621413463199,2.05422339244654,2.81209759616091,2.91029745888862,2.96235460269449,3.31549462321383,3.35623081504179,3.92514469233742,3.99512660149136,4.04396922462366,4.14227668151552,4.3231262367222,4.52036548937129,4.60202215777813,4.72182210436819,5.02049350026823,5.16998713169353,5.32719241291015,5.5563092634169,6.02583743256873,6.39536762952275,6.71838079505514,7.20052865104497,7.56398857254599,7.6731461592849,8.17881107483501,8.66719512917545,9.08740312476367,9.53646324815765,10.0006757336354,10.4355472029191,10.7285919214228,11.1689033908763,11.7359317748937,12.0991307919699,12.1197693876253,13.1224800252516,13.570178123846,,,
IDA & IBRD total,IBT,"Water productivity, total (constant 2015 US$ GDP per cubic meter of total freshwater withdrawal)",ER.GDP.FWTL.M3.KD,,,74.2196463363108,67.0956763536007,67.2512892469662,29.2612333090846,26.7694854861411,23.5927228129615,21.9685282395396,21.3384465431676,16.8053088634366,15.6285803230753,16.0922750048198,16.0938534334511,15.6357573689852,1.13603640706047,1.52725541255286,1.5613989548218,1.52594693869308,1.51136782153521,1.6796918646331,1.70165246457093,1.75014555574057,1.77413026310487,1.78522324645394,1.8532564559767,1.89014544743075,2.64589625183422,2.74232728890454,2.79009473951592,3.13707527835943,3.18324190355976,3.701355964084,3.76288432639501,3.69734040499605,3.7955337265762,3.95718163282949,4.12837438325365,4.20338092853429,4.3098688205199,4.53028419200103,4.66564694490951,4.81679782114369,5.03636998856897,5.44978103177258,5.78255377822838,6.09816886398782,6.54423088786173,6.83538993936336,6.96043322644796,7.41739166516096,7.86825320858109,8.17352541929615,8.59239748512388,8.97685012837683,9.33694277140762,9.6104953977683,10.0035100728034,10.5268587696055,10.9288791463766,10.8806928680896,11.7911684177274,12.2255406189244,,,
IDA total,IDA,"Water productivity, total (constant 2015 US$ GDP per cubic meter of total freshwater withdrawal)",ER.GDP.FWTL.M3.KD,,,,,,,,,,,34.2766621315934,33.5241871552017,30.539050380628,29.4800489974759,29.6683940828913,0.394666516962969,0.410945813360585,0.42127693080579,0.4544602864989,0.463643602798027,0.519704347044924,0.549893184123921,0.602555279168533,0.629317306816413,0.620467525870367,0.691033822264899,0.715566514931799,1.64572936924696,1.73419668795196,1.75761107036413,2.04129046268361,2.1136356559026,2.15828777249822,2.1366653122826,1.80380479758266,1.89682185800206,1.95754784651938,1.99206922977478,2.04371542206854,2.07514244511846,2.04750731574272,2.10755656237109,2.23087117570605,2.36675028009681,2.52211695124898,2.6654601704547,2.82477120367549,2.97517757241175,3.14309593629939,3.3059140113101,3.48941458173271,3.68824074050811,3.69766614559242,3.92438758689945,4.03868204255734,4.11573583405421,4.2214784008407,4.36453792957871,4.61500016090304,4.91878668867497,4.73560042736487,5.05699306276209,5.33872207448785,,,
IDA blend,IDB,"Water productivity, total (constant 2015 US$ GDP per cubic meter of total freshwater withdrawal)",ER.GDP.FWTL.M3.KD,,,,,,,,,,,,,,,,0.289915693122733,0.304587250364074,0.316323976494386,0.341473385759304,0.353986341324567,0.39285894275922,0.423858618311866,0.450816310100556,0.480577705528545,0.504464498376859,0.54198767795325,0.571633093314953,1.73367501631751,1.82526877389991,1.87212087277307,2.14504026225375,2.17814711305217,2.22925376820192,2.18505525873285,1.78606602459325,1.81210997150915,1.87882157491014,1.90811774250276,1.94385106899544,1.96398102876631,2.05660408562059,2.12135934914204,2.24970557477822,2.34611669842573,2.50695468367241,2.65525475608972,2.78752375692721,2.92446614223654,3.0235812792132,3.20159181348446,3.35819126199005,3.57759024574115,3.6180352016633,3.88665902876535,3.93579848212312,3.98784842398658,4.03320329017172,4.07981649457966,4.38801537884043,4.83985959191016,4.50050468743208,4.93329530047608,5.26222661761197,,,
Indonesia,IDN,"Water productivity, total (constant 2015 US$ GDP per cubic meter of total freshwater withdrawal)",ER.GDP.FWTL.M3.KD,,,,,,,,,,,,,,,,,,,,,,,,,,,,,,,3.63148857016436,3.68919871067562,3.74257326182042,3.80523962934556,3.91491083596072,4.06079608280062,4.20376891227257,4.23261713826823,3.54126017232058,3.44219249631836,3.48735219032009,3.40871288453491,3.37028104380423,3.35095557935263,3.34844819472053,3.37499757203522,3.40290312975859,3.46529162298027,3.52417280030405,3.54310530671229,3.621980591808,3.7059760748531,3.7919169897573,3.86728811296347,3.92807632033253,3.98913567790136,4.06127348251797,4.2671713529499,4.4879672392437,4.71323122598626,4.61587887746929,4.7867995930418,5.04084448828891,,,
IDA only,IDX,"Water productivity, total (constant 2015 US$ GDP per cubic meter of total freshwater withdrawal)",ER.GDP.FWTL.M3.KD,,,,,,,,,,,34.2766621315934,33.5241871552017,30.539050380628,29.4800489974759,29.6683940828913,4.67459485795473,4.2077277028713,3.74843634631584,3.67626923305936,3.30538174698227,3.23938750823717,3.0076538205612,3.23396269908178,3.01534382944197,1.29513886290821,1.52893535987562,1.51438258470659,1.41232748649515,1.49791579663178,1.46486182685518,1.82085982753665,1.98046710634307,2.0181777818313,2.04174434463843,1.83949853742666,2.06538608651347,2.11263839482905,2.15591617260189,2.23471331355506,2.28692733924448,2.03355829447736,2.08634449198219,2.20300592509288,2.3973116850388,2.54469766776085,2.68032995368613,2.87863108036799,3.04868153950074,3.2873649318301,3.43140896673656,3.64832188441547,3.81884049498358,3.78372160076583,3.9643655472438,4.15216597388613,4.25982567522391,4.4379134111483,4.69878657867345,4.86896402021958,5.00212333501775,4.99375432486131,5.18622792622721,5.41724109433208,,,
Isle of Man,IMN,"Water productivity, total (constant 2015 US$ GDP per cubic meter of total freshwater withdrawal)",ER.GDP.FWTL.M3.KD,,,,,,,,,,,,,,,,,,,,,,,,,,,,,,,,,,,,,,,,,,,,,,,,,,,,,,,,,,,,,,,,,,
India,IND,"Water productivity, total (constant 2015 US$ GDP per cubic meter of total freshwater withdrawal)",ER.GDP.FWTL.M3.KD,,,,,,,,,,,,,,,,0.611566834177345,0.603212840629959,0.628255335908874,0.64546900670193,0.594928877205736,0.618096838579577,0.638229684053406,0.643719787420916,0.673613116119545,0.682523486924355,0.701506801810269,0.734039354958458,0.762135267356152,0.834406201289642,0.8828627393026,0.930485683297021,0.920005714324205,0.94992297063815,0.974445960531279,1.01824750881936,1.07359344840162,1.13213257026505,1.15545407493961,1.20388908076856,1.2862452608707,1.31149268573059,1.34165682395324,1.3599479091254,1.43314859805174,1.62174951254254,1.73992334545093,1.86914817839509,2.00060817695817,2.05040699357444,2.19886259975896,2.37204313781026,2.49636941904852,2.63258100927308,2.80070043361641,3.00823871028409,3.24878511203852,3.51701473598511,3.7560093721973,3.99841663358234,4.15321281217809,3.91325160940007,4.29242974353477,4.61905638913121,,,
Not classified,INX,"Water productivity, total (constant 2015 US$ GDP per cubic meter of total freshwater withdrawal)",ER.GDP.FWTL.M3.KD,,,,,,,,,,,,,,,,,,,,,,,,,,,,,,,,,,,,,,,,,,,,,,,,,,,,,,,,,,,,,,,,,,
Ireland,IRL,"Water productivity, total (constant 2015 US$ GDP per cubic meter of total freshwater withdrawal)",ER.GDP.FWTL.M3.KD,,,,,,,,,,,,,,,,,,,,,53.9726210499505,55.3754854153649,56.2447699310258,55.7185947538218,57.7446765900253,59.1196330959145,58.4668260254643,60.7806137374415,63.5235049467053,66.7695554811287,71.9440150680783,72.8508424738843,74.7954069712447,76.3116290627655,80.1843994309832,90.5486033298597,100.239779495782,114.842023043183,129.029864395448,147.481862734087,167.049165063364,182.353110065843,200.449774198651,214.648516119603,238.647002378036,263.169031803902,288.764053423462,318.469510043586,298.665839332385,278.391619013709,257.731220820478,240.357091508638,221.205291225159,210.101519087195,214.670154542258,250.984260708343,239.255593496788,248.941816501587,254.096664561102,247.482055567421,264.155650950818,299.915479848132,304.71109892764,,,
"Iran, Islamic Rep.",IRN,"Water productivity, total (constant 2015 US$ GDP per cubic meter of total freshwater withdrawal)",ER.GDP.FWTL.M3.KD,,,,,,,,,,,,,,,,4.85870592611292,5.57365275643154,5.26131862285001,4.45600941081144,3.81252289029334,2.90896435167072,2.67171411400295,3.20715400949995,3.47442560858073,3.14833037843677,3.13140017065918,2.75982777915918,2.69295599096804,2.47339990463772,2.56843522922856,2.85599350818035,3.15270976986544,3.19069852685488,3.08132902250297,2.77246072066466,2.61735415030445,2.74716044020485,2.74830981514529,2.76971449913263,2.78962501752653,2.91599192739171,2.94742138729134,3.14516607314374,3.37412383168772,3.482545260348,3.59363163140424,3.77330585543818,4.08104813535989,4.09128571205867,4.13250072936329,4.37210057196891,4.48777402019722,4.31960943567674,4.25386587833104,4.46591152402173,4.40227742331013,4.79034199241894,4.93533868353694,4.75036415605937,4.6381873758333,4.84420678406263,5.04431596952966,5.26388550363147,,,
Iraq,IRQ,"Water productivity, total (constant 2015 US$ GDP per cubic meter of total freshwater withdrawal)",ER.GDP.FWTL.M3.KD,,,,,,,,,,,,,,,,0.464979647071519,0.544209765974622,0.553908417056288,0.647639645258525,0.781894314657695,0.974318488539729,0.966152621569461,0.99823017951139,0.866774415972339,0.852962940998981,0.864414810501179,0.896806166072602,0.971894303722944,0.963490112954951,0.925614057631065,1.44863355822144,0.494045630036743,0.623030755824678,0.773899044531792,0.76792562788164,0.750761744701346,0.799409138720806,0.931219269321049,1.20961670220758,1.37044701052645,1.54435828452582,1.61715867247938,1.52876767580896,0.998140862697628,1.57956366176634,1.65863289526436,1.81148984299721,1.91039796794826,2.14269556534109,2.29860364574136,2.54157999282189,2.84481788101216,3.37943228920152,3.79869649723575,4.06515622448977,4.77808001831027,4.92775572340759,4.3265580980132,5.69722975686385,3.56362623590371,3.94048196424443,4.24633795715064,4.58430603552253,,,
Iceland,ISL,"Water productivity, total (constant 2015 US$ GDP per cubic meter of total freshwater withdrawal)",ER.GDP.FWTL.M3.KD,,,,,,,,,,,,,,,,,,,,,67.1676905951791,69.5174532338862,70.4968933052843,68.4805332132112,70.7951669489378,72.6040085422974,70.2564830355487,70.0003645326334,64.6319483229059,60.229823945693,56.9205080845379,56.7932762348997,54.8771311998889,55.7648753096914,57.9513785979212,58.194224241844,60.9958763393578,63.7147114419649,68.3892907849015,71.2723907493018,74.9977823451477,77.4035333769208,77.3516262080724,79.1163027842376,85.1470261952495,82.9122619523091,80.3658111359175,80.7129644747233,76.2576188945612,65.2778315667479,59.8597353655451,57.3049885115596,54.9530630448858,57.4968468665509,61.9377410247688,63.3291125480882,72.3119951895413,67.0908632476088,70.2178142933916,71.0170420957353,66.2973360031017,69.7319172117353,75.8827562187976,,,
Israel,ISR,"Water productivity, total (constant 2015 US$ GDP per cubic meter of total freshwater withdrawal)",ER.GDP.FWTL.M3.KD,,,,,,,,,,,28.0033564635094,30.8268524548255,34.337275520845,36.0121292693156,38.0882853095606,39.0625758266068,38.930317832296,39.0758695079718,40.9783059075245,43.2805066373963,43.7605018998255,45.2488644147819,45.3563919147472,46.2826356808502,46.1268243942025,47.392677846491,49.7003202747147,55.3994526778228,58.0730627654155,59.5149214753501,66.3706571946167,71.9745771230331,78.0791372660225,81.8420324872634,88.5184535504778,94.2647343679197,98.7255731029195,101.232879115179,104.31558433678,106.662227395015,114.653176645699,117.517532489211,120.0173957808,109.262316352882,138.594808196211,146.031053801336,155.669124943567,167.092366534441,174.138309744438,178.009058322619,189.706580243944,206.145076658137,217.680734828217,233.873830755549,250.698994971407,264.807534094499,264.38991780593,275.423343787834,309.377400467744,306.523026938018,273.965379939818,249.934435491208,,,,
Italy,ITA,"Water productivity, total (constant 2015 US$ GDP per cubic meter of total freshwater withdrawal)",ER.GDP.FWTL.M3.KD,,,,,,,,,,,20.4590321749395,20.566077034113,21.0572651730801,22.2780098181246,23.2154086054859,22.455086887163,23.7685237767662,24.0901252140159,24.5812834820726,25.7465344531057,26.3268291197412,26.8763806853948,27.3243885418669,27.9932705009656,29.2662018473014,30.4752173096295,31.7600827215049,33.2504373186189,35.1278664170228,36.8313796345669,38.1012127262144,38.222489292266,38.0837332785719,37.3158676809112,37.6764239342205,38.3196315361106,38.3950366957267,38.6957811060165,38.957345196385,39.6645663877899,41.2155115209933,43.6556394598905,45.5200806785445,47.4434113702684,50.2302651553262,52.9751431636384,56.4404606544831,60.0636087450259,37.0891790168634,55.9985122117838,56.6733895343486,56.8860332680026,54.933497221503,53.8276240958684,53.84542412598,54.3410397193756,55.1617734124495,56.1985717076572,56.8173976228835,56.7914833824246,51.7964098183047,56.5341838973293,59.2038751123215,,,
Jamaica,JAM,"Water productivity, total (constant 2015 US$ GDP per cubic meter of total freshwater withdrawal)",ER.GDP.FWTL.M3.KD,,,,,,,,,,,,,,,,,,,,,,,,,,,,,,,,,,14.3253412414115,14.0737210787355,13.9717405883608,13.5488455895551,13.0147671638946,12.3606624542522,12.1552076256874,11.9417681284491,11.7943429983689,11.7313210622688,11.8668856362967,11.7396430630076,11.5709565401092,11.6375794828717,11.5435829819651,11.2025239401079,10.4891400887167,10.1222477969051,10.0884825873435,9.82719753486174,9.68547585224263,9.56578153266741,18.0284215850496,11.3901114666521,11.7735013114034,12.1976458018447,12.5514014239391,12.5911552548376,11.8730486992666,12.637590308437,,,
Jordan,JOR,"Water productivity, total (constant 2015 US$ GDP per cubic meter of total freshwater withdrawal)",ER.GDP.FWTL.M3.KD,,,,,,,,,,,,,,,,,12.2499135130647,12.8065428241219,14.1943995914636,16.5913353459964,17.8677788570203,20.2997829708259,21.0841113052053,20.0244516246452,20.3012273264596,19.2156122808458,18.6855430913865,17.7309629077761,16.7720354062292,14.0229791831716,13.8905023856809,13.3079452434553,14.3955344232404,15.4254490338413,16.5913394847146,18.0653206524366,18.9203708488654,20.0664667895146,21.2325847806394,22.7694115737442,24.6538390340047,27.71683885576,27.7100859792111,28.6863092506345,28.833397693658,28.8992294604112,29.5075110266832,31.4063598378386,33.8191670032619,38.1933227596012,37.7646431000601,43.5262664301713,41.8004776347695,40.4160260156208,38.8194947891048,44.4448489833264,43.5552377250436,44.4702114707779,44.5330408989562,44.4065092823388,43.197649830746,46.3199621886602,46.3324063708735,,,
Japan,JPN,"Water productivity, total (constant 2015 US$ GDP per cubic meter of total freshwater withdrawal)",ER.GDP.FWTL.M3.KD,,,,,,,,,,,,,,,,,,,,,25.6053323213539,26.6118977399221,27.3980995715128,28.3035250446156,29.4594291443439,30.8827816804266,31.8008141282397,33.1759587435731,35.2765934824865,36.9001335154151,38.5675449441504,39.8381281367718,40.1082135651787,40.2943487952247,41.1122323682483,42.6118444772842,43.8608461507567,44.2043174204783,43.4463044406477,43.1071633895306,44.1012781467236,45.7780788585976,47.4106328687649,48.3330368507603,49.5901123318527,50.6904075924197,51.5963265659194,52.5771432314869,52.4173974019087,49.8981350373516,52.0823423382264,52.2349494319039,53.0959510846553,54.3071334466133,54.615781269676,55.6190399453462,56.1911885577223,57.4207618825991,57.9363212576303,58.2185274246987,54.8815090567629,56.3614295837752,56.8923535602992,,,
Kazakhstan,KAZ,"Water productivity, total (constant 2015 US$ GDP per cubic meter of total freshwater withdrawal)",ER.GDP.FWTL.M3.KD,,,,,,,,,,,,,,,,,,,,,,,,,,,,,,,,,,2.19465037845525,1.95242594863122,1.8249625391741,1.9914108587145,2.21528669300524,2.39820992079396,2.7474318669909,3.15154658186141,3.6051613041642,3.70556060015494,3.92514176912602,4.17983277211481,4.37165948029438,5.64793462749387,5.72630990019809,6.59349785158078,5.72482198890774,6.66300647252633,7.35640008688879,7.30139102816688,7.56797001272066,7.89368256363679,8.51442578066318,8.61803324655134,8.64331734029716,8.58109808465113,8.97716195826721,8.37214834668292,8.75637009352974,8.87405604426414,,,
Kenya,KEN,"Water productivity, total (constant 2015 US$ GDP per cubic meter of total freshwater withdrawal)",ER.GDP.FWTL.M3.KD,,,,,,,,,,,,,,,,,,,,,,,,,,,,,,,14.8521031499814,15.4341258860243,15.6945042675771,16.1548689628766,17.0177187637832,18.2491238770965,19.535367633697,20.1906289517541,21.4702200844755,22.6329235205399,23.4825092589014,20.9650352813829,18.4954296364915,16.9587525599908,16.8904131665484,16.9974386267939,17.2392657251518,17.5862043629725,16.8634701674303,16.6978050667462,17.3240925997844,18.209014370897,19.0385596842237,19.7591598480605,20.7485135099449,21.7765363033652,18.1237559263629,18.8193380983106,19.8822442282727,20.8990537825781,20.8420482011059,22.4240616758382,23.5138668223276,,,
Kyrgyz Republic,KGZ,"Water productivity, total (constant 2015 US$ GDP per cubic meter of total freshwater withdrawal)",ER.GDP.FWTL.M3.KD,,,,,,,,,,,,,,,,,,,,,,,,,,,,,,,,,,,0.289269259221942,0.272235778821684,0.290097152481744,0.317309777009277,0.322473747385342,0.332652205173385,0.349077701705265,0.38266872816024,0.398892588594381,0.445922037576929,0.499467816577105,0.52292845336986,0.566822171471362,0.615245079777528,0.666935609138426,0.686185335446248,0.682949514612201,0.723627861012091,0.722989981606482,0.801907732195575,0.834176809122758,0.866508046148064,0.904078586580725,0.946931344038279,0.982516172992798,1.02771806413243,0.954246730169947,1.00679717037812,1.0970817589894,,,
Cambodia,KHM,"Water productivity, total (constant 2015 US$ GDP per cubic meter of total freshwater withdrawal)",ER.GDP.FWTL.M3.KD,,,,,,,,,,,,,,,,,,,,,,,,,,,,,,,,,,,,,,,,,,,,,,,5.91439975004466,6.52940612999059,7.01756843422478,7.30351880442575,7.67431249681359,8.23351341295926,8.86339831449262,9.55983981537624,10.3246576634279,11.068759326499,11.9438002235977,12.9082667682911,14.0411251437038,15.1555622448768,14.6166725939048,15.0683048057111,15.8412939408569,,,
Kiribati,KIR,"Water productivity, total (constant 2015 US$ GDP per cubic meter of total freshwater withdrawal)",ER.GDP.FWTL.M3.KD,,,,,,,,,,,,,,,,,,,,,,,,,,,,,,,,,,,,,,,,,,,,,,,,,,,,,,,,,,,,,,,,,,
St. Kitts and Nevis,KNA,"Water productivity, total (constant 2015 US$ GDP per cubic meter of total freshwater withdrawal)",ER.GDP.FWTL.M3.KD,,,,,,,,,,,,,,,,,,,,,,,,,,,,,,,,,,,,,,,,,,,,,,,,,,,,,68.5081766795673,72.4318323785299,77.9199677078969,78.4608378870674,81.546469763697,81.7266394695756,83.364053530015,85.8134949822799,72.6824090836997,72.9495946194715,80.5950726194285,,,
"Korea, Rep.",KOR,"Water productivity, total (constant 2015 US$ GDP per cubic meter of total freshwater withdrawal)",ER.GDP.FWTL.M3.KD,,,,,,,,,,,,,,,,,,,,,,,,,,,,,,,20.1583132227106,21.6193203440829,22.2641141316326,23.0899611317192,24.5015649356033,26.1091821948622,27.4026712085544,28.3276938406978,26.1618527554785,28.3926997650881,30.1700860595175,30.7670548822229,32.3022751824285,33.2844509182172,34.9982009618074,36.5114130298115,38.4264386534717,40.6712971324076,41.893227420493,42.2366939706429,45.1855169253831,46.8519732762014,48.0456048380907,49.6269759319718,51.222324499543,52.7181662888498,54.3901374248399,56.2574551433225,58.0442569982962,59.3872862391085,58.9714313296224,61.6917645591932,63.3744472701223,,,
Kuwait,KWT,"Water productivity, total (constant 2015 US$ GDP per cubic meter of total freshwater withdrawal)",ER.GDP.FWTL.M3.KD,,,,,,,,,,,,,,,,,,,,,,,,,,,,,,,,,,159.719578357062,205.241163321364,201.193633229978,190.032558058872,183.510033621052,179.864493001384,163.997415398965,160.223175768654,153.994222174027,152.399438863642,170.438644650783,179.494233625498,190.042890841532,195.941262391713,199.496383547814,196.691667042461,176.096714458033,165.863081066288,175.643117364275,181.115150487592,177.357847377691,172.740390437175,168.557745937792,164.948833500112,145.930262483055,149.933611809976,153.327834501737,145.94154829931,148.381881503464,158.410518940181,,,
Latin America & Caribbean (excluding high income),LAC,"Water productivity, total (constant 2015 US$ GDP per cubic meter of total freshwater withdrawal)",ER.GDP.FWTL.M3.KD,,,,,,,,,,,,,,,,,9.12714032684922,9.74183715630863,9.2855496771951,10.2157828006851,10.0957200086225,10.4731059672444,10.3645308754318,10.0924436337387,10.3034808089188,10.1871243093681,10.025763248037,14.7891544505282,14.488343947683,14.4077133005289,13.986916267368,14.1169455066532,14.1414261236702,14.4793034155856,14.9120633121582,14.3020086879734,14.5788240667673,15.217956352332,15.4335553774716,15.4040467369762,15.2788550258217,15.0822989314482,14.6725762779718,14.6214677406407,15.1920878729922,15.5478921149616,16.1210739345307,16.4151819598368,16.0731967993666,15.038276066099,15.4385567256388,16.026432707996,16.164489492419,16.6134609510687,16.5943209257995,16.5208139173668,16.0533082369689,16.1448301782205,16.1421839619573,16.0688641579367,15.0836411035381,16.8320921970437,17.3392557681684,,,
Lao PDR,LAO,"Water productivity, total (constant 2015 US$ GDP per cubic meter of total freshwater withdrawal)",ER.GDP.FWTL.M3.KD,,,,,,,,,,,,,,,,,,,,,,,,,,,,,,,,,,,,,,,,,,,,,,1.93020690238267,1.85589000806672,1.79124431095931,1.75108435972116,1.7217024906792,1.72150883284686,1.72424329658181,1.73601621810304,1.75598702648169,1.77657253848051,1.83775543001896,2.01560328712776,2.25460313432863,2.39546983649065,2.51589718036879,2.52855294397142,2.59248363773877,2.6626732274403,,,
Lebanon,LBN,"Water productivity, total (constant 2015 US$ GDP per cubic meter of total freshwater withdrawal)",ER.GDP.FWTL.M3.KD,,,,,,,,,,,,,,,,,,,,,,,,,,,,,12.1146198660737,6.7989440201111,8.39474951848779,12.2696536111345,13.953924706454,15.1094948483629,15.9732316492372,16.7014637507353,18.262172226315,18.1384376829222,18.4864070051538,18.0844271026768,20.3779173819632,21.5796828668929,22.7695977525581,23.9893875974893,26.1309343375299,28.5856962254569,27.2485311071537,28.0645539993585,28.9377632313866,30.2465584633564,31.050531831884,29.8499313866718,29.2430735470227,29.0597575283213,28.5564045090113,27.5548222057483,27.9831755313801,28.2358715715802,27.7037084747245,25.7880178866914,20.2694079265309,18.8502983096912,18.7331099691925,,,
Liberia,LBR,"Water productivity, total (constant 2015 US$ GDP per cubic meter of total freshwater withdrawal)",ER.GDP.FWTL.M3.KD,,,,,,,,,,,,,,,,,,,,,,,,,,,,36.6708741476724,35.9050955979601,26.3173114596544,12.8812679625714,11.0436596225063,7.16553124513819,4.80040196070103,3.75394989020552,3.5921038894854,4.02561170616538,8.30011194543498,10.8023309348942,13.1447237926865,16.8982553791299,16.9992407515971,17.2496416766325,11.7895245570882,11.8426729572214,12.2100309152701,13.1921948096357,14.4501069111345,15.4826669186865,16.303331949643,17.297806706875,18.7163597429093,20.2125108117198,21.9684298008542,22.1225148517189,22.1184078135709,21.7744757252227,22.3090730550661,22.5673173347168,22.0105144477606,21.3540527744446,22.4189180649012,23.4968432240894,,,
Libya,LBY,"Water productivity, total (constant 2015 US$ GDP per cubic meter of total freshwater withdrawal)",ER.GDP.FWTL.M3.KD,,,,,,,,,,,,,,,,35.9375527867555,42.2587628010189,44.1007379847617,43.751958072592,45.8533330344085,44.4716059232353,29.3652105513439,25.5218034974707,21.5578841559917,18.0535551442435,17.4912813534724,14.0243581854647,10.9193782514029,10.8047981205152,10.7226711483116,10.3528719744251,12.0750991357487,11.8479960984073,11.5004274324153,11.8248747531096,11.6783874274523,12.0485731255869,12.806492533779,12.5304836144902,12.7570029192096,13.3657540630089,12.7867241733133,12.3413303477407,13.6010203760716,13.863284349077,15.1417479835032,15.7424384501839,16.334625197893,15.9378384535662,14.8982433402833,15.3073417477637,7.44024366001377,13.6110058023832,11.161302208158,8.58942501243119,8.51704568554287,8.39006154944111,11.1161437513917,11.998917617748,10.6555088559215,7.5168971045014,9.64415510711905,8.84370777479017,,,
St. Lucia,LCA,"Water productivity, total (constant 2015 US$ GDP per cubic meter of total freshwater withdrawal)",ER.GDP.FWTL.M3.KD,,,,,,,,,,,,,,,,,,,,,,,,,,,,,,,,,,,,,,,,,,,,,,,,39.6809972974685,41.6449376028343,40.4668441510953,40.6003922418037,42.3571479928428,42.3110819901719,41.541538169787,42.0932472759149,42.1361478028145,43.5805210764294,45.0534669339794,46.3540609659853,46.0294330954462,34.8159850818437,38.8542158440002,46.7759855654927,,,
Latin America & Caribbean,LCN,"Water productivity, total (constant 2015 US$ GDP per cubic meter of total freshwater withdrawal)",ER.GDP.FWTL.M3.KD,,,74.2196463363108,67.0956763536007,67.2512892469662,29.2612333090846,26.7694854861411,23.5927228129615,21.9685282395396,21.3384465431676,14.777942643855,14.2591759680724,13.7174022457669,13.8187989276976,13.5151896385987,13.4337908621312,10.0431399286923,10.5945648742231,10.2422522711195,10.9652720617175,10.348203883149,10.6563354419771,10.5171788103416,10.1396120244259,10.3385431179429,10.2155183434601,10.1075765326221,14.5339902500106,14.2731766087289,14.1004338433172,14.1079813140536,14.2641754038441,13.0469146851647,13.3027522383438,13.6175856482652,13.1640482927107,13.3732694193768,13.9414275707277,14.1003387068598,13.9924511673823,14.0062282290013,13.74757973215,13.2629624775382,13.109748043085,13.559667263204,13.7798484371176,14.183243577515,14.4449876139558,14.3588516712853,13.563395070203,14.0415345595454,14.5903181041368,14.8494653972115,15.248407029149,15.2496478706257,15.1776367412108,14.7981985727896,14.8765283100019,14.842857822097,14.7574538659816,13.8015588692637,15.2764452336613,15.7783638631828,,,
Least developed countries: UN classification,LDC,"Water productivity, total (constant 2015 US$ GDP per cubic meter of total freshwater withdrawal)",ER.GDP.FWTL.M3.KD,,,,,,,,,,,,,,,,,,,,,3.26322085196005,2.70921467838582,5.7965394953678,5.37125109220415,0.767553600594775,1.08585506991733,1.12725829147047,1.81394829497911,1.90520643251445,1.8951040743877,2.18232094876427,2.37652223500021,2.37107827623338,2.25846631589725,2.44764018950793,2.83420789107045,2.92711714721984,2.9851413297307,3.04797700524655,3.11052536570824,2.47938133215927,2.55558383685169,2.71472938601448,2.82325401815205,2.97214200646007,3.13647575214056,3.37044090490129,3.59725964484168,3.77228332632765,3.93496608913706,4.17209048551385,4.32261521044305,4.22813891971766,4.46426066543738,4.68503640352857,4.78963322541454,4.92735872292599,5.16660708233376,5.37393178562565,5.54044031727254,5.54689112354505,5.7174586486447,5.9994742679498,,,
Low income,LIC,"Water productivity, total (constant 2015 US$ GDP per cubic meter of total freshwater withdrawal)",ER.GDP.FWTL.M3.KD,,,,,,,,,,,,,,,,2.21268632464458,2.14712699102865,1.8567817682311,1.82368592052894,1.66257212084872,1.73644049737193,1.71992820874773,2.32795437269702,2.24702144991401,0.903401499510099,1.02016472210399,0.983234633366615,1.7343089312756,1.9096554692522,1.80378244906867,2.30389441084792,2.36190845021492,2.36059596394917,2.34940479650866,2.41514786375599,2.969210276289,3.03266103018853,3.07045405919998,3.13789006010798,3.18181534248158,2.35445382289055,2.39671087989262,2.47571287737362,2.67251005800965,2.82833038161662,2.9868461439257,3.12634166615816,3.29336300706269,3.45855506567956,3.61469291076747,3.87004699379606,3.90176663215019,3.43156474885037,3.51478922814302,3.61471131159983,3.52131048782664,3.45791268090026,3.53643910023994,3.61455051648345,3.45279679308753,3.42979815906681,3.48892607992027,3.61936728203202,,,
Liechtenstein,LIE,"Water productivity, total (constant 2015 US$ GDP per cubic meter of total freshwater withdrawal)",ER.GDP.FWTL.M3.KD,,,,,,,,,,,,,,,,,,,,,,,,,,,,,,,,,,,,,,,,,,,,,,,,,,,,,,,,,,,,,,,,,,
Sri Lanka,LKA,"Water productivity, total (constant 2015 US$ GDP per cubic meter of total freshwater withdrawal)",ER.GDP.FWTL.M3.KD,,,,,,,,,,,,,,,,,,,,,,,,,,,,,,,2.32437831673162,2.35321386576438,2.38030721934882,2.46775963875842,2.5296126700064,2.59278960800941,2.61683810476018,2.70947776264354,2.76239528275433,2.8075738507912,2.901881238852,2.8598752905556,2.97621850210285,3.15615430282317,3.33132685237465,3.54279203284967,3.81446366737676,4.07372613021807,4.31611642574131,4.46885999016108,4.82708234880802,5.24556543300987,5.69837215541693,5.92925574010965,6.30742241997894,6.57270979855141,6.90486989687481,7.35097153306547,7.52078516907405,7.50420304961304,7.15717005113953,7.45830629875669,6.91018097335529,,,
Lower middle income,LMC,"Water productivity, total (constant 2015 US$ GDP per cubic meter of total freshwater withdrawal)",ER.GDP.FWTL.M3.KD,,,,,,,,,,,34.2766621315934,33.5241871552017,30.539050380628,29.4800489974759,29.6683940828913,0.60303066634046,0.622799725873036,0.651415423581312,0.679119172871146,0.655700959164973,0.693932556352505,0.721595524870856,0.742139587153504,0.772490189880275,0.79660350680584,0.833150595957576,0.870749680268448,1.15957532304337,1.25158653255094,1.29220344691594,1.40273520095821,1.42208311280748,1.46109593959474,1.46626701478262,1.4314520165574,1.47764750250628,1.5450430171864,1.57540429000356,1.62786040298088,1.68892119871572,1.75841695198212,1.79865526798973,1.84703824843616,1.93692120368917,2.12529542463336,2.25520860303127,2.40685344222842,2.55214275255479,2.67730133250995,2.82738715144744,2.99901739397601,3.15764203570023,3.29578009088455,3.49175482100287,3.70619142301777,3.89785874038232,4.1136606617717,4.25727918213162,4.51114370602846,4.77848576549786,4.55373663574422,4.8920818152917,5.19642792111301,,,
Low & middle income,LMY,"Water productivity, total (constant 2015 US$ GDP per cubic meter of total freshwater withdrawal)",ER.GDP.FWTL.M3.KD,,,,,,,,,,,21.4083116454605,18.7231059551068,21.4360123861883,21.1930638433391,19.8311380279962,1.0195804510984,1.41365680226894,1.44458308222084,1.40756517338716,1.39261901686407,1.60601231134706,1.62932094235979,1.68039025352343,1.71247250377921,1.72455264854102,1.79354981853137,1.82576780723615,2.59078163372638,2.68240190414354,2.73825095448546,2.9692193405098,3.03212727487274,3.2625865438746,3.36047184018695,3.33716059954858,3.45164289063959,3.62531144398831,3.7894196325184,3.88159768864825,3.97830204470457,4.19332937789127,4.30285572251646,4.44165121153441,4.65184815422205,5.04143929973475,5.37299564711934,5.66266230847854,6.09733526881961,6.37270719518234,6.54863915121029,7.0124526431735,7.43458849167172,7.72390619404478,8.14058881147616,8.56036668479378,8.91771882107224,9.21297653345052,9.60656446463313,10.1275482454753,10.5305044315092,10.5091792566332,11.4049602679558,11.8430090605057,,,
Lesotho,LSO,"Water productivity, total (constant 2015 US$ GDP per cubic meter of total freshwater withdrawal)",ER.GDP.FWTL.M3.KD,,,,,,,,,,,,,,,,,,,,,,,,,,,,15.8576460880582,17.4421951092334,18.6923286130903,20.0828204547724,21.7679270757072,23.5963510709909,24.7586187639488,26.6030420388609,27.8649679645474,29.8442866437976,31.3974483513725,32.3483197882065,32.9866375806816,33.1818560308493,34.3636549874018,34.6123915161975,36.1906394404138,36.803120475559,38.0787616147955,39.6895294927643,41.3516928944453,43.6357204335668,43.0886341853903,45.3592633508014,47.4532347096075,50.4589623366769,51.3634521317309,52.2420496136085,53.8741261310111,55.8183934108568,54.0667145784144,53.2661848746644,52.5108736592114,48.2281089344843,49.3213001184423,50.4989843579718,,,
Late-demographic dividend,LTE,"Water productivity, total (constant 2015 US$ GDP per cubic meter of total freshwater withdrawal)",ER.GDP.FWTL.M3.KD,,,,,,,,,,,17.8166453966997,16.4610143683164,15.1280116197296,14.1946144245045,11.9468071384386,5.57254588999462,5.82100823355478,5.734617248618,5.82092963248341,5.94602822183412,1.51979842128176,1.55656882892451,1.59686043671993,1.66124968742026,1.73692627860675,1.87752094282867,1.95804017221918,3.57492828897209,3.72317711265803,3.82110010183134,4.21713910853636,4.34615600075694,5.0272158034131,5.19864467488948,5.41463844993385,5.70749443865272,5.99583437673849,6.36583513644803,6.56450859325037,6.85299607715891,7.38976356819199,7.83922511583685,8.25944609076238,8.79227740972447,9.47854137637024,10.1273663419926,11.0180776072645,11.6955652420454,12.4030683758745,12.6763618437294,13.5206194882375,14.4828602767657,15.2743556642482,16.1310812055782,17.0310732551303,18.0131375055904,18.4854742301524,19.5711063117614,20.638523463296,21.6117351761041,22.1496287000172,23.7335879538376,24.4563685393366,,,
Lithuania,LTU,"Water productivity, total (constant 2015 US$ GDP per cubic meter of total freshwater withdrawal)",ER.GDP.FWTL.M3.KD,,,,,,,,,,,,,,,,,,,,,,,,,,,,,,,,,,,,4.11070323255204,4.59558433198611,5.31989613034421,6.13986819172174,6.55766556642631,7.37071719804285,8.59494551901749,9.52309117390833,10.9463335215602,12.1405263209426,13.6438006764123,14.9582774238624,16.9690812436164,21.2534568481807,23.2270798187014,32.5460292976531,57.2205451773462,69.6980481132387,87.0483469910883,112.965876417705,108.802919898386,138.521912278362,172.270501297877,184.018790536549,149.494721629309,122.197287996931,146.974016184971,178.033459471869,,,
Luxembourg,LUX,"Water productivity, total (constant 2015 US$ GDP per cubic meter of total freshwater withdrawal)",ER.GDP.FWTL.M3.KD,,,,,,,,,,,346.127901349919,340.300661447185,348.006688131783,362.209843033035,363.275905303627,327.105304589487,339.873562389381,349.880572975657,369.133629795322,383.046992503326,391.716604381783,342.459456395994,308.977274878792,287.231362633243,277.941550483977,262.418368072572,292.991047570255,309.252699784409,340.666663594027,379.98261598399,406.65223535236,449.046719142063,464.838107970627,492.573880475598,520.211893433814,536.919603747727,535.501126397311,555.419149636131,583.08605861802,620.898866679918,679.39818668477,716.935779820961,758.084711335239,797.362220132679,852.384479706805,896.501213007865,976.088553968733,1084.40100542201,1111.98470196064,1107.56028069575,1134.72330908803,1178.76640841793,1243.88676887397,1328.00405736103,1276.92066086993,1340.88357625307,1420.31670909076,1401.15586077698,1243.72045288589,1353.08572858567,1388.42856968516,1541.73222769427,1470.19569093489,,,
Latvia,LVA,"Water productivity, total (constant 2015 US$ GDP per cubic meter of total freshwater withdrawal)",ER.GDP.FWTL.M3.KD,,,,,,,,,,,,,,,,,,,,,,,,,,,,,,,,,,,,28.5201558073984,30.9364948090992,35.9424738935235,40.9245035230767,45.1778824661966,51.6196527895876,59.7028121521371,70.3278024552904,78.695549112305,88.3897845063733,102.028727624145,119.187903400253,136.429106262673,119.017050223159,57.8962450176341,80.0368651451363,61.4872257136568,98.1178670875054,105.353018770786,150.648004884653,149.092053632655,145.362673732461,154.237299723824,158.926448629961,164.227546134871,156.271289348672,164.185800490166,179.082785450112,,,
"Macao SAR, China",MAC,"Water productivity, total (constant 2015 US$ GDP per cubic meter of total freshwater withdrawal)",ER.GDP.FWTL.M3.KD,,,,,,,,,,,,,,,,,,,,,,,,,,,,,,,,,,,,,,,,,,,,,,,,,,,,,,,,,,,,,,,,,,
St. Martin (French part),MAF,"Water productivity, total (constant 2015 US$ GDP per cubic meter of total freshwater withdrawal)",ER.GDP.FWTL.M3.KD,,,,,,,,,,,,,,,,,,,,,,,,,,,,,,,,,,,,,,,,,,,,,,,,,,,,,,,,,,,,,,,,,,
Morocco,MAR,"Water productivity, total (constant 2015 US$ GDP per cubic meter of total freshwater withdrawal)",ER.GDP.FWTL.M3.KD,,,,,,,,,,,,,,,,2.2340642746786,2.41918119849224,2.50856489565478,2.50864744416567,2.57280194896304,2.6107895662536,2.51767432591652,2.69321992748171,2.68171140994385,2.80367411356899,2.92077266962829,3.25186796260408,3.30372609537616,3.7686345842538,3.95353729807899,4.17341737567786,4.24784648292351,3.95817553656572,3.93135396216448,4.2885318376347,4.03149048683464,4.49853877432468,4.30824273591778,4.498117424849,4.45678526970588,4.45721525045693,4.41378613218392,4.23643002778681,4.66476693494685,5.06599530828664,5.43725008915993,6.10557826617207,6.59087949036559,7.28289097178919,7.91636103601037,8.60411470438307,9.0794615172577,9.35750583366617,9.74324214332243,10.0081846785246,10.4429985663096,10.4974259612384,11.0283750759613,11.366465500346,11.6950671492209,10.855570968714,11.7408144371254,11.9536392907022,,,
Monaco,MCO,"Water productivity, total (constant 2015 US$ GDP per cubic meter of total freshwater withdrawal)",ER.GDP.FWTL.M3.KD,,,,,,,,,,,,,,,,,,,,,,,,,,,,,,,479.739647827946,491.952194730065,506.347337228091,509.559099820097,529.11645936212,549.033481639764,555.131771098138,586.469834390321,607.015432677844,616.770702043775,651.569318863302,677.109071561076,695.853710434405,658.039349732789,760.115600707672,747.346695569827,804.946569001386,937.909225135516,999.428479883484,921.568343575367,940.600753878874,1006.65309625467,1016.842624243,1114.2266421625,1194.3064204154,1252.95130567538,1290.64563888582,1249.26517474818,1320.44707028036,1414.47464732185,1227.2108659803,1500.04703138907,1669.04676288225,,,
Moldova,MDA,"Water productivity, total (constant 2015 US$ GDP per cubic meter of total freshwater withdrawal)",ER.GDP.FWTL.M3.KD,,,,,,,,,,,,,,,,,,,,,,,,,,,,,,,,,3.37909552128855,3.5374013108965,2.59915884943721,2.73606133992192,2.76202535846253,2.86907276163428,2.74147968590818,2.70988602400783,2.83194081492703,4.78212509226454,5.20275328882676,5.55897327916409,6.05442654457567,6.5085085444625,6.80494289960358,7.00909120196101,7.49437105496393,7.01213208395369,7.63354212814286,8.1158215142063,8.03948460693841,8.88150187338634,9.35900860714907,9.28293713896533,9.69114956607871,10.1198520285208,10.5700464247486,10.9194358308331,9.93287308856999,11.3165222888473,10.795962260671,,,
Madagascar,MDG,"Water productivity, total (constant 2015 US$ GDP per cubic meter of total freshwater withdrawal)",ER.GDP.FWTL.M3.KD,,,,,,,,,,,,,,,,,,,,,,,,,0.34384676910843,0.351778795113957,0.362800776891065,0.371335353443956,0.38850804707952,0.409157240863696,0.427047924533633,0.405000814286037,0.41484724903157,0.428858278714373,0.434109288341528,0.447060699714501,0.462628260690807,0.486033811600219,0.51181329549406,0.54311347760192,0.575098935890183,0.608690826350181,0.532465412695712,0.583800938925079,0.613687593980555,0.642033817155971,0.676694067017599,0.715337116144452,0.763355068167239,0.732983394332568,0.737522318831756,0.749163570639018,0.771721995383662,0.789474504711771,0.815836661941187,0.841391097997525,0.874989073493189,0.909405085173061,0.938454725781254,0.979852142161935,0.909913513886562,0.952230710920075,0.991806350393887,,,
Maldives,MDV,"Water productivity, total (constant 2015 US$ GDP per cubic meter of total freshwater withdrawal)",ER.GDP.FWTL.M3.KD,,,,,,,,,,,,,,,,,,,,,,,,,,,,217.890170827512,228.898063716811,249.90876912925,287.228208855953,300.552184577812,300.435321515192,311.924385446413,330.669336915408,311.60161878963,324.219351394791,339.45818074174,352.862228705149,362.689493931761,374.451283894108,371.06116926445,402.933193088708,464.051628694454,497.752580164628,503.926401884799,606.383181532467,624.960594434953,672.089470101781,1013.37343317136,3048.2684808031,716.008193278087,733.115690973277,784.250233771045,845.897685482805,878.618153006214,934.632547339889,1000.75245987432,1086.50649366148,1161.72598893185,779.415572396197,1071.7577530193,1219.93993937228,,,
"Middle East, North Africa, Afghanistan & Pakistan",MEA,"Water productivity, total (constant 2015 US$ GDP per cubic meter of total freshwater withdrawal)",ER.GDP.FWTL.M3.KD,,,,,,,,,,,23.1914598431667,22.5670127795001,25.9660857030556,26.4333224148224,27.481255751175,1.73176106579238,1.95746888307685,1.96552384302432,1.9299220483452,1.91808390063397,2.21982476376162,2.20428695769451,2.32464430134926,2.37122105588425,2.36812905913606,2.41658933655662,2.3252429366526,2.34812291021519,2.39187893517937,2.45754157843575,2.76180705668415,2.84831963964459,3.61979968567146,3.73620507585615,3.72200224511899,3.72143510224876,3.83580621455699,3.91479592065865,3.99826028212402,4.03769206333464,4.16049645845174,4.20240934748082,4.24664157260163,4.44190464707813,4.77494524046217,5.00790132793782,5.28187127516256,5.54670499633066,5.77709140980673,5.85271579008802,6.11288552736349,6.47408889348558,6.64631558201207,6.88152224111393,7.1288917308311,7.34352400076145,7.57668948072659,7.39348080286118,7.81085312412466,7.79407829311047,7.4983506751811,8.01652407681329,7.7848397140719,,,
Mexico,MEX,"Water productivity, total (constant 2015 US$ GDP per cubic meter of total freshwater withdrawal)",ER.GDP.FWTL.M3.KD,,,,,,,,,,,,,,,,,,,,,9.96854060987829,10.8063259446082,10.6857542767895,10.0840652685958,10.3293406741028,10.4187681425583,9.90691519193112,10.0089351784403,10.0293051563244,10.2897546118925,10.7235316648766,11.0413718778612,11.3251725934383,11.5386468414632,11.931760168437,11.1213882648052,11.7033139083338,12.4304546202895,13.0790186153246,13.3179984516993,13.8626253323596,13.6777279959416,12.981199183808,12.7130859718273,13.0788212417805,13.1799438450637,13.6697277278644,13.6610297191266,13.5944257605485,12.7387663017193,13.397242095303,13.8848041240768,13.8133227947309,14.1152946550474,13.9099261590685,14.164072702742,14.2624488041824,14.3204933357502,14.4385321316744,14.2995834192586,13.0761611141093,13.8060174575332,14.3405085157656,,,
Marshall Islands,MHL,"Water productivity, total (constant 2015 US$ GDP per cubic meter of total freshwater withdrawal)",ER.GDP.FWTL.M3.KD,,,,,,,,,,,,,,,,,,,,,,,,,,,,,,,,,,,,,,,,,,,,,,,,,,,,,,,,,,,,,,,,,,
Middle income,MIC,"Water productivity, total (constant 2015 US$ GDP per cubic meter of total freshwater withdrawal)",ER.GDP.FWTL.M3.KD,,,,,,,,,,,21.4083116454605,18.7231059551068,21.4360123861883,21.1930638433391,19.8311380279962,1.01373456691031,1.40974214234059,1.44213315093113,1.40484916624382,1.39070541116391,1.6054060923543,1.6288710799261,1.67684467408194,1.70938658874419,1.73880108280529,1.80711764429429,1.84066425368982,2.60699129206389,2.69756748376409,2.75696377473213,2.98330496014222,3.04640475642204,3.28105775561324,3.38094406206625,3.35556659971826,3.46132323127584,3.63733698593068,3.80416023783053,3.89703486083717,3.99472922011149,4.24804632250368,4.35969080218695,4.50040918680921,4.70888839838657,5.10558173574907,5.44185882649872,5.73276138002466,6.17251887651847,6.44873865400846,6.62431048756545,7.09274695936792,7.52463327595516,7.87479234827457,8.30303171027595,8.73422764604719,9.10701009826544,9.41078862282717,9.81270655505891,10.3517536521562,10.7652406921778,10.7462100345409,11.6728674325338,12.1210053996161,,,
North Macedonia,MKD,"Water productivity, total (constant 2015 US$ GDP per cubic meter of total freshwater withdrawal)",ER.GDP.FWTL.M3.KD,,,,,,,,,,,,,,,,,,,,,,,,,,,,,,,,,,,,,3.74022318683823,4.40529927023371,5.42869211715287,7.0104971517321,9.61456029991496,9.7331764066417,10.3372271017029,8.28369095914719,7.13019946524582,6.34043997681941,9.02974506987056,14.8958615809542,10.8363673772851,8.24069082471564,9.81149414258796,11.8398422359507,14.3579282735329,18.9033294111461,14.2987497450713,11.6922892948605,9.91659335563618,6.54451484555191,4.99814536147976,6.99451902455907,7.4042911382474,7.10860425930627,5.27255301275867,,,
Mali,MLI,"Water productivity, total (constant 2015 US$ GDP per cubic meter of total freshwater withdrawal)",ER.GDP.FWTL.M3.KD,,,,,,,,,,,,,,,,,,,,,,,,,,,,3.66123115529406,3.38274702483807,3.0050261661141,2.49117214607216,2.49528006284974,2.132564009342,2.02332619916352,1.95869411025907,1.82141160661795,1.79915340377041,1.75474593712697,1.76010129734345,1.7393994195524,1.63476122817801,1.79754272068452,1.84461417282002,2.01715747434099,2.03872756419354,2.08210698321482,2.15031763440697,2.18816421561505,2.26778518127127,2.39148686747014,2.52485503442699,2.59896909815237,2.57109777326139,2.65570456424698,2.82839543923273,3.00485560555543,3.18529908030007,3.35652635163458,3.51991701963977,3.6959128395088,3.65270361395672,3.76597180685936,3.90543290860621,,,
Malta,MLT,"Water productivity, total (constant 2015 US$ GDP per cubic meter of total freshwater withdrawal)",ER.GDP.FWTL.M3.KD,,,,,,,,,,,,,,,,,,,,,121.587260956818,112.155305136178,103.615751887888,93.8946410934494,87.0946544496474,98.3141385618045,103.519216938525,109.256390080984,120.100984130107,131.761275742534,142.059590794231,153.144027286623,162.695344002622,172.532970874312,185.056525249883,199.834311337584,194.615206427251,192.966123326092,191.737088111175,190.352734208347,216.562475063739,204.805309059139,200.959274692201,205.004775367736,205.601906315714,205.123094699605,206.671436697455,213.776845447433,229.440475260191,255.500430076762,210.300967698455,227.996113830938,225.509976912415,208.502444132009,229.899699913,271.310886174356,281.701027865389,289.876435715655,334.458330697763,365.220734234754,347.781397386364,411.062631150458,455.314850723727,,,
Myanmar,MMR,"Water productivity, total (constant 2015 US$ GDP per cubic meter of total freshwater withdrawal)",ER.GDP.FWTL.M3.KD,,,,,,,,,,,,,,,,,,,,,,,,,,,,0.253813642325446,0.221996382634409,0.227160787108106,0.230530301366465,0.226091109869367,0.24479203869927,0.256328063989767,0.272091597641993,0.287444433245793,0.302273770388354,0.315551505516749,0.33012855596539,0.361998708361432,0.406951739407324,0.453116332801845,0.507605898274721,0.577878843047258,0.656266152659048,0.745314578922331,0.84277266885645,0.9438332076646,1.04062618551097,1.15041234273975,1.26124812334985,1.3317705899128,1.42942493838173,1.54986829834163,1.67649110399956,1.79372544938268,1.89888211802553,2.015399580206,2.14174220296498,2.28264977986344,2.0761077028814,1.82663486815662,1.90038513105829,,,
"Middle East, North Africa, Afghanistan & Pakistan (excluding high income)",MNA,"Water productivity, total (constant 2015 US$ GDP per cubic meter of total freshwater withdrawal)",ER.GDP.FWTL.M3.KD,,,,,,,,,,,19.4780590725405,16.4484382085781,20.0065595700458,19.8664256112724,20.4655896174328,1.49253462351127,1.7180580830569,1.72992966192013,1.68151121924675,1.65657901314449,1.58641668275982,1.54809732169756,1.70065830983772,1.76418104366679,1.75005123655757,1.80894902909982,1.75912196765985,1.75991304758969,1.80823070408398,1.84192490580994,2.05620977578395,2.04982245894069,2.10963574271314,2.10568320280482,2.0800304151921,2.07344597955849,2.15611182377472,2.18670648033337,2.26066081764605,2.3156096175559,2.38423692212768,2.42873263795632,2.48095836751791,2.54966893371404,2.736197327603,2.86567779429377,3.01252606438669,3.179721516702,3.2813305800757,3.37987419260036,3.52901170023333,3.58871208163934,3.65491775970023,3.73971186327583,3.84763743614255,3.91064059360276,4.06919520850787,4.01653783178371,4.24265978418946,4.18390462116741,4.06724410448656,4.3271639157556,4.53043458115674,,,
Montenegro,MNE,"Water productivity, total (constant 2015 US$ GDP per cubic meter of total freshwater withdrawal)",ER.GDP.FWTL.M3.KD,,,,,,,,,,,,,,,,,,,,,,,,,,,,,,,,,,,,,,,,,,,,,,,20.4161199725889,20.9481358748957,23.5808910081851,10.3941232602657,6.98956514740925,5.36321089987766,4.15729356393871,3.56662917681811,3.11879019354426,2.79275899271962,2.56276903303369,2.37754943224566,2.26126977674356,2.16196984370847,1.69517666905273,1.4547918008598,2.19640288244441,,,
Mongolia,MNG,"Water productivity, total (constant 2015 US$ GDP per cubic meter of total freshwater withdrawal)",ER.GDP.FWTL.M3.KD,,,,,,,,,,,,,,,,,,,,,,,,,,,,,,,,,,7.1735896907784,7.18212955878368,7.49225410983918,7.51430829199809,7.66167734684383,7.77277041303114,7.86753613104975,7.81730243697034,7.9085906926299,8.14174538525469,8.5660621088093,9.32006984713371,10.2223438040772,10.5051519947204,11.5036107454165,12.44355104592,12.2039363142578,13.4755746861765,16.4320103143325,19.2180494486893,22.380318119674,25.231092227635,27.0481671105543,25.5039012713941,26.9415246599117,29.0281135820968,30.6543393976114,29.2571906380378,29.7360634335933,31.2325931635769,,,
Northern Mariana Islands,MNP,"Water productivity, total (constant 2015 US$ GDP per cubic meter of total freshwater withdrawal)",ER.GDP.FWTL.M3.KD,,,,,,,,,,,,,,,,,,,,,,,,,,,,,,,,,,,,,,,,,,,,,,,,,,,,,,,,,,,,,,,,,,
Mozambique,MOZ,"Water productivity, total (constant 2015 US$ GDP per cubic meter of total freshwater withdrawal)",ER.GDP.FWTL.M3.KD,,,,,,,,,,,,,,,,,,,,,,,,,,,,,,,4.78435382090598,4.80891825179361,4.26521511503815,4.5483132887711,4.66046678665365,4.58808942012226,4.90236728465652,5.29752088982778,5.65688825691649,6.12633689992539,5.98496443928742,6.50906924929654,6.78742341477495,6.93628136660248,7.16940215020867,7.29535772188974,7.74636658365925,8.0653109147428,8.34620351408921,8.56883264195983,8.86815782567433,9.22525715268144,9.68195666581808,10.0353387144801,10.5199280070888,11.0040636589375,11.5209234552497,11.824869307296,12.2369579646091,12.52058788315,12.3678964967687,12.6619352868373,13.2145592157097,,,
Mauritania,MRT,"Water productivity, total (constant 2015 US$ GDP per cubic meter of total freshwater withdrawal)",ER.GDP.FWTL.M3.KD,,,,,,,,,,,,,,,,,,,,,3.26322085196005,2.70921467838582,2.20952284597075,1.96759749660643,1.66798883930757,1.5284117627284,1.61751883178845,1.65007578130941,1.6803168888146,1.76254153332735,1.73538099833453,1.76837037184616,1.80351225440544,1.91156662697472,1.8551209079846,2.03955984567469,2.16064549483759,2.07556893460327,2.13560880691198,2.21653126854826,2.13207299962586,2.20327102257183,2.33096196988789,2.60591587531739,2.85941011548947,3.09238191989719,3.6593144416256,3.58724707052243,3.5753704407788,3.57886986728847,3.67264447063942,3.8258959649763,3.99691401931165,4.16281845361401,4.34077158631228,4.57414619246904,4.63182202403433,4.92226253937565,5.15716145560449,5.31914814926853,5.29996424869426,5.33932790395186,5.70218889553244,,,
Mauritius,MUS,"Water productivity, total (constant 2015 US$ GDP per cubic meter of total freshwater withdrawal)",ER.GDP.FWTL.M3.KD,,,,,,,,,,,,,,,4.91892938421221,4.96349932521081,5.91673908984517,6.08070108580903,6.09752097887501,6.10303120634917,5.3131369126604,5.45103771335024,5.5775428692069,5.43530228269417,5.52906928787783,5.75028961446583,6.14091000962644,6.51191327395426,6.77681934180039,6.90336907569354,7.21995585726091,7.41186055157917,7.76245723043716,8.02269068439639,8.21923592953109,8.43506613856924,8.92091001424185,9.44366531926847,10.0334468042132,10.3122634156759,11.1764489687416,10.8676456735582,10.4266628101924,10.4605275474443,11.1755170744111,11.6539942435507,12.3822990493411,14.1719982318956,12.2837157113707,15.3817288680088,15.9289978472515,18.4947637554115,18.779584256881,18.5805936663183,18.9182802677743,19.8728946128747,20.3741501008279,21.5236362559578,23.1057188471388,23.6139473580165,19.7800109073656,20.5548718061844,21.3518974716175,,,
Malawi,MWI,"Water productivity, total (constant 2015 US$ GDP per cubic meter of total freshwater withdrawal)",ER.GDP.FWTL.M3.KD,,,,,,,,,,,,,,,,,,,,,,,,,,,,,,,,,,,3.5792600850165,3.96599282407508,4.05060355686114,4.01051598009107,3.98321477977635,3.93124626085162,3.83156638244861,3.49700781974025,3.42120463159593,3.59956546659265,3.77709078924185,3.88255717591062,4.06503735401741,4.45528093499636,4.79565265428485,5.19503987547341,5.5521503376634,5.8260195916208,5.93671396390407,6.25791096774162,6.60993535610249,6.79501354607558,6.96488888466924,7.24348444011812,7.55883422292596,7.99095956199943,8.05437553178921,8.42151749698292,8.4990893636866,,,
Malaysia,MYS,"Water productivity, total (constant 2015 US$ GDP per cubic meter of total freshwater withdrawal)",ER.GDP.FWTL.M3.KD,,,,,,,,,,,,,,,,,,,,,,,,,,,,,,,7.37958741775282,8.71540740598162,10.2937809377517,12.3594717338581,14.874928995441,15.6467589852769,23.5360538010608,25.0809320609974,23.0719837918889,24.3173159949915,26.2882667910095,26.2426514056349,27.4685064610487,28.8614147911418,30.6115704697711,32.0277772989642,33.5919474178218,35.4720216410382,36.9419872371339,36.1457232511481,38.5780438600719,40.3589832930796,42.2958847823213,43.9998537997254,46.3483886352708,48.4027091174024,48.0410435859414,49.6587637508973,52.0637808707328,54.361453099171,51.395032002571,53.0989569617026,57.8947152265904,,,
North America,NAC,"Water productivity, total (constant 2015 US$ GDP per cubic meter of total freshwater withdrawal)",ER.GDP.FWTL.M3.KD,,,,,,,,,,,,,,,,,,,,,13.5783713568872,14.0656169552666,13.9550075300478,14.7473550910169,15.9817300998758,16.8259827979767,17.6822168611192,18.4655568107683,19.4137152948187,20.2872290810323,20.8304887717912,20.7156723085706,21.3896475161172,21.9648809391673,22.8457066238616,23.4463947430466,24.2791217363015,25.3176972966494,26.4015241004353,27.6316290774805,28.7382150343982,28.9819149814733,29.4521419711303,30.1985366314251,31.2869284572771,32.312901774114,33.9960402900896,35.5203870629297,36.5597963134008,36.6105387131108,38.7269596074856,39.081178091073,39.4492349597106,39.783709689269,40.4281602994364,41.1702211516544,41.8711618235552,42.8957092934903,44.1606748825641,45.2783107011223,44.1974156850887,46.8822833043354,48.1197164796594,,,
Namibia,NAM,"Water productivity, total (constant 2015 US$ GDP per cubic meter of total freshwater withdrawal)",ER.GDP.FWTL.M3.KD,,,,,,,,,,,,,,,,,,,,,,,,,,24.5823935970819,22.8058340458003,21.1903356796712,19.372609320096,18.0307577963136,16.9742350858834,17.0166697739402,17.810373141366,17.1256209130037,17.029930355226,17.3046243763262,18.244918463325,18.4615111784789,18.5299387710429,18.6275052789071,18.711957515283,19.5118044014531,21.0916740842344,22.7178790380049,26.3836315172614,28.0157732750466,31.1068719417989,34.0038586043506,36.2901393780277,37.90172267095,41.923233296902,46.0424749142238,50.6549934642675,56.1479051740547,62.8751183764135,69.1907662087312,73.2767297091555,77.0462901846353,83.0410267621933,87.6635758945644,86.6658210114526,103.998653217094,109.613254279572,,,
New Caledonia,NCL,"Water productivity, total (constant 2015 US$ GDP per cubic meter of total freshwater withdrawal)",ER.GDP.FWTL.M3.KD,,,,,,,,,,,,,,,,,,,,,,,,,,,,,,,,,,,,,,,,,,,,,,,,,,,,,,,,,,,,,,,,,,
Niger,NER,"Water productivity, total (constant 2015 US$ GDP per cubic meter of total freshwater withdrawal)",ER.GDP.FWTL.M3.KD,,,,,,,,,,,,,,,,,,,,,,,,,,,,,7.74955055710011,7.40255545503702,6.93250783842713,6.56660722483342,6.38755911063803,6.12426554803158,5.97327779337242,5.87103526366685,5.64715873048123,5.5176851818105,5.84790240513825,5.63087172283298,5.37474138890623,5.57682882570615,5.66582362675612,5.61110778981783,5.46379903504687,5.69479120406576,5.69305505487641,5.55911867048963,5.6859735921119,5.51842251184331,5.71655836423033,5.59435470607455,5.92430916249541,5.98729953128996,6.13720724088312,5.62525002988256,5.86069622077801,6.79973603371904,4.74097980233814,4.72745662388249,4.89531164148853,4.96304299526798,5.55364511170625,,,
Nigeria,NGA,"Water productivity, total (constant 2015 US$ GDP per cubic meter of total freshwater withdrawal)",ER.GDP.FWTL.M3.KD,,,,,,,,,,,,,,,,,,,,,,,,,,,,22.4099306516227,22.588507045326,21.6988207548842,22.9470696547654,21.8422833815329,21.7336088744211,20.2964287120968,19.0384568894087,18.211638465935,18.1981199648035,17.9937886731319,17.7604378768188,17.2118275728836,17.4391389734421,18.0274023168412,20.3031115564936,21.2952485800992,22.7438524576106,23.6776509794257,24.7272927758445,25.9590294374624,27.30266856326,29.0645327918902,30.9377857739566,32.5799399928921,33.9580913853476,36.2235495547465,38.5091536185977,39.530683354765,38.8915240102486,39.2049455982122,39.9587615681313,40.8412225573881,38.2400865853068,38.6642657168161,40.3341094287088,,,
Nicaragua,NIC,"Water productivity, total (constant 2015 US$ GDP per cubic meter of total freshwater withdrawal)",ER.GDP.FWTL.M3.KD,,,,,,,,,,,,,,,,,,,,,,,,,,,,,,,,,,,,,,,5.11655897502846,5.26553362131971,5.28231233925441,5.24399250347392,5.2194472658261,5.28689304945461,5.50181225188476,5.670278027175,5.86301690049367,6.11637521070972,6.28137990289155,6.13378880902888,6.46735896637852,6.94426282511672,7.53639127709212,8.06143698533921,8.61467729885514,9.21010320631508,9.8291754030837,10.5011623834205,10.3664787017551,10.2927045240607,10.0576031391546,11.1090641441179,11.5034691880087,,,
Netherlands,NLD,"Water productivity, total (constant 2015 US$ GDP per cubic meter of total freshwater withdrawal)",ER.GDP.FWTL.M3.KD,,,,,,,,,,,,,,,,,,,,,40.8243090587184,40.3718512309983,39.7408797142512,40.431615235167,41.5344606568414,42.4684941947373,44.9660971105789,47.2570368729938,50.4490046198666,54.4220702638624,58.6390494927279,60.0693348266381,63.440084454672,66.8030122329082,71.6419030553043,77.0802665546585,83.333333723664,80.8882282277376,79.1915291887694,78.1481520930656,76.7954905335403,74.335546397862,69.3881817403882,64.9824684236597,62.2812423701331,59.922045084918,63.7220940166193,68.0407564027079,70.9835574416654,64.1866011694488,67.889424883298,74.110911890072,69.7820480844773,70.2612106374591,80.0458187065944,92.2296605995404,99.029079756839,103.161957951027,103.22324669509,101.661791599438,98.875582998158,109.839889397805,111.304343958767,,,
Norway,NOR,"Water productivity, total (constant 2015 US$ GDP per cubic meter of total freshwater withdrawal)",ER.GDP.FWTL.M3.KD,,,,,,,,,,,,,,,,,,,,,82.1572181263425,82.389271334084,81.5267211570989,83.6961349670687,87.6551082498437,91.3836271263139,93.9209171156353,94.4193417451955,93.0600021804311,92.9227176173557,93.6195454308025,95.4005585060984,97.6904200777262,99.3436557781749,103.208812129927,106.319209356558,110.453844545069,117.449258599241,121.796818054976,125.584022207824,126.618608172656,121.050893267618,123.443287289976,123.420266249257,117.836716458559,124.096743172572,118.506690904911,118.453571858661,122.746154325211,124.249545251823,126.874478503067,129.991591222105,135.328371077164,135.606481995175,137.14036554708,143.056507039516,148.299400719727,149.53938346448,150.901132859342,152.709822169488,150.878022922469,159.257383828116,161.651175179085,,,
Nepal,NPL,"Water productivity, total (constant 2015 US$ GDP per cubic meter of total freshwater withdrawal)",ER.GDP.FWTL.M3.KD,,,,,,,,,,,,,,,,,,,,,,,,,,,,,,,,,,,,,,,,,1.40469199696935,1.47413207920692,1.4779274902827,1.53834227101749,1.61259159731704,1.67099481183351,1.7272173502549,1.78614241132206,1.89517996012647,1.98108995969277,2.07650746668058,2.14756157985573,2.24785575355037,2.32709611193271,2.46698909543013,2.56507789606973,2.57618760035043,2.80745915797972,3.02145425396654,3.22259413847857,3.14623088297756,3.2984502403015,3.48419634883389,,,
Nauru,NRU,"Water productivity, total (constant 2015 US$ GDP per cubic meter of total freshwater withdrawal)",ER.GDP.FWTL.M3.KD,,,,,,,,,,,,,,,,,,,,,,,,,,,,,,,,,,,,,,,,,,,,,,,,,,,,,,,,,,,,,,,,,,
New Zealand,NZL,"Water productivity, total (constant 2015 US$ GDP per cubic meter of total freshwater withdrawal)",ER.GDP.FWTL.M3.KD,,,,,,,,,,,,,,,,,,,,,60.6983346676036,56.8873783074823,51.9849840714707,49.1506655146972,47.4092164073753,44.6252945453198,43.791296526074,42.3310066198519,40.4561989830426,38.9294016703091,37.5150433173063,35.7541504766163,34.8748308020523,35.8440409779749,36.4416468871762,36.9490807813174,37.1039223723952,36.7431693823659,35.9829048386144,36.8483982952264,35.0839285793296,33.7667586772411,33.0671305455076,32.5230674319392,31.9106328961849,31.1912750000202,30.4085651034819,30.8771479907175,30.1201937226498,29.6788025582917,29.6876201778471,24.7488471499324,21.4072665471737,19.0141465238805,17.4056829768869,18.0480169203028,18.7300714559056,19.3629104102781,20.0349161011396,20.4992195598812,20.4362363440738,21.3631025633337,22.1100392752267,,,
OECD members,OED,"Water productivity, total (constant 2015 US$ GDP per cubic meter of total freshwater withdrawal)",ER.GDP.FWTL.M3.KD,,,,,,,,,,,24.8940436412107,25.1656794181177,25.914007368611,27.1910030982483,27.7811667735261,25.3253522573267,25.9372055609148,26.0998938657927,26.3718002846338,26.9832781948113,19.6527136422454,20.1387963463313,20.2460671861552,20.9337666535643,22.0325586785732,22.9226111012329,23.4706526601215,24.4511866339525,25.7014353750585,26.8226364502047,27.2385044750156,28.6397587975277,27.8776590614035,28.3992192697635,29.2520802646517,30.0192940892615,30.9073780737569,31.9922346457737,32.8381813998899,33.8288677540423,34.7645999856786,35.3329245889247,35.8763451924721,36.5398045073961,37.6684751745609,38.651904714847,40.3990393962621,42.5832509128258,42.3687753253248,42.0438819016527,44.1966250284501,44.5813130384161,44.6553844939178,45.5551797815784,46.0299187378,47.4360936481235,48.2911118801986,49.3925361710225,50.4202535783637,51.5163569995543,49.6231150552595,52.5538708691211,53.4289756975662,,,
Oman,OMN,"Water productivity, total (constant 2015 US$ GDP per cubic meter of total freshwater withdrawal)",ER.GDP.FWTL.M3.KD,,,,,,,,,,,,,,,,,,,,,,,,,,,,,,,,25.9944362846804,27.8642627070861,29.2190917195782,30.0173355703466,32.0445179664421,32.6549723327483,34.2460434399805,33.8520947241692,33.588997970448,34.9020977265853,37.3426055916735,37.4800123816688,38.8364989044096,38.1685423363839,37.8516498348848,38.2750057415202,38.8627722356478,40.9957101440077,42.1100938721754,41.8619328532238,41.8241900974892,44.2475839980802,45.2841438576395,45.8693292455083,48.1706200966777,50.6015138040368,50.7553715352292,51.4086459095517,50.8284283876473,49.1105695598887,50.3786904041617,54.4017851531203,,,
Other small states,OSS,"Water productivity, total (constant 2015 US$ GDP per cubic meter of total freshwater withdrawal)",ER.GDP.FWTL.M3.KD,,,,,,,,,,,,,,,4.91892938421221,9.48460041509901,11.1356438604196,12.1377476358782,12.5018400791782,13.0501253243983,13.0325967594343,13.1974418310193,13.3059388219889,13.0579721678375,13.3940960901134,13.645314319904,14.0192171408197,15.0877854968976,15.405629980954,15.9594509420395,16.5269224580245,21.9142448628291,11.7604234616578,12.8950737795906,14.6196639736031,17.0157731938716,17.4374685246648,18.4085313444047,18.8884601908815,19.5115268601191,20.7758801407044,21.278426827321,21.579842763991,21.743137872433,17.2969179505873,17.7606478810533,18.5582861901657,19.3172191874915,18.8601891310217,18.3409955657152,16.7340969776282,16.8005960436821,16.9933682998122,16.6679119908859,16.6121428958516,16.9440164361577,16.9226933557039,17.2175199385903,18.0165267348466,19.8526357518071,18.3711798382651,17.7581868893135,20.1475086341416,,,
Pakistan,PAK,"Water productivity, total (constant 2015 US$ GDP per cubic meter of total freshwater withdrawal)",ER.GDP.FWTL.M3.KD,,,,,,,,,,,,,,,,0.289915693122733,0.304587250364074,0.316323976494386,0.341473385759304,0.353986341324567,0.38979527476504,0.420289481982372,0.447361150629896,0.477253629489908,0.500975123469015,0.538523877815694,0.567639938183925,0.603722322050867,0.649173734072957,0.68075928424367,0.710473423346546,0.745765316467375,0.793621814643827,0.798022617949108,0.818173612423456,0.848856434369444,0.879833776178018,0.878724325003739,0.891073273127819,0.913489216500758,0.942003909878138,0.969234145030772,0.987139550764249,1.03293274164775,1.10582627283615,1.17783483103621,1.23870341871058,1.28306880146439,1.29918101982976,1.3473060677063,1.3513745612465,1.43243384822731,1.40981977996,1.50650549748222,1.47700193746295,1.52335376839558,1.60025385138279,1.66951568034054,1.83869823299887,2.05094060392777,1.89152417584921,2.07414085162522,2.23215222877221,,,
Panama,PAN,"Water productivity, total (constant 2015 US$ GDP per cubic meter of total freshwater withdrawal)",ER.GDP.FWTL.M3.KD,,,,,,,,,,,,,,,,,,,,,,,,,,,,,,,,,,,,,,,,,,,,,,,,,,,37.4332958282964,39.6264486339584,41.2133176085097,41.6819494155624,44.1075045623166,44.567894248524,48.1405743296006,50.905797548238,52.9003875328191,54.5419224946372,44.8218810699356,52.202756190511,57.9651822425746,,,
Peru,PER,"Water productivity, total (constant 2015 US$ GDP per cubic meter of total freshwater withdrawal)",ER.GDP.FWTL.M3.KD,,,,,,,,,,,,,,,,,,,,,,,,,,,,,,,,,,,,,,,,,,,,,,,,,10.116822427206,8.70341619219819,8.20569976349072,7.72316866867841,7.3531236259818,7.05671189542953,6.60783027212343,6.28592829536176,6.05780958499811,5.78820415155677,5.63489031972509,5.57762764177213,4.96780851621055,8.83704353459447,8.61136812705933,,,
Philippines,PHL,"Water productivity, total (constant 2015 US$ GDP per cubic meter of total freshwater withdrawal)",ER.GDP.FWTL.M3.KD,,,,,,,,,,,,,,,,,,,,,,,,,,,,,,,,,,,,,,,,,,,,,,,2.39449352664968,2.46903700787646,2.54529054024375,2.61169439817169,2.74544913065009,2.82471295441265,3.01275809501714,3.20855642594042,3.41284139629165,3.54695037145181,3.76921409939707,3.82512738645306,4.0515192092251,4.60755484156574,4.09832900177407,4.25839333634975,4.47873775834073,,,
Palau,PLW,"Water productivity, total (constant 2015 US$ GDP per cubic meter of total freshwater withdrawal)",ER.GDP.FWTL.M3.KD,,,,,,,,,,,,,,,,,,,,,,,,,,,,,,,,,,,,,,,,,,,,,,,,,,,,,,,,,,,,,,,,,,
Papua New Guinea,PNG,"Water productivity, total (constant 2015 US$ GDP per cubic meter of total freshwater withdrawal)",ER.GDP.FWTL.M3.KD,,,,,,,,,,,,,,,,,,,,,,,,,,,,,,,,,,,,,,,,,40.5911026923186,37.2303701769688,34.3643007863557,32.6430076203263,31.3314629598783,31.2680418044544,32.9596253844488,35.535482477289,35.4301347514136,37.8395332465828,41.6720929925309,42.1336296023722,44.0958431234537,45.7824854558078,51.9831602708348,55.4027977814287,58.4441748943281,60.5099490223443,60.3409736070713,63.0445597208695,61.0476661340525,60.7354968063138,64.2020263300924,,,
Poland,POL,"Water productivity, total (constant 2015 US$ GDP per cubic meter of total freshwater withdrawal)",ER.GDP.FWTL.M3.KD,,,,,,,,,,,,,,,,,,,,,,,,,,,,,,,12.8435002033884,12.6900343136,13.8779234557283,14.5241625106106,15.4294788078975,16.8030522894116,17.9891186230659,19.3086116088054,20.5459560759213,21.8851854477053,23.3092033286166,24.0215047956418,24.9268663433124,25.6745577742483,26.8457568200448,27.5822849949169,29.1469611226056,30.9630949822897,34.1896831312854,34.6355977969338,37.8411229640717,36.3384667849211,38.3095567275259,39.3541012594532,43.239777993739,45.9469868475657,48.071281160301,51.5962050248759,57.5717666342977,64.3238623640531,65.3191412806937,65.3218121349716,67.8903005737595,,,
Pre-demographic dividend,PRE,"Water productivity, total (constant 2015 US$ GDP per cubic meter of total freshwater withdrawal)",ER.GDP.FWTL.M3.KD,,,,,,,,,,,,,,,,0.464979647071519,0.544209765974621,0.553908417056288,0.647639645258525,0.781894314657695,1.01455686843851,1.00412938836865,1.15282053218876,1.0310295124975,0.826854677020941,0.933100393561169,0.96743488291684,4.12584690736277,4.24700819713781,4.21011916163634,4.87431039117182,4.24797293192334,4.2143678379173,4.04990519987494,4.00610996338758,4.16530724595277,4.24090074019423,4.32071969963389,4.47289155213238,4.52281848910789,3.98998575002865,4.1590153632961,4.41774249003776,4.404380062363,4.96237952684738,5.30318977679139,5.68939723218112,6.09931714743394,6.56854495643365,6.9967675953639,7.5600415450238,8.04930837194781,7.53138634659492,8.07034672728099,8.59073909282369,9.13969793435277,9.05047125132794,8.939119214213,9.69411288072997,8.62341089926314,8.87284402293304,9.24171120440726,9.67900994405658,,,
Puerto Rico (US),PRI,"Water productivity, total (constant 2015 US$ GDP per cubic meter of total freshwater withdrawal)",ER.GDP.FWTL.M3.KD,,,,,,,,,,,,,,,,,,,,,,,,,,,,,,,83.0857721155193,84.3772186332789,87.5861069319671,90.9918221208864,94.1206347152931,97.7012958692007,99.2548694639606,103.367558973226,108.323828571967,113.371555615148,116.27579298559,119.649022415482,116.990439084562,113.522451544765,119.839629752937,114.117322774128,112.091289352726,110.378146320004,107.962656368336,105.447343265396,104.627464629947,107.273315622714,110.451669553768,113.46886237097,115.642806345849,118.143428571429,116.650456742261,113.284836319331,108.344000845367,110.159265353567,105.553644929048,105.960261550605,109.093607840941,,,
"Korea, Dem. People's Rep.",PRK,"Water productivity, total (constant 2015 US$ GDP per cubic meter of total freshwater withdrawal)",ER.GDP.FWTL.M3.KD,,,,,,,,,,,,,,,,,,,,,,,,,,,,,,,,,,,,,,,,,,,,,,,,,,,,,,,,,,,,,,,,,,
Portugal,PRT,"Water productivity, total (constant 2015 US$ GDP per cubic meter of total freshwater withdrawal)",ER.GDP.FWTL.M3.KD,,,,,,,,,,,,,,,,,,,,,,,,,,,,,,,,17.6837254986891,15.2637381099877,13.0452799176056,11.6815761795642,12.3350178266315,13.3625803401983,14.6329563870285,16.1251624534494,17.1137933565073,18.1606625905777,18.9278290329261,19.5102262825329,19.7813500109893,20.6180531781882,21.2898114286302,22.6843642815009,23.0312588964899,23.2745506270542,22.7148005266997,23.2818306108018,23.0548143970087,22.288343691064,22.2373415990491,22.5744014096225,23.1109304522707,23.7581370948504,34.0433907617673,35.2290267555857,36.1963046215874,33.2265311770178,35.073513211877,37.52369320978,,,
Paraguay,PRY,"Water productivity, total (constant 2015 US$ GDP per cubic meter of total freshwater withdrawal)",ER.GDP.FWTL.M3.KD,,,,,,,,,,,,,,,,,,,,,,,,,,,,32.3094617856915,33.8572811106513,35.8249111115418,36.914183659632,37.8106576458852,38.0603861983197,39.5364355519424,41.2232540169316,43.6005582869001,43.8532619481214,45.2706379525066,44.8665452274224,43.8328372738941,42.4151699515473,31.3707205000031,25.0078087593257,21.6922113476754,19.3172268172407,17.2427978732408,16.0489712416855,15.2160047895807,14.7225080560403,13.5505573232704,13.9752346399895,13.7888526400426,12.7819724415392,13.8419911929673,14.5757881792928,15.0068163448416,15.6473111431718,16.3999591479272,16.9254548948161,16.8574390910043,16.7192442680487,17.3908123918115,17.4214268938061,,,
West Bank and Gaza,PSE,"Water productivity, total (constant 2015 US$ GDP per cubic meter of total freshwater withdrawal)",ER.GDP.FWTL.M3.KD,,,,,,,,,,,,,,,,,,,,,,,,,,,,,,,,,,,,,,,,,25.3353897229404,23.8698465520429,17.4561746850815,18.8937668033348,20.6234243697479,21.4218137254902,21.9348351425536,23.7845281919542,26.748484402886,30.4746991893973,40.9246676514033,45.5091794679655,44.0427204374573,44.6177248677249,49.0750455373406,47.9821428571429,54.2088382038489,53.565625,52.1061061061061,48.0248786407767,39.8337116912599,44.8676821983274,,,,
Pacific island small states,PSS,"Water productivity, total (constant 2015 US$ GDP per cubic meter of total freshwater withdrawal)",ER.GDP.FWTL.M3.KD,,,,,,,,,,,,,,,,,,,,,,,,,,,,76.7084005151302,68.3771848198612,65.765775088997,62.980859844856,55.971736024909,54.6516154032279,51.6945000497667,50.595171971762,48.5236088392809,47.7788656064355,44.0641987467674,42.2298836556329,43.5951489142689,40.7680200072171,41.2601674055061,42.2520817540742,42.347984912931,44.2537245237992,44.2275686122488,45.0468771877662,44.6636839854274,45.124967932184,44.4995188610853,45.8143338728509,47.0536771319,47.7177524444187,49.9768155806249,52.7772736414367,55.1528844991235,56.5017320097764,59.5264757067764,61.7958340308482,61.4362152081941,50.8793015055243,48.6681063967502,57.3043236743298,,,
Post-demographic dividend,PST,"Water productivity, total (constant 2015 US$ GDP per cubic meter of total freshwater withdrawal)",ER.GDP.FWTL.M3.KD,,,74.2196463363108,67.0956763536007,67.2512892469662,71.6830485312724,71.4464209534541,75.8837371758522,78.0156479622973,80.774469802205,24.8543608183684,25.0589750773275,25.7339403199054,27.000847522674,27.5492959237571,25.3066601091669,25.9279941372058,26.0891242677063,26.3372452409172,26.9300060960027,19.954519304815,20.415430980467,20.5457484630989,21.3285675745843,22.4854607002265,23.4268949336987,24.0422713711717,25.0983835405376,26.4603878648194,27.6662032723872,28.4771484021633,29.8814093779885,29.548163657755,30.108006451612,31.0756524783879,31.8059765783873,32.7915358743747,33.9852364964533,34.9371051744015,36.1208518470086,37.482546286241,38.2205764373819,38.9716276154648,39.8329730075666,41.1570089482321,42.3691300244286,44.4973054162796,47.2603573552599,46.9554154195831,47.1487975986822,49.9771419728215,50.4343220404277,50.7700757328034,51.8738723202602,52.5368137994851,54.4192192214124,55.8192947324409,56.9361199220651,58.3009935473725,59.7157130922604,57.6356282661179,60.8433415123831,62.7634262630559,,,
French Polynesia,PYF,"Water productivity, total (constant 2015 US$ GDP per cubic meter of total freshwater withdrawal)",ER.GDP.FWTL.M3.KD,,,,,,,,,,,,,,,,,,,,,,,,,,,,,,,,,,,,,,,,,,,,,,,,,,,,,,,,,,,,,,,,,,
Qatar,QAT,"Water productivity, total (constant 2015 US$ GDP per cubic meter of total freshwater withdrawal)",ER.GDP.FWTL.M3.KD,,,,,,,,,,,,,,,,89.2459767920606,92.3269048167981,81.881461903607,85.4443081135651,86.3328098145972,82.1845083175507,79.8680245513381,71.7331340161944,68.0060443273517,68.8111168256246,65.1884001483924,66.5293459201974,64.5500484852292,66.3582131548206,68.4805099288421,92.230791085858,91.3656481789104,102.472521760037,101.870416727872,120.417070863039,122.898284606174,127.850835613302,165.675259967699,183.658273282787,190.901046764859,205.555757188647,200.572488165331,200.910059925021,196.374629720689,221.358754731198,229.808460329528,284.508831454907,329.496433749151,380.685047395883,418.630236108223,491.910018744859,548.136249262089,564.381122902103,585.857365311389,612.458038130861,646.959340659341,664.655955315431,656.797367117078,664.90771098643,669.483977496496,645.667065966644,656.171655083914,683.63224321453,,,
Romania,ROU,"Water productivity, total (constant 2015 US$ GDP per cubic meter of total freshwater withdrawal)",ER.GDP.FWTL.M3.KD,,,,,,,,,,,,,,,,,,,,,,,,,,,,,,,5.70603379248205,5.00735264151496,4.60395984545647,4.71107266662787,5.43307781613045,6.48239598390956,7.57353052102397,8.22997106398685,7.87335101041912,7.91190123607497,10.6268310592878,11.9121287351556,12.3675551522937,13.7192943435835,18.0931838150696,22.0806694289845,27.3442385146912,22.7030344684908,23.6612347164665,23.4743598791642,24.9405595504084,24.587111437303,25.4803436356092,25.8061728076721,27.4500323833771,27.5151015066226,28.7060756137865,29.2289974252207,32.5198608803437,31.0182281917998,28.2728469196406,28.0759740684564,28.2217505961474,,,
Russian Federation,RUS,"Water productivity, total (constant 2015 US$ GDP per cubic meter of total freshwater withdrawal)",ER.GDP.FWTL.M3.KD,,,,,,,,,,,,,,,,,,,,,,,,,,,,,,,,,9.46395892348957,9.74419642206518,9.76247413218264,9.54790709294369,9.37976288195719,9.71229179914157,9.39633681863699,10.2185549157243,10.2823830533971,12.390262086052,13.0580792469881,14.1042449874577,15.2206968748979,15.1665739164173,17.7599666234703,19.4008513875273,20.5497033979627,19.0777038545065,17.9435339030803,21.0847507023199,21.2021119299222,22.63532957245,19.6430045355524,21.8366781261644,21.0854007070231,21.5970447422089,22.0628861233492,22.5478450648906,21.9495031594414,23.2371689564881,22.903510597926,,,
Rwanda,RWA,"Water productivity, total (constant 2015 US$ GDP per cubic meter of total freshwater withdrawal)",ER.GDP.FWTL.M3.KD,,,,,,,,,,,,,,,,,,,,,,,,,,,,,,,,,,,,,,,,,18.2543713928938,17.4365728047473,17.6299323527091,16.2803052670175,15.9540005595494,16.039212925199,15.9442232810535,15.7457774237709,16.1694933728505,15.963423776594,16.001343502706,16.2034013829459,16.5755931431864,16.400188202222,16.5011420372569,17.0700140077583,17.2328739374904,17.0986348440158,17.7524182011919,18.3188301154933,17.7008100403908,19.6228404653486,21.2243011359641,,,
South Asia,SAS,"Water productivity, total (constant 2015 US$ GDP per cubic meter of total freshwater withdrawal)",ER.GDP.FWTL.M3.KD,,,,,,,,,,,,,,,,0.611566834177345,0.603212840629959,0.628255335908874,0.64546900670193,0.594928877205736,0.618096838579577,0.638229684053406,0.643719787420916,0.673613116119545,0.682523486924355,0.701506801810269,0.734039354958458,0.763617597947254,0.836015572618746,0.884620086574275,0.959211274473448,0.949762170271019,0.979991873484276,1.00609558206886,1.05064472929329,1.10665163506243,1.16488770388582,1.19002981196069,1.23894975305153,1.32089033472342,1.34871478877142,1.37699231662173,1.39637068511529,1.47100730492539,1.65961041972601,1.77809704528683,1.90965055828479,2.04263973515869,2.17586790752281,2.32432520036524,2.50158390253957,2.63793382483485,2.78684938767783,2.96056109879697,3.17506795715832,3.4192224073025,3.69170445808211,3.94215410601322,4.19420228558227,4.36593570440201,4.14818458532998,4.53175060449176,4.85355719047311,,,
Saudi Arabia,SAU,"Water productivity, total (constant 2015 US$ GDP per cubic meter of total freshwater withdrawal)",ER.GDP.FWTL.M3.KD,,,,,,,,,,,,,,,,,,,,,,,,,,,,,,,,,19.3635119618717,18.9097413461194,18.6010224450876,18.1597322947038,18.3025921161374,18.317125759603,18.3857637389259,17.8661537662095,18.2939911543095,18.0729390295552,17.6280806989837,18.9417891803375,20.2936109351028,20.9069356106641,20.4888718155727,21.1036067561879,22.5939401216574,22.5276543289021,23.8493638004504,26.8654229393982,28.6407276156828,29.6777435833182,30.8560009388346,30.4489702718131,31.6105114298141,31.1017342822884,31.505284396472,32.0256222886912,30.8071149282762,32.8156146637677,36.7536812070482,,,
Sudan,SDN,"Water productivity, total (constant 2015 US$ GDP per cubic meter of total freshwater withdrawal)",ER.GDP.FWTL.M3.KD,,,,,,,,,,,,,,,,,,,,,,,,,,,,,,,,,,,,,,,,,,,,,,,,,,,,,1.76597735389725,1.80050476535239,1.88443312614264,1.92042913223567,1.98702274294068,2.00111582662472,1.94746730109186,1.90504657424893,1.83589717799721,1.80159306318465,1.78433710592101,,,
Senegal,SEN,"Water productivity, total (constant 2015 US$ GDP per cubic meter of total freshwater withdrawal)",ER.GDP.FWTL.M3.KD,,,,,,,,,,,,,,,,,,,,,,,,,,,,5.49508264745979,5.38023462326318,5.52312086206557,5.41328146062353,5.48856796442778,5.49311823082379,5.50066193863333,5.43250628690419,5.66216280577863,5.70920610826433,5.81537556929368,6.08832198649514,6.398070597562,6.5728305864789,5.72094587421242,4.91162111410009,5.14718384992524,5.34578718525253,5.5346940095611,5.62184593298693,5.73838124548469,5.90548473163315,6.02381196473493,6.18303705325213,6.22054313963392,6.42343627202111,6.53183540859673,6.88962009432302,7.27714285562169,7.68604397178878,8.20530226005881,7.12726363629891,7.36890329243762,7.46779941085868,7.95649228642441,8.2628516065143,,,
Singapore,SGP,"Water productivity, total (constant 2015 US$ GDP per cubic meter of total freshwater withdrawal)",ER.GDP.FWTL.M3.KD,,,,,,,,,,,,,,,,118.777222364186,93.9688115623298,79.4599380514131,70.8568712780912,66.1997025980383,63.5410849742909,62.4058962078369,60.0131035693043,59.1109880593189,58.8552028273505,53.9168488510764,50.6794141366616,52.3559606653152,54.5646270551807,56.5284613528478,58.9417162879896,59.5189162434169,60.2469148331934,63.905006954368,67.7221074359006,69.3822366488309,71.4181269597651,74.2239235896487,69.771462830997,70.9973507623929,74.6182979849717,70.5936759106238,71.1924116992475,71.4162773795273,75.4592331258814,78.7171740331012,93.5449891434444,112.092491778575,126.466481756962,142.833087885761,187.576503506163,233.5007919287,285.922893720229,362.171835581167,459.415813209272,606.893685259897,626.796846792948,668.629205467146,707.292372277016,709.712897628977,674.837041348511,1058.03587856981,1927.27074447598,,,
Solomon Islands,SLB,"Water productivity, total (constant 2015 US$ GDP per cubic meter of total freshwater withdrawal)",ER.GDP.FWTL.M3.KD,,,,,,,,,,,,,,,,,,,,,,,,,,,,,,,,,,,,,,,,,,,,,,,,,,,,,,,,,,,,,,,,,,
Sierra Leone,SLE,"Water productivity, total (constant 2015 US$ GDP per cubic meter of total freshwater withdrawal)",ER.GDP.FWTL.M3.KD,,,,,,,,,,,,,,,,,,,,,,,,,,,,11.6349933632608,12.4537300490238,14.7918975437758,18.6236846289154,24.3829261343867,27.3943676108408,26.140055598351,24.2093044721873,21.1021248301505,20.4001284642971,18.2880874905612,17.7695069862742,16.6614350496236,17.0303383251393,15.5656935345107,19.2313598510632,20.5715693084278,21.4125397531338,21.854034991055,22.7900674852331,23.644639874795,24.5161954162695,24.8914901299253,26.4735100945531,28.618037863248,31.645348823976,36.2856087920557,33.4498829769134,31.9903533213162,34.0497120113445,35.141979401742,36.1589378260923,38.1486590873085,37.6705232378112,39.8918985062383,42.0115763200051,,,
El Salvador,SLV,"Water productivity, total (constant 2015 US$ GDP per cubic meter of total freshwater withdrawal)",ER.GDP.FWTL.M3.KD,,,,,,,,,,,,,,,,,,,,,,,,,,,,,,,,,18.8952814334128,17.9980103961748,17.1317224571832,16.4492735399894,15.3085355432463,14.6622653665078,14.0486794711815,13.456178585981,12.8081458323678,11.6624991414546,10.7946867998875,10.0700145899416,9.39426154855886,8.96969420740936,9.40559332082603,9.62760191982064,9.88478763613347,9.72555481297577,9.98585090126904,10.4159222954021,10.7720532337987,11.0643479000169,11.3144356594152,11.6467639664011,12.0054650855733,12.3403831793046,12.7054495574033,13.0848842394147,12.1170113074819,13.6329598051935,14.1122022070243,,,
San Marino,SMR,"Water productivity, total (constant 2015 US$ GDP per cubic meter of total freshwater withdrawal)",ER.GDP.FWTL.M3.KD,,,,,,,,,,,,,,,,,,,,,,,,,,,,,,,,,,,,,,,,,,,,,,,,,,,,,,,,,,,,,,,,,,
"Somalia, Fed. Rep.",SOM,"Water productivity, total (constant 2015 US$ GDP per cubic meter of total freshwater withdrawal)",ER.GDP.FWTL.M3.KD,,,,,,,,,,,,,,,,,,,,,,,,,,,,2.06484139561766,1.72832609616855,1.50689591894701,1.32916282823681,1.2024387273656,0.981363045648019,0.920924323175921,0.68929356267913,0.658267712507721,0.657538496398664,0.618600263763977,0.616097685520642,0.620487524077126,0.626069619803849,0.670035243918276,0.720569841836529,0.774916320071052,0.830015306077497,0.88903200317168,0.946697914829428,1.01007320492014,1.07769105996536,1.14983549218988,1.22680952660205,1.3089364737703,1.39656128780615,1.54961460969891,1.68873910087377,1.86541816252256,1.99664795372113,2.29086991512347,2.33793160108339,2.40340147415141,2.33695807137234,2.41751765496162,2.4832309104574,,,
Serbia,SRB,"Water productivity, total (constant 2015 US$ GDP per cubic meter of total freshwater withdrawal)",ER.GDP.FWTL.M3.KD,,,,,,,,,,,,,,,,,,,,,,,,,,,,,,,,,,,,,,,,,,,,,,,9.6005294283264,10.1297220883893,8.9875270035244,8.81215992808732,9.38977114766144,8.74019330516745,9.3871464365828,8.81678711654074,10.3606477814149,8.80729593409226,9.03580027192632,8.09580683452978,8.19704348754065,8.49395330987955,9.27141770579109,10.5615532328693,10.2931162994073,,,
Sub-Saharan Africa (excluding high income),SSA,"Water productivity, total (constant 2015 US$ GDP per cubic meter of total freshwater withdrawal)",ER.GDP.FWTL.M3.KD,,,,,,,,,,,34.2766621315934,33.5241871552017,30.539050380628,29.4800489974759,17.8034163279027,15.4373438099761,14.8237799145352,14.6194668203078,15.0797801476112,14.2780028634774,6.84445697602481,6.20039128007585,6.75509806611349,6.26496224956138,1.37582037322319,1.9797679738534,2.0820187176624,8.85290049865225,9.00051517048275,8.90285082519885,10.4242919606176,10.3253870757616,9.94500685641251,9.65288684511738,9.52537648814426,9.83833953810687,10.0651827491238,10.1629213796556,10.1654931157878,10.1441005464004,10.2263477139672,10.3223724568937,10.6974591256502,10.9996582021927,11.607439117016,12.1611227173618,12.7842212313354,13.4682481461967,14.0166429554993,14.3847900314732,15.1259153687304,15.7943502594777,12.9805984391861,13.7302181570436,14.0618862435765,14.1097407541357,14.0712062837295,14.3695727047456,14.4866922806502,14.6897771319939,14.0105243715551,14.4507708108775,15.0029282175363,,,
South Sudan,SSD,"Water productivity, total (constant 2015 US$ GDP per cubic meter of total freshwater withdrawal)",ER.GDP.FWTL.M3.KD,,,,,,,,,,,,,,,,,,,,,,,,,,,,,,,,,,,,,,,,,,,,,,,,,,,,,17.4780103881938,19.7728261609063,20.4398918095747,18.2337397571796,,,,,,,,,,
Sub-Saharan Africa,SSF,"Water productivity, total (constant 2015 US$ GDP per cubic meter of total freshwater withdrawal)",ER.GDP.FWTL.M3.KD,,,,,,,,,,,34.2766621315934,33.5241871552017,30.539050380628,29.4800489974759,17.8034163279027,15.4373438099761,14.8237799145352,14.6194668203078,15.0797801476112,14.2780028634774,6.8444569760248,6.20039128007585,6.75509806611349,6.26496224956138,1.37582037322319,1.9797679738534,2.0820187176624,8.85290049865225,9.00051517048275,8.91537407042934,10.433308595252,10.3345829251691,9.95463685383507,9.6632403113227,9.53489556481947,9.84755627107787,10.0752084988602,10.1741016826785,10.1767159639319,10.155310153952,10.2377509875303,10.3331299657024,10.2120228344175,10.399596733861,10.8985711731262,11.3427552473575,11.9120384395694,12.538235604015,13.0424518426108,13.3754018769628,14.0619274430242,14.6764278066502,12.3414576327469,13.0407584279717,13.3753406122432,13.454766338546,13.4444696870361,13.7712181858435,13.9288340590242,14.1720549182096,13.590280741746,14.0362035443411,14.585472730698,,,
Small states,SST,"Water productivity, total (constant 2015 US$ GDP per cubic meter of total freshwater withdrawal)",ER.GDP.FWTL.M3.KD,,,,,,,,,,,85.296509662348,85.5775830829142,83.778748547839,82.1631973402172,13.2689062275695,14.9836196494593,16.5480835030558,17.4843639512623,17.9217172168799,18.7256313995503,15.6728686301488,15.6849856062771,15.5644250585105,15.2663747831837,15.6148459189651,15.8236393239917,16.2417765735594,15.7301072777032,15.9742015703535,16.4319831182716,16.9706383971672,20.7535944539534,10.0503667988805,10.6451372214566,11.580693670359,12.7974814056047,13.0930256712799,14.7196238948302,15.062100234132,15.5121315289621,16.2822750158872,16.7566458069409,17.2495910201444,17.8872146989172,15.9595469541129,16.7027958843223,17.7687681347018,18.6590667854509,18.5520596158204,18.0583572611085,17.1054446235508,17.1932428476266,17.5989693243556,17.4891299549344,17.5989732923314,17.8307354212639,17.6235868048069,17.7669066403128,18.4154759610989,19.820964418409,18.3503009266763,18.0519124094881,20.6310872206258,,,
Sao Tome and Principe,STP,"Water productivity, total (constant 2015 US$ GDP per cubic meter of total freshwater withdrawal)",ER.GDP.FWTL.M3.KD,,,,,,,,,,,,,,,,,,,,,,,,,,,,,,,,,,17.51252333451,14.784739219634,12.8460517796256,11.3561642043926,10.1584195202884,9.34436172786684,8.68693616158819,7.98321045878173,7.58249533407587,7.26726677386803,7.33625889884621,7.11351237668438,7.13124583570715,7.32611089876719,7.18791916582503,7.24901013785223,7.12750179655166,6.89828137139576,6.72691394840087,6.63330010397122,6.69116180013092,6.74683670546749,6.59460937747609,6.68604813580352,6.96104393587545,7.26580735527759,7.41216372777197,7.60672261119781,7.75119701109599,7.76427316358245,,,
Suriname,SUR,"Water productivity, total (constant 2015 US$ GDP per cubic meter of total freshwater withdrawal)",ER.GDP.FWTL.M3.KD,,,,,,,,,,,,,,,,,,,,,,,,,,,,5.41259712029806,5.6368307897801,5.68085091679069,5.25285336548094,5.22856850401543,5.09267034995563,4.61364289650904,4.63603604660731,4.50893845380095,4.43250999650804,4.5633951080309,4.55009583092356,4.37555413507135,4.35972975303692,4.60480860880932,4.79921071150737,5.17310474378993,5.69265184110891,6.03465428429425,6.47773926086519,6.80884811145782,7.0909663879033,7.30466676979645,7.68223222308233,8.13159423120654,8.35036255600754,8.59531556930689,8.61727686116596,8.32316552398233,7.91435988983732,8.03830175934642,8.43605872100419,8.53455727981913,7.1711453923533,6.99650033317975,7.16485168833519,,,
Slovak Republic,SVK,"Water productivity, total (constant 2015 US$ GDP per cubic meter of total freshwater withdrawal)",ER.GDP.FWTL.M3.KD,,,,,,,,,,,,,,,,,,,,,,,,,,,,,,,,,,23.5331245720119,26.5650779206633,30.0040725544796,32.7377676875923,35.5354504891166,38.2428182031529,39.5049076183986,41.3857927672036,44.0457877836353,47.6114389238336,52.947560891518,59.3988304285346,67.6098023052663,83.7573917141774,107.593699700123,117.497875947843,117.322231924247,131.003961745911,136.082543221781,123.218161833043,129.516170243356,151.598638587143,155.471667917246,163.723365589226,168.127207411278,174.893858491441,178.201806595611,174.720394337144,180.92735624674,182.767838385131,,,
Slovenia,SVN,"Water productivity, total (constant 2015 US$ GDP per cubic meter of total freshwater withdrawal)",ER.GDP.FWTL.M3.KD,,,,,,,,,,,,,,,,,,,,,,,,,,,,,,,,,,,,,,,,,,,37.9290272329405,38.7900128337777,40.1931243286585,41.3746316591512,43.5412247771655,46.3554920973979,43.0991935215506,43.938496442039,45.2528113964678,49.5777773915947,44.1022741978503,35.1244065583091,42.5494152110882,47.6136770064812,49.5947827449634,49.6912923779558,50.2697374645301,52.9688327994421,47.8165228015845,55.8503741091936,64.5516724042521,,,
Sweden,SWE,"Water productivity, total (constant 2015 US$ GDP per cubic meter of total freshwater withdrawal)",ER.GDP.FWTL.M3.KD,,,,,,,,,,,48.6226111351345,48.9329494133116,49.901436041785,51.7249950633685,53.2187068801815,54.4136414476621,55.0666346268547,54.2638494036004,55.2920809776622,57.4962873679469,58.5563058682624,62.2681630046144,66.968341929575,72.7687914905683,81.2363959745281,89.3401085714807,91.7213776669979,94.7736419471404,97.1744094991581,99.7290374008665,100.650942325739,99.413769826216,98.1793404547667,98.9013642668968,105.901921215359,113.582180694089,115.815947534747,119.673907851266,125.108866662981,130.735606195726,137.180281226184,139.670568633864,142.851885231228,146.359368807136,153.340961567124,158.522640395099,165.966818410083,171.351599619248,168.509744733964,160.149937107859,168.121128589682,177.587745347333,181.184467872455,187.847771845524,197.110558291525,211.200990278568,213.757989083687,215.837378966191,217.713576654133,221.431672264518,215.260614986156,226.509842622872,229.353529193821,,,
Eswatini,SWZ,"Water productivity, total (constant 2015 US$ GDP per cubic meter of total freshwater withdrawal)",ER.GDP.FWTL.M3.KD,,,,,,,,,,,,,,,,,,,,,1.11128442427742,1.23772725814855,1.21758102745392,1.19903389685801,1.23953174778149,1.25366122682631,1.37234469549508,1.53455767507705,1.59655789658901,1.76089433446612,2.0827098473603,2.0724117310856,2.09289702938098,2.11211844611634,2.11788664653544,2.17490030721307,2.21340894435516,2.23745356860995,2.25167931263493,2.27449229435191,2.27176852144277,2.29241069962969,2.37434918049269,2.46990867066563,2.54672648805658,2.68619072118263,2.86693937669474,2.99072583308419,3.03380884135813,3.07728669997272,3.1949755257086,3.2537546489264,3.38684889395168,3.52552630822754,3.59805984458161,3.65938006949274,3.76730134320722,3.89994627019497,3.9024966656336,4.15350013448342,4.03089568314014,4.20165325742774,4.21787461526613,,,
Sint Maarten (Dutch part),SXM,"Water productivity, total (constant 2015 US$ GDP per cubic meter of total freshwater withdrawal)",ER.GDP.FWTL.M3.KD,,,,,,,,,,,,,,,,,,,,,,,,,,,,,,,,,,,,,,,,,,,,,,,,,,,,,,,,,,,,,,,,,,
Seychelles,SYC,"Water productivity, total (constant 2015 US$ GDP per cubic meter of total freshwater withdrawal)",ER.GDP.FWTL.M3.KD,,,,,,,,,,,,,,,,,,,,,,,,,,,,,,47.7246892740937,51.4696731949232,53.0842488679632,57.101232001001,61.4977113081389,60.2215662039198,60.7386860574068,67.0606814029231,75.5196992126826,77.6741025581838,79.4268575436712,83.1187949223519,81.5399939174141,82.8440277594818,78.2657135663167,76.0347854214527,82.8822970340701,90.6783124443614,98.7269797178382,96.0357353050799,93.6546483831502,97.8739139573315,107.181511132597,110.515583348861,111.901155856239,116.448473964696,126.828701268766,142.197203699985,152.085827872001,159.598065854592,168.398769349845,148.628988191817,149.44983879225,168.445614058517,,,
Syrian Arab Republic,SYR,"Water productivity, total (constant 2015 US$ GDP per cubic meter of total freshwater withdrawal)",ER.GDP.FWTL.M3.KD,,,,,,,,,,,,,,,,2.21268632464458,2.14712699102865,1.8567817682311,1.82368592052894,1.66257212084872,1.73644049737193,1.71992820874773,1.63573646338028,1.55727459715916,1.34518919856686,1.381154298961,1.19815040751379,1.15201059031459,1.28933938448688,1.05873989594038,1.04695231647699,1.07684212886331,1.16449806171607,1.18541593661283,1.20656634907113,1.28723119635934,1.36592392623803,1.38850698041446,1.43401634003031,1.40366685281923,1.37808438627521,1.34936444068456,1.33370347876486,1.61924007105759,1.77215105289182,1.87767385491019,1.97242494953012,2.08435201352086,2.17766163183408,2.31376710260045,2.44168866696209,2.51934340863958,1.86175330979892,1.37211055728081,1.23064129489716,1.17920305326408,1.10366813168592,1.09568550120569,1.11095032950198,1.12451175817365,1.11667217380089,1.13737768680554,1.145712177826,,,
Turks and Caicos Islands,TCA,"Water productivity, total (constant 2015 US$ GDP per cubic meter of total freshwater withdrawal)",ER.GDP.FWTL.M3.KD,,,,,,,,,,,,,,,,,,,,,,,,,,,,,,,,,,,,,,,,,,,,,,,,,,,,,,,,,,,,,,,,,,
Chad,TCD,"Water productivity, total (constant 2015 US$ GDP per cubic meter of total freshwater withdrawal)",ER.GDP.FWTL.M3.KD,,,,,,,,,,,,,,,,,,,,,,,,,,,,17.1639543278079,15.8030380257349,13.7811722917894,11.3005590522684,10.7189485106387,10.280646566879,7.79315069978718,7.79805017944543,7.23289710372205,6.82141362915066,6.68978109840357,6.6756905143113,6.213975311747,5.79556105043004,6.147575713533,6.35190650729034,7.23593740831719,9.60203578612172,11.18843650716,11.1277023652996,11.595085247104,11.9523518934924,11.7840289982895,13.3953567694553,13.9975356119934,15.2659648431717,15.6992457850576,16.0230946536058,16.552523305481,15.8701449815592,15.6134502701066,16.5098365316725,17.3985316494575,17.330042924108,17.3808966609904,18.0986753725516,,,
East Asia & Pacific (IDA & IBRD countries),TEA,"Water productivity, total (constant 2015 US$ GDP per cubic meter of total freshwater withdrawal)",ER.GDP.FWTL.M3.KD,,,,,,,,,,,,,,,,,,,,,0.965515308209519,0.996061928763162,1.06652258008092,1.15981858169743,1.26861802713825,1.41825203124077,1.52620101141828,1.61468587318882,1.77150044905968,1.83088133915525,2.16454454603061,2.30499997742573,2.5377562093228,2.79357081280459,3.08290780987253,3.35702801231115,3.63933335786364,3.89299163431851,3.99489196913628,4.2081974826775,4.50381440396747,4.7767027930884,5.11870495314418,5.52869969229891,5.97065312194421,6.50527213288732,6.67800114271561,7.34009867159711,7.85145098810352,8.36966597843967,9.08636835106067,9.71467203945606,10.340666694844,10.979234642007,11.7735125543705,12.4711059127793,13.0432387468968,13.9547349098081,14.9070044110354,15.8911946183479,16.4320715815198,17.6757719518082,18.2683202269927,,,
Europe & Central Asia (IDA & IBRD countries),TEC,"Water productivity, total (constant 2015 US$ GDP per cubic meter of total freshwater withdrawal)",ER.GDP.FWTL.M3.KD,,,,,,,,,,,,,,,,,,,,,,,,,,,,,,,8.00373482077781,7.45147661762518,7.83367180381148,7.05890592768385,4.95479461868735,5.06895680799451,5.20960630540568,5.48058290333525,5.54515552673047,5.75751640327751,6.10033613373018,6.56211630813373,7.05323827132679,7.55323436507728,8.15884704399957,8.58822394899744,9.58299935267391,10.2040221713862,10.7395775505516,10.0513460422439,10.3556538542981,11.142343692896,11.3804136768042,11.8779698263745,11.8340835147543,12.1468295555681,12.1020026129769,12.3644370020906,12.8329442961989,13.1757795697762,13.2520547656371,14.7125214108206,14.8051033540488,,,
Togo,TGO,"Water productivity, total (constant 2015 US$ GDP per cubic meter of total freshwater withdrawal)",ER.GDP.FWTL.M3.KD,,,,,,,,,,,,,,,,,,,,,,,,,,,,27.9299685958769,27.9280330907275,27.3562190982189,25.7766823721498,24.2517812616996,22.1242899960652,17.8915694000338,19.6386784816696,20.2601729090218,21.1330952512994,23.2060935772731,21.8016445405059,21.5163666511843,20.5864062253197,20.7967808691385,21.635184083656,20.8666247944946,18.8481499486532,16.5182554392562,16.9560110289185,16.7567546866072,17.4329924829215,18.3837549392155,19.4600013534016,20.5932070928889,21.8911380947055,23.1661328568548,24.4711361151007,25.8092279642093,26.8970621135597,27.9750728538741,29.3165288841594,30.7597327051454,31.424846275702,33.0365955736425,35.1160632426051,,,
Thailand,THA,"Water productivity, total (constant 2015 US$ GDP per cubic meter of total freshwater withdrawal)",ER.GDP.FWTL.M3.KD,,,,,,,,,,,,,,,,,,,,,,,,,,,,,,,,,,,,,,,,,,,,,,,,5.57440030741275,5.67059766933766,5.6314354879528,6.05454722875504,6.10541342250743,6.5476160740195,6.72358296550451,6.78977454631952,7.00256928870965,7.24311858801356,7.54571297939752,7.86435865078156,8.0306550597593,7.54479733937002,7.66190512479836,7.85961129626149,,,
Tajikistan,TJK,"Water productivity, total (constant 2015 US$ GDP per cubic meter of total freshwater withdrawal)",ER.GDP.FWTL.M3.KD,,,,,,,,,,,,,,,,,,,,,,,,,,,,,,,,,,,0.267020415617559,0.231226861819281,0.190462401705858,0.191525995957394,0.199499646689891,0.20464621954429,0.219313356836763,0.244006621550796,0.274565026266099,0.3095830161648,0.346952502969759,0.376238983962846,0.409253674694543,0.44459531711959,0.4834660180727,0.506276354712676,0.543463413437868,0.588348993211967,0.63757560080853,0.690323130231764,0.74261207855045,0.793818641919695,1.01064810350269,1.18552249284524,1.0425281406615,1.03223030059522,1.07764844533629,1.17894739435253,1.27326318989104,,,
Turkmenistan,TKM,"Water productivity, total (constant 2015 US$ GDP per cubic meter of total freshwater withdrawal)",ER.GDP.FWTL.M3.KD,,,,,,,,,,,,,,,,,,,,,,,,,,,,,,,,,,,0.377720539015974,0.347762956462565,0.368162539679172,0.323662023865404,0.343974122954268,0.397669218494015,0.416238917473334,0.424277458716783,0.415755614041532,0.419857498298529,0.420680312583216,0.475511931216629,0.527691321553102,0.585519293783974,0.670982685605919,0.711268767971034,0.7760036676174,0.889272664184265,0.987090804821587,1.08679381834138,1.19765431295554,1.27435448929531,1.35214816857035,1.40318374746421,1.59973828060861,1.6496990336706,1.84442436040868,1.95877867107625,2.08022294743361,,,
Latin America & the Caribbean (IDA & IBRD countries),TLA,"Water productivity, total (constant 2015 US$ GDP per cubic meter of total freshwater withdrawal)",ER.GDP.FWTL.M3.KD,,,74.2196463363108,67.0956763536007,67.2512892469662,29.2612333090846,26.7694854861411,23.5927228129615,21.9685282395396,21.3384465431676,14.777942643855,14.2591759680724,13.7174022457669,13.8187989276976,13.5151896385987,13.4337908621312,10.0431399286923,10.5945648742231,10.2422522711195,10.9652720617175,10.348203883149,10.6563354419771,10.5171788103416,10.1396120244259,10.3385431179429,10.2155183434601,10.1075765326221,14.5339902500106,14.2731766087289,14.1004338433172,13.7278684161807,13.8858832339685,12.7015260823223,12.9510033561378,13.2594118682244,12.963583387827,13.1605090986681,13.7242372871517,13.8690144089872,13.7254690800695,13.7443323948453,13.4574158323261,12.9663340317376,12.8146598336417,13.2368337255692,13.4581531318054,13.8583349850463,14.1079026058609,14.0783088305957,13.2922344116604,13.784512899818,14.3535911947701,14.62833453853,15.0437155981729,15.0473413817347,14.9661578216729,14.5844361953715,14.6705965120866,14.6457302069628,14.5561876936813,13.6178723509639,15.1159897310667,15.6183624222569,,,
Timor-Leste,TLS,"Water productivity, total (constant 2015 US$ GDP per cubic meter of total freshwater withdrawal)",ER.GDP.FWTL.M3.KD,,,,,,,,,,,,,,,,,,,,,,,,,,,,,,,,,,,,,,,,,,,,,0.757425587989309,0.780031640227718,0.747924814098925,0.824702126643643,0.918675354100382,1.0118928959366,1.10631766192115,1.17223820845522,1.2292162689853,1.26737568773481,1.32405905560202,1.35689622138606,1.39773789641196,1.35325607378665,1.34694310210979,1.67307680458847,2.20387285149091,2.32221645200488,1.84564007861392,,,
"Middle East, North Africa, Afghanistan & Pakistan (IDA & IBRD)",TMN,"Water productivity, total (constant 2015 US$ GDP per cubic meter of total freshwater withdrawal)",ER.GDP.FWTL.M3.KD,,,,,,,,,,,19.4780590725405,16.4484382085781,20.0065595700458,19.8664256112724,20.4655896174328,1.49253462351127,1.71805808305689,1.72992966192013,1.68151121924675,1.65657901314449,1.58641668275982,1.54809732169756,1.70065830983772,1.76418104366679,1.75005123655757,1.80894902909982,1.75912196765985,1.75991304758969,1.80823070408398,1.84192490580994,2.05620977578395,2.04982245894069,2.10963574271314,2.10568320280482,2.0800304151921,2.07344597955848,2.15611182377472,2.18670648033337,2.26066081764605,2.3156096175559,2.36990595462561,2.41596758944488,2.47039601167968,2.53752876174762,2.72140843807345,2.84927332262726,2.9963947975879,3.16295143891147,3.26313346522564,3.35981542741363,3.5072955831483,3.56422099825221,3.62947634169178,3.71281497758548,3.82049673973374,3.88243767104168,4.03872099217713,3.98703294242506,4.21197407019039,4.15326665572118,4.04059136890386,4.29792353860439,4.53043458115674,,,
Tonga,TON,"Water productivity, total (constant 2015 US$ GDP per cubic meter of total freshwater withdrawal)",ER.GDP.FWTL.M3.KD,,,,,,,,,,,,,,,,,,,,,,,,,,,,,,,,,,,,,,,,,,,,,,,,,,,,,,,,,,,,,,,,,,
South Asia (IDA & IBRD),TSA,"Water productivity, total (constant 2015 US$ GDP per cubic meter of total freshwater withdrawal)",ER.GDP.FWTL.M3.KD,,,,,,,,,,,,,,,,0.611566834177345,0.603212840629959,0.628255335908874,0.64546900670193,0.594928877205736,0.618096838579577,0.638229684053406,0.643719787420916,0.673613116119545,0.682523486924355,0.701506801810269,0.734039354958458,0.763617597947254,0.836015572618746,0.884620086574275,0.959211274473448,0.949762170271019,0.979991873484276,1.00609558206886,1.05064472929329,1.10665163506243,1.16488770388582,1.19002981196069,1.23894975305153,1.32089033472342,1.34871478877142,1.37699231662173,1.39637068511529,1.47100730492539,1.65961041972601,1.77809704528683,1.90965055828479,2.04263973515869,2.17586790752281,2.32432520036523,2.50158390253957,2.63793382483485,2.78684938767783,2.96056109879696,3.17506795715832,3.4192224073025,3.69170445808211,3.94215410601322,4.19420228558227,4.36593570440201,4.14818458532998,4.53175060449176,4.85355719047311,,,
Sub-Saharan Africa (IDA & IBRD countries),TSS,"Water productivity, total (constant 2015 US$ GDP per cubic meter of total freshwater withdrawal)",ER.GDP.FWTL.M3.KD,,,,,,,,,,,34.2766621315934,33.5241871552017,30.539050380628,29.4800489974759,17.8034163279027,15.4373438099761,14.8237799145352,14.6194668203078,15.0797801476112,14.2780028634774,6.8444569760248,6.20039128007585,6.75509806611349,6.26496224956138,1.37582037322319,1.9797679738534,2.0820187176624,8.85290049865225,9.00051517048275,8.91537407042934,10.433308595252,10.3345829251691,9.95463685383507,9.6632403113227,9.53489556481947,9.84755627107787,10.0752084988602,10.1741016826785,10.1767159639319,10.155310153952,10.2377509875303,10.3331299657024,10.2120228344175,10.399596733861,10.8985711731262,11.3427552473575,11.9120384395694,12.538235604015,13.0424518426108,13.3754018769628,14.0619274430242,14.6764278066502,12.3414576327469,13.0407584279717,13.3753406122432,13.454766338546,13.4444696870361,13.7712181858435,13.9288340590242,14.1720549182096,13.590280741746,14.0362035443411,14.585472730698,,,
Trinidad and Tobago,TTO,"Water productivity, total (constant 2015 US$ GDP per cubic meter of total freshwater withdrawal)",ER.GDP.FWTL.M3.KD,,,,,,,,,,,,,,,,,,,,,,,,,,,,,,,,,,,,,,35.6706156597615,37.8465964477324,40.132340467711,42.1277773174031,43.0341646434134,45.5673454860795,51.1756348791633,54.2331632622155,63.1554631421975,70.4633079043427,72.7612369179267,74.1719505622536,69.9318034073315,71.2681773462712,70.1002423294127,74.8044917159203,77.3240513074116,80.1625155577622,79.8368286532251,73.8200353952828,70.2229700124053,69.5590471524295,69.8843988339046,63.7424000622639,63.2855323850877,63.8305858843743,,,
Tunisia,TUN,"Water productivity, total (constant 2015 US$ GDP per cubic meter of total freshwater withdrawal)",ER.GDP.FWTL.M3.KD,,,,,,,,,,,,,,,,8.52711609790813,7.96334901396423,7.25994528626075,6.9094280851917,6.65830875487928,6.52738868867017,6.60903835561417,6.32101259952268,6.36959430183681,6.49304176156578,6.62120403359419,6.11340560089711,6.1357011686406,5.79592612467586,5.58412915106228,5.7391351223311,6.04921699098207,6.61682268046245,6.86212539345853,7.18695190914912,7.46853815338369,8.12893056918409,8.70909595875442,9.27491273007468,9.99996190981706,10.7585060067261,10.3360673250066,10.4171404149588,10.8493683126184,11.4653345407046,11.8030444302269,12.3573996394412,13.1182922846125,13.6038279455511,13.5482671896739,13.4986118879272,12.8072198174036,12.9378486080214,12.8578316448481,12.872096159991,12.6316136090529,12.4237673597208,13.4241956717788,12.8461482196456,13.0030408321263,11.6185180393047,12.168775292321,12.5036949869856,,,
Turkiye,TUR,"Water productivity, total (constant 2015 US$ GDP per cubic meter of total freshwater withdrawal)",ER.GDP.FWTL.M3.KD,,,,,,,,,,,,,,,,,,,,,,,,,,,,,,,,,9.72966357079684,10.2551036178411,9.57615318105497,10.1232567257406,10.6344296887204,11.1966055194494,11.1943047178051,10.6509468482028,9.85479700388212,9.55820389624806,10.4439511176006,11.3515773657457,12.2508504719334,13.1278407168298,13.8085111149401,14.3422500111331,14.3050594821963,12.6508397708474,13.1963921972349,14.1119460014723,14.270638201469,15.2613999726067,15.7393126326296,16.1135738351081,15.001258919425,16.4011305874066,16.3298001811155,16.2126935921048,16.5670922066272,19.6981638652051,18.8145480844954,,,
Tuvalu,TUV,"Water productivity, total (constant 2015 US$ GDP per cubic meter of total freshwater withdrawal)",ER.GDP.FWTL.M3.KD,,,,,,,,,,,,,,,,,,,,,,,,,,,,,,,,,,,,,,,,,,,,,,,,,,,,,,,,,,,,,,,,,,
Tanzania,TZA,"Water productivity, total (constant 2015 US$ GDP per cubic meter of total freshwater withdrawal)",ER.GDP.FWTL.M3.KD,,,,,,,,,,,,,,,,,,,,,,,,,,,,,,,,,,,9.76857296787187,7.7155327746612,6.51867230590324,5.662189136335,5.05799895163248,4.65816179848478,4.34025002935435,4.15294104395533,4.0508579512518,4.32116318867234,4.64541526544589,4.99272134163169,5.31885695297687,5.67886565823298,6.00178963242567,6.31803024496582,6.7183737115421,7.23381778538643,7.55935069398674,8.07199453215302,8.61543848604348,9.14620366842671,9.77428410190113,10.4318265809069,11.0058561978946,11.6441958573689,11.8761441175567,12.3893579442812,12.955056742178,,,
Uganda,UGA,"Water productivity, total (constant 2015 US$ GDP per cubic meter of total freshwater withdrawal)",ER.GDP.FWTL.M3.KD,,,,,,,,,,,,,,,,,,,,,,,19.7883396544126,20.5722018711483,20.1612851082396,19.1766363702307,18.9424116442288,19.3817692433047,20.657709149284,21.6354444991162,22.6886807922137,23.5929603214511,24.0421931211988,25.6681808290326,26.923352500806,29.6046550162933,31.8437831645619,33.0112067700568,34.1643807713877,36.4256864232228,37.0777234714709,37.1968557626747,38.6580814712961,36.5229631326618,35.0590616674779,33.8513774182988,34.3442118846814,34.3415862245292,34.6417852647657,36.9979522994149,39.0837531638825,42.7543646146585,44.3950443763957,45.9874528096902,48.3357134812753,50.8433025590269,53.2741210031135,54.9423497674639,58.4058736211908,62.1664789078179,64.0012021922681,66.2646561268173,69.3048930763328,,,
Ukraine,UKR,"Water productivity, total (constant 2015 US$ GDP per cubic meter of total freshwater withdrawal)",ER.GDP.FWTL.M3.KD,,,,,,,,,,,,,,,,,,,,,,,,,,,,,,,,,5.10931134302885,4.55240314099661,3.65060804868696,3.33909160166566,3.13615530104415,3.1806926456317,3.26923288739985,3.42627836285214,3.82037028716184,4.30683074166617,4.70752002146086,5.3571040638064,6.23270047142303,6.69795561290485,7.22636257313143,7.84490483661709,8.04624373561231,6.85005858851673,7.15120219191892,8.07790854327599,8.71090504013911,9.43903978997513,9.25690758955392,9.99351935328486,10.0003235685887,8.91674569229521,9.22779409099902,9.6210002630069,10.3730142307206,12.1307415302271,14.8757257729379,,,
Upper middle income,UMC,"Water productivity, total (constant 2015 US$ GDP per cubic meter of total freshwater withdrawal)",ER.GDP.FWTL.M3.KD,,,,,,,,,,,19.4780590725405,16.4484382085781,20.0065595700458,19.8664256112724,18.4377643696214,3.72694510963531,5.41719045097415,5.49617019695503,5.15012466889477,5.20792618836429,2.56325543306075,2.58405279732974,2.6626402722849,2.6991755732206,2.79751310088273,2.91187545386471,2.93350236016957,4.22658623146504,4.30516283031949,4.37300941769241,4.53466445904916,4.63814708702602,4.91990069761324,5.04223838647688,5.13534204106253,5.28871927303409,5.58254062727603,5.89927279167998,6.05739151715761,6.20712460168803,6.5995253970348,6.80885056769644,7.05651442450062,7.39705801206723,7.90031854546002,8.42896244517197,9.0260878057908,9.58663203898779,10.0432915889343,10.1789498581814,10.9033409872149,11.5222354952176,12.0512959762723,12.6548078503477,13.2787453079806,13.8336721264137,14.1038114507605,14.8105572018846,15.6001689813781,15.9516984595016,16.285954638804,17.7618478815882,18.3009010529719,,,
Uruguay,URY,"Water productivity, total (constant 2015 US$ GDP per cubic meter of total freshwater withdrawal)",ER.GDP.FWTL.M3.KD,,,,,,27.009613885753,24.5842005991529,21.2071838365523,19.5612180311832,18.9167574667179,17.8166453966997,16.4610143683164,15.1280116197296,14.1946144245045,13.7235178066419,13.7309708566423,13.5023415854855,12.9984454393659,13.0307241785784,13.196598014702,13.3485401934488,12.9812607148967,11.237552403484,9.68845063580333,9.21711543812838,9.01292204077993,9.46354046031969,9.87421586079779,9.6925326571111,9.48900560972101,9.22490636862284,9.26673693390204,9.71231869275983,9.69003012920527,10.1112365624527,9.69954798178891,9.97499652863074,10.553913352477,10.7588572817282,10.3402715255961,9.90243244523814,9.43280828376873,8.62289921997583,8.61261532223155,8.96141382784517,9.54321596731213,9.84567792743403,10.3969309022062,11.0453113737397,11.4139245915524,12.1985551232252,12.7186476158277,13.0570877038052,13.5478342914552,13.8700963929912,13.8064952363769,13.9247471499228,14.0519406551704,13.9616156823531,13.9785276475832,12.8473294282739,13.3866460314785,13.7130134599165,,,
United States,USA,"Water productivity, total (constant 2015 US$ GDP per cubic meter of total freshwater withdrawal)",ER.GDP.FWTL.M3.KD,,,,,,,,,,,,,,,,,,,,,13.5783713568872,14.0656169552666,13.9550075300478,14.7473550910169,15.9817300998758,16.8259827979767,17.5966258120052,18.4032840791135,19.3836195850676,20.3197354179508,20.9366514590948,20.8758224675519,21.5718207597719,22.1251453707892,22.9748135171804,23.5488318036442,24.3930994243694,25.4319174335586,26.5242018319158,27.7443194811326,28.8237929951859,29.0379022524994,29.4695829684265,30.229874833745,31.3273205565615,32.3508870484542,34.1039528537393,35.7024015807686,36.7085443616458,36.7556970803019,38.8242855555803,38.9574314030997,39.3756606611145,39.7373490548534,40.2673483981898,40.9777864480407,41.7233573891728,42.7487599240624,44.0169040541499,45.1542239724,44.1775249497728,46.8524974697259,48.0296080528934,,,
Uzbekistan,UZB,"Water productivity, total (constant 2015 US$ GDP per cubic meter of total freshwater withdrawal)",ER.GDP.FWTL.M3.KD,,,,,,,,,,,,,,,,,,,,,,,,,,,,,,,,,,,0.488795408769952,0.484973137261171,0.493805773991078,0.520103825586057,0.543116654132481,0.567148532406496,0.589604223434552,0.610032054954002,0.648079782111329,0.690543813172776,0.758870804444753,0.830515882300057,0.889786679224468,0.971230858288513,1.05584065534595,1.13753253036535,1.22040857522062,1.30845711542569,1.39735490978536,1.49500942821154,1.59320024784185,1.56325404442066,1.67377700886303,1.61827487044192,1.79919979071632,2.02923898616713,2.18247732256295,2.7739205408664,2.9129767564397,,,
St. Vincent and the Grenadines,VCT,"Water productivity, total (constant 2015 US$ GDP per cubic meter of total freshwater withdrawal)",ER.GDP.FWTL.M3.KD,,,,,,,,,,,,,,,,,,,,,,,,,,,,,,,,,,,,50.5123833920342,51.4200386339826,53.4911885091647,55.9617173273028,57.77171116422,59.0197290080238,60.3610741888317,65.4934293118054,70.4988135227249,74.0599304393606,73.9134978934091,80.7859272050173,85.3049328835474,87.5748330594791,88.3533508689872,86.3895083582062,87.9348031310173,91.1594734461716,95.7689258879422,96.8661765092682,99.5639943741209,103.695582536183,105.300895645847,108.644842936925,109.371056010345,104.702088374782,106.893923195999,110.219214637447,,,
"Venezuela, RB",VEN,"Water productivity, total (constant 2015 US$ GDP per cubic meter of total freshwater withdrawal)",ER.GDP.FWTL.M3.KD,,,,,,,,,,,13.2551185492577,12.9299145527889,12.6072025162728,13.0178973262864,12.8241118770481,12.752399602655,13.2915168707394,13.6805079245785,13.5744102282837,13.273222729328,12.3215882786322,11.8228924879095,11.8056144944523,10.3604066664079,10.6203935251739,10.4432113659355,10.8064684621894,11.0542116398476,11.4986474048806,9.67197202828784,10.0746421473532,10.8132400644254,11.2232249216857,11.0184287865501,10.5388442473055,10.733945480348,10.5027032787704,10.9559355555548,10.7794037986225,9.94763328103338,10.1259940400718,8.58833583517602,6.63542600665818,5.31172679043439,5.54948440841063,5.48202340825346,5.496213322001,5.49641758104756,5.78651048302047,5.60120890404677,5.51781859594521,5.74826617106309,6.07166115266055,6.1532092714926,5.9135795218755,5.54567379885997,4.60067242772884,3.87968224071807,3.11711744341815,2.25498610256389,1.5785225199993,1.59360425183302,1.72110714328443,,,
British Virgin Islands,VGB,"Water productivity, total (constant 2015 US$ GDP per cubic meter of total freshwater withdrawal)",ER.GDP.FWTL.M3.KD,,,,,,,,,,,,,,,,,,,,,,,,,,,,,,,,,,,,,,,,,,,,,,,,,,,,,,,,,,,,,,,,,,
Virgin Islands (U.S.),VIR,"Water productivity, total (constant 2015 US$ GDP per cubic meter of total freshwater withdrawal)",ER.GDP.FWTL.M3.KD,,,,,,,,,,,,,,,,,,,,,,,,,,,,,,,,,,,,,,,,,,,,,,,,,,,,,,,,,,,,,,,,,,
Viet Nam,VNM,"Water productivity, total (constant 2015 US$ GDP per cubic meter of total freshwater withdrawal)",ER.GDP.FWTL.M3.KD,,,,,,,,,,,,,,,,,,,,,,,,,0.784768949936366,0.787967452524361,0.788189553797899,0.795076893857179,0.814595098237718,0.852845109903693,0.874606581288232,0.891614523006938,0.933328252967745,0.973135798887343,1.02310509733382,1.083828405969,1.14729741197399,1.20250924361527,1.23372967176122,1.25502836295175,1.30233419819031,1.34472716083328,1.39123749190659,1.45149303814212,1.52092454504931,1.59474674413639,1.70602745128521,1.82765875495791,1.93113661214331,2.03537738782697,2.16611466050676,2.30503125218377,2.43191272790414,2.5669692641444,2.73182627113386,2.92270318806945,3.11823229224944,3.33464354962238,3.58357491921577,3.8472996116098,3.95754064287539,4.05860548721959,4.40510894966729,,,
Vanuatu,VUT,"Water productivity, total (constant 2015 US$ GDP per cubic meter of total freshwater withdrawal)",ER.GDP.FWTL.M3.KD,,,,,,,,,,,,,,,,,,,,,,,,,,,,,,,,,,,,,,,,,,,,,,,,,,,,,,,,,,,,,,,,,,
World,WLD,"Water productivity, total (constant 2015 US$ GDP per cubic meter of total freshwater withdrawal)",ER.GDP.FWTL.M3.KD,,,74.2196463363108,67.0956763536007,67.2512892469662,29.2612333090846,26.7694854861411,23.5927228129615,21.9685282395396,21.3384465431676,23.9725586870204,24.0467443590109,24.7294855874698,25.817627625594,26.1876184302543,4.28481248223365,4.58648926962132,4.62484292416279,4.61852973129738,4.67232575365378,8.75555370500651,8.84669286773521,8.82082259150051,9.02016719359765,9.14286146202795,9.42089258203885,9.8506998105005,10.3787630611598,10.8088958424144,11.1599604842064,11.2253773231459,11.9881758646646,11.8369952288302,12.0214192339944,11.9488591298884,12.1868940124959,12.511126388093,12.9039748812022,13.157775151684,13.49572145549,13.83871814609,14.0402733994998,14.2073419020285,14.507139796436,15.2002881926431,15.679397850088,16.0260467839022,16.5605393772057,16.5933249911187,16.3764645762661,17.0705352503396,17.5912715776892,17.8124619796947,18.33354057882,18.8235458203418,19.4209723982156,19.7885644055318,20.3024762818568,21.0345726381981,21.6117662000179,21.1484408199881,22.6575420437175,23.3061933923877,,,
Samoa,WSM,"Water productivity, total (constant 2015 US$ GDP per cubic meter of total freshwater withdrawal)",ER.GDP.FWTL.M3.KD,,,,,,,,,,,,,,,,,,,,,,,,,,,,,,,,,,,,,,,,,,,,,,,,,,,,,,,,,,,,,,,,,,
Kosovo,XKX,"Water productivity, total (constant 2015 US$ GDP per cubic meter of total freshwater withdrawal)",ER.GDP.FWTL.M3.KD,,,,,,,,,,,,,,,,,,,,,,,,,,,,,,,,,,,,,,,,,,,,,,,,,,,,,,,,,,,,,,,,,,
"Yemen, Rep.",YEM,"Water productivity, total (constant 2015 US$ GDP per cubic meter of total freshwater withdrawal)",ER.GDP.FWTL.M3.KD,,,,,,,,,,,,,,,,,,,,,,,,,,,,,,,8.18549442797496,8.56349148015067,9.12254120921666,9.34263114927764,9.82055898639871,10.2234386847182,10.5409806071275,10.9326410192686,11.424794091214,11.6901717292361,12.2631898237835,12.5949054021825,12.9534425669798,13.2995689328613,13.6860674708481,14.3046147841718,14.7581296300901,15.2508191554512,15.8071033789097,16.4182422753503,17.6826580815076,15.4343263366431,15.8036682554213,16.565961209842,16.5347028575531,11.9058878187533,10.7896960965695,10.2424647559915,10.319533935508,,,,,,,
South Africa,ZAF,"Water productivity, total (constant 2015 US$ GDP per cubic meter of total freshwater withdrawal)",ER.GDP.FWTL.M3.KD,,,,,,,,,,,,,,,,,,,,,,,,,,,,,,,13.9312634784238,13.8743819800563,13.6620700845038,13.9168898215002,14.4523999435795,14.9945639368665,15.666080711639,16.1009389017906,16.2092163970348,16.6267747288664,17.4108199346659,17.5869271723643,17.9427083994025,18.177820226108,18.7079495797945,19.3913456174144,20.1668899352391,20.9299553792624,21.2793931633625,20.6476606282346,20.9705891511037,21.3295715195596,21.5365854121539,23.6186530756091,20.7725706064913,18.5803746226454,18.3305597884782,18.2175053512421,18.2561894535913,17.9741781968338,16.6079428202678,16.9313497447126,17.0997366612322,,,
Zambia,ZMB,"Water productivity, total (constant 2015 US$ GDP per cubic meter of total freshwater withdrawal)",ER.GDP.FWTL.M3.KD,,,,,,,,,,,,,,,,,,,,,,,,,,,,,,,,,3.84659720099212,4.15683897316833,3.8439350994725,3.9945391484937,4.28543425883026,4.49388708681719,4.52230086881259,4.78146128238393,5.01963887291415,5.34226167171092,5.64247265551001,6.03434091338862,6.45869960901339,6.92602521375957,7.47343708382498,8.09765115152235,8.72715411553815,9.53182813090766,10.5134370786999,11.0989569037262,11.9421869521688,12.5461674699693,13.1349946355354,13.5185857498577,14.0262222061761,14.5207675531914,15.1066070338748,15.3243394713839,14.8975481786891,15.826398694584,16.6511477189501,,,
Zimbabwe,ZWE,"Water productivity, total (constant 2015 US$ GDP per cubic meter of total freshwater withdrawal)",ER.GDP.FWTL.M3.KD,,,,,,,,,,,,,,,,,,,,,,,,,,,,11.3503927540871,10.4956255436258,9.68338014824354,9.2254569192405,8.77476694957954,7.26640313724148,6.73749041214997,6.79921487295383,6.32803182122164,6.52210540210712,6.28176530962662,6.08573512022756,5.70304552549975,5.23959185207424,5.05099064117042,4.38397861252618,3.75224403307242,3.6479376637506,3.55383292525026,3.54867660203427,3.54066406171211,2.932963877299,3.34275434649868,4.02532477176325,4.62543118418842,5.430248887134,5.57336743117214,5.74222203720229,5.88192419825073,5.91540465514397,6.31235978592773,5.86864735531986,4.89378182917412,3.89247288950515,4.22208814648142,4.48129325352612,,,
